[2026-07-21 09:42:26,306 INFO train.py line 137 10873] => Loading config ...
[2026-07-21 09:42:26,307 INFO train.py line 139 10873] Save path: exp/toronto3d/spunet-toronto3d
[2026-07-21 09:42:26,655 INFO train.py line 140 10873] Config:
weight = None
resume = False
evaluate = True
test_only = False
seed = 25694766
save_path = 'exp/toronto3d/spunet-toronto3d'
num_worker = 28
batch_size = 6
gradient_accumulation_steps = 1
batch_size_val = None
batch_size_test = None
epoch = 10000
eval_epoch = 100
clip_grad = None
sync_bn = False
enable_amp = True
amp_dtype = 'float16'
empty_cache = False
empty_cache_per_epoch = False
find_unused_parameters = False
enable_wandb = False
wandb_project = 'pointcept'
wandb_key = None
mix_prob = 0.8
param_dicts = None
hooks = [
    dict(type='CheckpointLoader'),
    dict(type='ModelHook'),
    dict(type='IterationTimer', warmup_iter=2),
    dict(type='InformationWriter'),
    dict(type='SemSegEvaluator'),
    dict(type='CheckpointSaver', save_freq=None),
    dict(type='PreciseEvaluator', test_last=False)
]
train = dict(type='DefaultTrainer')
test = dict(type='SemSegTester', verbose=True)
model = dict(
    type='DefaultSegmentor',
    backbone=dict(
        type='SpUNet-v1m1',
        in_channels=7,
        num_classes=8,
        channels=(32, 64, 128, 256, 256, 128, 96, 96),
        layers=(2, 3, 4, 6, 2, 2, 2, 2)),
    criteria=[
        dict(type='CrossEntropyLoss', loss_weight=1.0, ignore_index=-1),
        dict(
            type='LovaszLoss',
            mode='multiclass',
            loss_weight=1.0,
            ignore_index=-1)
    ])
optimizer = dict(type='AdamW', lr=0.006, weight_decay=0.05)
scheduler = dict(
    type='OneCycleLR',
    max_lr=0.006,
    pct_start=0.05,
    anneal_strategy='cos',
    div_factor=10.0,
    final_div_factor=1000.0)
dataset_type = 'Toronto3DDataset'
data_root = 'data/toronto3d'
grid_size = 0.05
data = dict(
    num_classes=8,
    ignore_index=-1,
    names=[
        'road', 'road_marking', 'natural', 'building', 'utility_line', 'pole',
        'car', 'fence'
    ],
    train=dict(
        type='Toronto3DDataset',
        split='train',
        data_root='data/toronto3d',
        transform=[
            dict(type='CenterShift', apply_z=True),
            dict(
                type='RandomDropout',
                dropout_ratio=0.2,
                dropout_application_ratio=0.2),
            dict(
                type='RandomRotate',
                angle=[-1, 1],
                axis='z',
                center=[0, 0, 0],
                p=0.5),
            dict(
                type='RandomRotate',
                angle=[-0.015625, 0.015625],
                axis='x',
                p=0.5),
            dict(
                type='RandomRotate',
                angle=[-0.015625, 0.015625],
                axis='y',
                p=0.5),
            dict(type='RandomScale', scale=[0.9, 1.1]),
            dict(type='RandomFlip', p=0.5),
            dict(type='RandomJitter', sigma=0.005, clip=0.02),
            dict(type='ChromaticAutoContrast', p=0.2, blend_factor=None),
            dict(type='ChromaticTranslation', p=0.95, ratio=0.05),
            dict(type='ChromaticJitter', p=0.95, std=0.05),
            dict(
                type='GridSample',
                grid_size=0.05,
                hash_type='fnv',
                mode='train',
                return_grid_coord=True),
            dict(type='SphereCrop', point_max=120000, mode='random'),
            dict(type='CenterShift', apply_z=False),
            dict(type='NormalizeColor'),
            dict(type='ToTensor'),
            dict(
                type='Collect',
                keys=('coord', 'grid_coord', 'segment'),
                feat_keys=('coord', 'color', 'strength'))
        ],
        test_mode=False,
        loop=100),
    val=dict(
        type='Toronto3DDataset',
        split='val',
        data_root='data/toronto3d',
        transform=[
            dict(type='CenterShift', apply_z=True),
            dict(type='Copy', keys_dict=dict(segment='origin_segment')),
            dict(
                type='GridSample',
                grid_size=0.05,
                hash_type='fnv',
                mode='train',
                return_grid_coord=True,
                return_inverse=True),
            dict(type='CenterShift', apply_z=False),
            dict(type='NormalizeColor'),
            dict(type='ToTensor'),
            dict(
                type='Collect',
                keys=('coord', 'grid_coord', 'segment', 'origin_segment',
                      'inverse'),
                feat_keys=('coord', 'color', 'strength'))
        ],
        test_mode=False),
    test=dict(
        type='Toronto3DDataset',
        split='test',
        data_root='data/toronto3d',
        transform=[
            dict(type='CenterShift', apply_z=True),
            dict(type='NormalizeColor')
        ],
        test_mode=True,
        test_cfg=dict(
            voxelize=dict(
                type='GridSample',
                grid_size=0.05,
                hash_type='fnv',
                mode='test',
                return_grid_coord=True),
            crop=None,
            post_transform=[
                dict(type='CenterShift', apply_z=False),
                dict(type='ToTensor'),
                dict(
                    type='Collect',
                    keys=('coord', 'grid_coord', 'index'),
                    feat_keys=('coord', 'color', 'strength'))
            ],
            aug_transform=[[{
                'type': 'RandomScale',
                'scale': [0.9, 0.9]
            }], [{
                'type': 'RandomScale',
                'scale': [0.95, 0.95]
            }], [{
                'type': 'RandomScale',
                'scale': [1, 1]
            }], [{
                'type': 'RandomScale',
                'scale': [1.05, 1.05]
            }], [{
                'type': 'RandomScale',
                'scale': [1.1, 1.1]
            }],
                           [{
                               'type': 'RandomScale',
                               'scale': [0.9, 0.9]
                           }, {
                               'type': 'RandomFlip',
                               'p': 1
                           }],
                           [{
                               'type': 'RandomScale',
                               'scale': [0.95, 0.95]
                           }, {
                               'type': 'RandomFlip',
                               'p': 1
                           }],
                           [{
                               'type': 'RandomScale',
                               'scale': [1, 1]
                           }, {
                               'type': 'RandomFlip',
                               'p': 1
                           }],
                           [{
                               'type': 'RandomScale',
                               'scale': [1.05, 1.05]
                           }, {
                               'type': 'RandomFlip',
                               'p': 1
                           }],
                           [{
                               'type': 'RandomScale',
                               'scale': [1.1, 1.1]
                           }, {
                               'type': 'RandomFlip',
                               'p': 1
                           }]])))
num_worker_per_gpu = 28
batch_size_per_gpu = 6
batch_size_val_per_gpu = 1
batch_size_test_per_gpu = 1

[2026-07-21 09:42:26,656 INFO train.py line 141 10873] => Building model ...
[2026-07-21 09:42:27,052 INFO train.py line 261 10873] Num params: 39160680
[2026-07-21 09:42:27,269 INFO train.py line 143 10873] => Building writer ...
[2026-07-21 09:42:27,271 INFO train.py line 271 10873] Tensorboard writer logging dir: exp/toronto3d/spunet-toronto3d
[2026-07-21 09:42:27,271 INFO train.py line 145 10873] => Building train dataset & dataloader ...
[2026-07-21 09:42:27,272 INFO defaults.py line 77 10873] Totally 3 x 100 samples in toronto3d train set.
[2026-07-21 09:42:27,272 INFO train.py line 147 10873] => Building val dataset & dataloader ...
[2026-07-21 09:42:27,272 INFO defaults.py line 77 10873] Totally 1 x 1 samples in toronto3d val set.
[2026-07-21 09:42:27,273 INFO train.py line 149 10873] => Building optimize, scheduler, scaler(amp) ...
[2026-07-21 09:42:27,273 INFO train.py line 153 10873] => Building hooks ...
[2026-07-21 09:42:27,274 INFO misc.py line 237 10873] => Loading checkpoint & weight ...
[2026-07-21 09:42:27,274 INFO misc.py line 274 10873] No weight found at: None
[2026-07-21 09:42:27,274 INFO train.py line 161 10873] >>>>>>>>>>>>>>>> Start Training >>>>>>>>>>>>>>>>
[2026-07-21 09:43:14,770 INFO misc.py line 117 10873] Train: [1/100][1/50] Data 27.256 (27.256) Batch 46.839 (46.839) Remain 65:02:28 loss: 2.9606 Lr: 0.00060
[2026-07-21 09:43:15,199 INFO misc.py line 117 10873] Train: [1/100][2/50] Data 0.019 (0.019) Batch 0.419 (0.419) Remain 00:34:55 loss: 2.8354 Lr: 0.00060
[2026-07-21 09:43:15,478 INFO misc.py line 117 10873] Train: [1/100][3/50] Data 0.012 (0.012) Batch 0.288 (0.288) Remain 00:23:59 loss: 2.6238 Lr: 0.00060
[2026-07-21 09:43:15,707 INFO misc.py line 117 10873] Train: [1/100][4/50] Data 0.002 (0.002) Batch 0.229 (0.229) Remain 00:19:05 loss: 2.4949 Lr: 0.00060
[2026-07-21 09:43:15,960 INFO misc.py line 117 10873] Train: [1/100][5/50] Data 0.002 (0.002) Batch 0.252 (0.241) Remain 00:20:03 loss: 2.4046 Lr: 0.00061
[2026-07-21 09:43:16,230 INFO misc.py line 117 10873] Train: [1/100][6/50] Data 0.003 (0.002) Batch 0.270 (0.251) Remain 00:20:51 loss: 2.3636 Lr: 0.00061
[2026-07-21 09:43:16,472 INFO misc.py line 117 10873] Train: [1/100][7/50] Data 0.003 (0.002) Batch 0.242 (0.248) Remain 00:20:40 loss: 2.1797 Lr: 0.00061
[2026-07-21 09:43:16,804 INFO misc.py line 117 10873] Train: [1/100][8/50] Data 0.008 (0.003) Batch 0.333 (0.265) Remain 00:22:04 loss: 2.0827 Lr: 0.00061
[2026-07-21 09:43:17,046 INFO misc.py line 117 10873] Train: [1/100][9/50] Data 0.003 (0.003) Batch 0.241 (0.261) Remain 00:21:44 loss: 2.0877 Lr: 0.00062
[2026-07-21 09:43:17,304 INFO misc.py line 117 10873] Train: [1/100][10/50] Data 0.002 (0.003) Batch 0.258 (0.261) Remain 00:21:41 loss: 2.1046 Lr: 0.00062
[2026-07-21 09:43:17,586 INFO misc.py line 117 10873] Train: [1/100][11/50] Data 0.003 (0.003) Batch 0.283 (0.264) Remain 00:21:54 loss: 1.9657 Lr: 0.00063
[2026-07-21 09:43:17,826 INFO misc.py line 117 10873] Train: [1/100][12/50] Data 0.003 (0.003) Batch 0.240 (0.261) Remain 00:21:41 loss: 1.9373 Lr: 0.00063
[2026-07-21 09:43:18,084 INFO misc.py line 117 10873] Train: [1/100][13/50] Data 0.004 (0.003) Batch 0.257 (0.261) Remain 00:21:39 loss: 1.8450 Lr: 0.00064
[2026-07-21 09:43:18,354 INFO misc.py line 117 10873] Train: [1/100][14/50] Data 0.003 (0.003) Batch 0.270 (0.261) Remain 00:21:43 loss: 1.8477 Lr: 0.00064
[2026-07-21 09:43:18,590 INFO misc.py line 117 10873] Train: [1/100][15/50] Data 0.003 (0.003) Batch 0.236 (0.259) Remain 00:21:32 loss: 1.6379 Lr: 0.00065
[2026-07-21 09:43:18,839 INFO misc.py line 117 10873] Train: [1/100][16/50] Data 0.003 (0.003) Batch 0.250 (0.259) Remain 00:21:28 loss: 1.6982 Lr: 0.00065
[2026-07-21 09:43:19,085 INFO misc.py line 117 10873] Train: [1/100][17/50] Data 0.002 (0.003) Batch 0.247 (0.258) Remain 00:21:24 loss: 1.8698 Lr: 0.00066
[2026-07-21 09:43:19,347 INFO misc.py line 117 10873] Train: [1/100][18/50] Data 0.002 (0.003) Batch 0.262 (0.258) Remain 00:21:25 loss: 1.7255 Lr: 0.00067
[2026-07-21 09:43:19,580 INFO misc.py line 117 10873] Train: [1/100][19/50] Data 0.002 (0.003) Batch 0.233 (0.256) Remain 00:21:17 loss: 1.5743 Lr: 0.00068
[2026-07-21 09:43:19,832 INFO misc.py line 117 10873] Train: [1/100][20/50] Data 0.002 (0.003) Batch 0.252 (0.256) Remain 00:21:15 loss: 1.6680 Lr: 0.00069
[2026-07-21 09:43:20,077 INFO misc.py line 117 10873] Train: [1/100][21/50] Data 0.002 (0.003) Batch 0.245 (0.256) Remain 00:21:12 loss: 1.5998 Lr: 0.00069
[2026-07-21 09:43:20,322 INFO misc.py line 117 10873] Train: [1/100][22/50] Data 0.002 (0.003) Batch 0.245 (0.255) Remain 00:21:09 loss: 1.6159 Lr: 0.00070
[2026-07-21 09:43:20,590 INFO misc.py line 117 10873] Train: [1/100][23/50] Data 0.003 (0.003) Batch 0.265 (0.255) Remain 00:21:11 loss: 1.4455 Lr: 0.00071
[2026-07-21 09:43:20,828 INFO misc.py line 117 10873] Train: [1/100][24/50] Data 0.004 (0.003) Batch 0.240 (0.255) Remain 00:21:07 loss: 1.4588 Lr: 0.00072
[2026-07-21 09:43:21,089 INFO misc.py line 117 10873] Train: [1/100][25/50] Data 0.003 (0.003) Batch 0.262 (0.255) Remain 00:21:08 loss: 1.4193 Lr: 0.00073
[2026-07-21 09:43:21,317 INFO misc.py line 117 10873] Train: [1/100][26/50] Data 0.002 (0.003) Batch 0.228 (0.254) Remain 00:21:02 loss: 1.5907 Lr: 0.00074
[2026-07-21 09:43:21,538 INFO misc.py line 117 10873] Train: [1/100][27/50] Data 0.002 (0.003) Batch 0.221 (0.253) Remain 00:20:55 loss: 1.5468 Lr: 0.00076
[2026-07-21 09:43:21,750 INFO misc.py line 117 10873] Train: [1/100][28/50] Data 0.002 (0.003) Batch 0.212 (0.251) Remain 00:20:47 loss: 1.5474 Lr: 0.00077
[2026-07-21 09:43:21,968 INFO misc.py line 117 10873] Train: [1/100][29/50] Data 0.002 (0.003) Batch 0.218 (0.250) Remain 00:20:40 loss: 1.3623 Lr: 0.00078
[2026-07-21 09:43:22,209 INFO misc.py line 117 10873] Train: [1/100][30/50] Data 0.002 (0.003) Batch 0.240 (0.249) Remain 00:20:38 loss: 1.5085 Lr: 0.00079
[2026-07-21 09:43:23,702 INFO misc.py line 117 10873] Train: [1/100][31/50] Data 1.269 (0.048) Batch 1.494 (0.294) Remain 00:24:19 loss: 1.4034 Lr: 0.00080
[2026-07-21 09:43:23,944 INFO misc.py line 117 10873] Train: [1/100][32/50] Data 0.002 (0.046) Batch 0.241 (0.292) Remain 00:24:10 loss: 1.4492 Lr: 0.00082
[2026-07-21 09:43:25,174 INFO misc.py line 117 10873] Train: [1/100][33/50] Data 1.001 (0.078) Batch 1.231 (0.323) Remain 00:26:45 loss: 1.4427 Lr: 0.00083
[2026-07-21 09:43:25,399 INFO misc.py line 117 10873] Train: [1/100][34/50] Data 0.001 (0.076) Batch 0.225 (0.320) Remain 00:26:29 loss: 1.3090 Lr: 0.00084
[2026-07-21 09:43:25,654 INFO misc.py line 117 10873] Train: [1/100][35/50] Data 0.001 (0.073) Batch 0.255 (0.318) Remain 00:26:18 loss: 1.6677 Lr: 0.00086
[2026-07-21 09:43:25,881 INFO misc.py line 117 10873] Train: [1/100][36/50] Data 0.001 (0.071) Batch 0.227 (0.315) Remain 00:26:05 loss: 1.4696 Lr: 0.00087
[2026-07-21 09:43:26,139 INFO misc.py line 117 10873] Train: [1/100][37/50] Data 0.001 (0.069) Batch 0.258 (0.314) Remain 00:25:56 loss: 1.4693 Lr: 0.00089
[2026-07-21 09:43:26,349 INFO misc.py line 117 10873] Train: [1/100][38/50] Data 0.001 (0.067) Batch 0.210 (0.311) Remain 00:25:41 loss: 1.5738 Lr: 0.00090
[2026-07-21 09:43:26,558 INFO misc.py line 117 10873] Train: [1/100][39/50] Data 0.002 (0.065) Batch 0.208 (0.308) Remain 00:25:26 loss: 1.9309 Lr: 0.00092
[2026-07-21 09:43:27,047 INFO misc.py line 117 10873] Train: [1/100][40/50] Data 0.001 (0.064) Batch 0.489 (0.313) Remain 00:25:50 loss: 1.4643 Lr: 0.00094
[2026-07-21 09:43:27,279 INFO misc.py line 117 10873] Train: [1/100][41/50] Data 0.001 (0.062) Batch 0.232 (0.311) Remain 00:25:40 loss: 1.4226 Lr: 0.00095
[2026-07-21 09:43:27,502 INFO misc.py line 117 10873] Train: [1/100][42/50] Data 0.001 (0.060) Batch 0.223 (0.308) Remain 00:25:28 loss: 1.4461 Lr: 0.00097
[2026-07-21 09:43:27,748 INFO misc.py line 117 10873] Train: [1/100][43/50] Data 0.001 (0.059) Batch 0.246 (0.307) Remain 00:25:20 loss: 1.5150 Lr: 0.00099
[2026-07-21 09:43:27,972 INFO misc.py line 117 10873] Train: [1/100][44/50] Data 0.001 (0.058) Batch 0.224 (0.305) Remain 00:25:10 loss: 1.3590 Lr: 0.00101
[2026-07-21 09:43:28,193 INFO misc.py line 117 10873] Train: [1/100][45/50] Data 0.001 (0.056) Batch 0.221 (0.303) Remain 00:25:00 loss: 1.3619 Lr: 0.00102
[2026-07-21 09:43:28,427 INFO misc.py line 117 10873] Train: [1/100][46/50] Data 0.001 (0.055) Batch 0.234 (0.301) Remain 00:24:51 loss: 1.9088 Lr: 0.00104
[2026-07-21 09:43:28,650 INFO misc.py line 117 10873] Train: [1/100][47/50] Data 0.001 (0.054) Batch 0.222 (0.299) Remain 00:24:42 loss: 1.2034 Lr: 0.00106
[2026-07-21 09:43:28,870 INFO misc.py line 117 10873] Train: [1/100][48/50] Data 0.001 (0.052) Batch 0.220 (0.298) Remain 00:24:33 loss: 1.5364 Lr: 0.00108
[2026-07-21 09:43:29,092 INFO misc.py line 117 10873] Train: [1/100][49/50] Data 0.001 (0.051) Batch 0.223 (0.296) Remain 00:24:25 loss: 1.3653 Lr: 0.00110
[2026-07-21 09:43:29,330 INFO misc.py line 117 10873] Train: [1/100][50/50] Data 0.001 (0.050) Batch 0.238 (0.295) Remain 00:24:18 loss: 1.3829 Lr: 0.00112
[2026-07-21 09:43:29,331 INFO misc.py line 147 10873] Train result: loss: 1.7337 
[2026-07-21 09:43:29,331 INFO evaluator.py line 169 10873] >>>>>>>>>>>>>>>> Start Evaluation (Segmentation) >>>>>>>>>>>>>>>>
[2026-07-21 09:43:43,418 INFO evaluator.py line 228 10873] Test: [1/1] Loss 62.2791 
[2026-07-21 09:43:43,636 INFO evaluator.py line 257 10873] Val result: mIoU/macroF1/mAcc/mPrecision/allAcc 0.2653/0.3193/0.3320/0.3130/0.7875.
[2026-07-21 09:43:43,636 INFO evaluator.py line 266 10873] Class_0-road Metrics: IoU=0.8242, accuracy=0.8636, precision=0.9475, F1=0.9036
[2026-07-21 09:43:43,636 INFO evaluator.py line 266 10873] Class_1-road_marking Metrics: IoU=0.0000, accuracy=0.0000, precision=0.0000, F1=0.0000
[2026-07-21 09:43:43,637 INFO evaluator.py line 266 10873] Class_2-natural Metrics: IoU=0.6855, accuracy=0.8842, precision=0.7532, F1=0.8134
[2026-07-21 09:43:43,637 INFO evaluator.py line 266 10873] Class_3-building Metrics: IoU=0.5398, accuracy=0.7977, precision=0.6255, F1=0.7012
[2026-07-21 09:43:43,637 INFO evaluator.py line 266 10873] Class_4-utility_line Metrics: IoU=0.0000, accuracy=0.0000, precision=0.0000, F1=0.0000
[2026-07-21 09:43:43,637 INFO evaluator.py line 266 10873] Class_5-pole Metrics: IoU=0.0000, accuracy=0.0000, precision=0.0000, F1=0.0000
[2026-07-21 09:43:43,637 INFO evaluator.py line 266 10873] Class_6-car Metrics: IoU=0.0730, accuracy=0.1102, precision=0.1777, F1=0.1360
[2026-07-21 09:43:43,637 INFO evaluator.py line 266 10873] Class_7-fence Metrics: IoU=0.0000, accuracy=0.0000, precision=0.0000, F1=0.0000
[2026-07-21 09:43:43,637 INFO evaluator.py line 321 10873] <<<<<<<<<<<<<<<<< End Evaluation <<<<<<<<<<<<<<<<<
[2026-07-21 09:43:43,638 INFO misc.py line 182 10873] Best validation mIoU updated to: 0.2653
[2026-07-21 09:43:43,638 INFO misc.py line 187 10873] Currently Best mIoU: 0.2653
[2026-07-21 09:43:43,639 INFO misc.py line 196 10873] Saving checkpoint to: exp/toronto3d/spunet-toronto3d/model/model_last.pth
[2026-07-21 09:44:09,585 INFO misc.py line 117 10873] Train: [2/100][1/50] Data 25.346 (25.346) Batch 25.625 (25.625) Remain 35:13:37 loss: 1.2534 Lr: 0.00114
[2026-07-21 09:44:13,768 INFO misc.py line 117 10873] Train: [2/100][2/50] Data 3.928 (3.928) Batch 4.183 (4.183) Remain 05:44:55 loss: 1.4288 Lr: 0.00116
[2026-07-21 09:44:14,029 INFO misc.py line 117 10873] Train: [2/100][3/50] Data 0.013 (0.013) Batch 0.262 (0.262) Remain 00:21:34 loss: 1.2814 Lr: 0.00118
[2026-07-21 09:44:17,196 INFO misc.py line 117 10873] Train: [2/100][4/50] Data 2.921 (2.921) Batch 3.167 (3.167) Remain 04:21:05 loss: 1.3253 Lr: 0.00120
[2026-07-21 09:44:17,458 INFO misc.py line 117 10873] Train: [2/100][5/50] Data 0.002 (1.462) Batch 0.262 (1.715) Remain 02:21:18 loss: 1.4866 Lr: 0.00122
[2026-07-21 09:44:17,700 INFO misc.py line 117 10873] Train: [2/100][6/50] Data 0.002 (0.975) Batch 0.241 (1.224) Remain 01:40:48 loss: 1.5858 Lr: 0.00125
[2026-07-21 09:44:17,949 INFO misc.py line 117 10873] Train: [2/100][7/50] Data 0.004 (0.732) Batch 0.249 (0.980) Remain 01:20:43 loss: 1.4580 Lr: 0.00127
[2026-07-21 09:44:18,215 INFO misc.py line 117 10873] Train: [2/100][8/50] Data 0.003 (0.586) Batch 0.267 (0.837) Remain 01:08:57 loss: 1.3262 Lr: 0.00129
[2026-07-21 09:44:18,452 INFO misc.py line 117 10873] Train: [2/100][9/50] Data 0.003 (0.489) Batch 0.237 (0.737) Remain 01:00:41 loss: 1.4232 Lr: 0.00131
[2026-07-21 09:44:18,720 INFO misc.py line 117 10873] Train: [2/100][10/50] Data 0.003 (0.420) Batch 0.268 (0.670) Remain 00:55:10 loss: 1.3218 Lr: 0.00134
[2026-07-21 09:44:18,996 INFO misc.py line 117 10873] Train: [2/100][11/50] Data 0.004 (0.368) Batch 0.276 (0.621) Remain 00:51:06 loss: 1.4539 Lr: 0.00136
[2026-07-21 09:44:19,293 INFO misc.py line 117 10873] Train: [2/100][12/50] Data 0.014 (0.328) Batch 0.296 (0.585) Remain 00:48:07 loss: 1.8381 Lr: 0.00138
[2026-07-21 09:44:19,523 INFO misc.py line 117 10873] Train: [2/100][13/50] Data 0.003 (0.296) Batch 0.230 (0.549) Remain 00:45:12 loss: 1.4198 Lr: 0.00141
[2026-07-21 09:44:19,783 INFO misc.py line 117 10873] Train: [2/100][14/50] Data 0.003 (0.269) Batch 0.261 (0.523) Remain 00:43:02 loss: 1.3525 Lr: 0.00143
[2026-07-21 09:44:20,016 INFO misc.py line 117 10873] Train: [2/100][15/50] Data 0.002 (0.247) Batch 0.233 (0.499) Remain 00:41:02 loss: 1.1607 Lr: 0.00146
[2026-07-21 09:44:20,274 INFO misc.py line 117 10873] Train: [2/100][16/50] Data 0.002 (0.228) Batch 0.258 (0.480) Remain 00:39:30 loss: 1.4244 Lr: 0.00148
[2026-07-21 09:44:20,491 INFO misc.py line 117 10873] Train: [2/100][17/50] Data 0.002 (0.212) Batch 0.217 (0.462) Remain 00:37:56 loss: 1.2955 Lr: 0.00151
[2026-07-21 09:44:20,743 INFO misc.py line 117 10873] Train: [2/100][18/50] Data 0.002 (0.198) Batch 0.252 (0.448) Remain 00:36:47 loss: 1.4473 Lr: 0.00153
[2026-07-21 09:44:20,978 INFO misc.py line 117 10873] Train: [2/100][19/50] Data 0.003 (0.186) Batch 0.235 (0.434) Remain 00:35:41 loss: 1.3238 Lr: 0.00156
[2026-07-21 09:44:21,231 INFO misc.py line 117 10873] Train: [2/100][20/50] Data 0.003 (0.175) Batch 0.253 (0.424) Remain 00:34:48 loss: 1.2535 Lr: 0.00159
[2026-07-21 09:44:21,484 INFO misc.py line 117 10873] Train: [2/100][21/50] Data 0.004 (0.166) Batch 0.253 (0.414) Remain 00:34:01 loss: 1.3000 Lr: 0.00161
[2026-07-21 09:44:21,728 INFO misc.py line 117 10873] Train: [2/100][22/50] Data 0.002 (0.157) Batch 0.244 (0.405) Remain 00:33:16 loss: 1.2367 Lr: 0.00164
[2026-07-21 09:44:21,964 INFO misc.py line 117 10873] Train: [2/100][23/50] Data 0.002 (0.149) Batch 0.235 (0.397) Remain 00:32:34 loss: 1.2537 Lr: 0.00167
[2026-07-21 09:44:22,210 INFO misc.py line 117 10873] Train: [2/100][24/50] Data 0.003 (0.142) Batch 0.247 (0.390) Remain 00:31:59 loss: 1.1657 Lr: 0.00169
[2026-07-21 09:44:22,471 INFO misc.py line 117 10873] Train: [2/100][25/50] Data 0.003 (0.136) Batch 0.261 (0.384) Remain 00:31:29 loss: 1.6566 Lr: 0.00172
[2026-07-21 09:44:22,770 INFO misc.py line 117 10873] Train: [2/100][26/50] Data 0.003 (0.130) Batch 0.299 (0.380) Remain 00:31:11 loss: 1.2950 Lr: 0.00175
[2026-07-21 09:44:23,028 INFO misc.py line 117 10873] Train: [2/100][27/50] Data 0.002 (0.125) Batch 0.258 (0.375) Remain 00:30:45 loss: 1.2160 Lr: 0.00178
[2026-07-21 09:44:23,266 INFO misc.py line 117 10873] Train: [2/100][28/50] Data 0.004 (0.120) Batch 0.238 (0.369) Remain 00:30:18 loss: 1.3260 Lr: 0.00181
[2026-07-21 09:44:30,934 INFO misc.py line 117 10873] Train: [2/100][29/50] Data 7.437 (0.401) Batch 7.667 (0.650) Remain 00:53:19 loss: 1.2521 Lr: 0.00183
[2026-07-21 09:44:36,178 INFO misc.py line 117 10873] Train: [2/100][30/50] Data 4.982 (0.571) Batch 5.244 (0.820) Remain 01:07:15 loss: 1.3913 Lr: 0.00186
[2026-07-21 09:44:37,273 INFO misc.py line 117 10873] Train: [2/100][31/50] Data 0.862 (0.581) Batch 1.095 (0.830) Remain 01:08:03 loss: 1.2746 Lr: 0.00189
[2026-07-21 09:44:41,741 INFO misc.py line 117 10873] Train: [2/100][32/50] Data 4.227 (0.707) Batch 4.469 (0.956) Remain 01:18:19 loss: 1.3673 Lr: 0.00192
[2026-07-21 09:44:41,985 INFO misc.py line 117 10873] Train: [2/100][33/50] Data 0.001 (0.684) Batch 0.244 (0.932) Remain 01:16:22 loss: 1.2409 Lr: 0.00195
[2026-07-21 09:44:42,204 INFO misc.py line 117 10873] Train: [2/100][34/50] Data 0.001 (0.662) Batch 0.219 (0.909) Remain 01:14:28 loss: 1.1260 Lr: 0.00198
[2026-07-21 09:44:42,418 INFO misc.py line 117 10873] Train: [2/100][35/50] Data 0.001 (0.641) Batch 0.214 (0.887) Remain 01:12:40 loss: 1.3002 Lr: 0.00201
[2026-07-21 09:44:42,645 INFO misc.py line 117 10873] Train: [2/100][36/50] Data 0.001 (0.622) Batch 0.227 (0.867) Remain 01:11:01 loss: 1.4919 Lr: 0.00204
[2026-07-21 09:44:42,851 INFO misc.py line 117 10873] Train: [2/100][37/50] Data 0.001 (0.603) Batch 0.206 (0.848) Remain 01:09:24 loss: 1.2188 Lr: 0.00207
[2026-07-21 09:44:43,085 INFO misc.py line 117 10873] Train: [2/100][38/50] Data 0.001 (0.586) Batch 0.234 (0.830) Remain 01:07:57 loss: 1.2693 Lr: 0.00210
[2026-07-21 09:44:43,332 INFO misc.py line 117 10873] Train: [2/100][39/50] Data 0.001 (0.570) Batch 0.246 (0.814) Remain 01:06:37 loss: 1.6167 Lr: 0.00213
[2026-07-21 09:44:43,565 INFO misc.py line 117 10873] Train: [2/100][40/50] Data 0.001 (0.554) Batch 0.233 (0.798) Remain 01:05:19 loss: 1.1290 Lr: 0.00216
[2026-07-21 09:44:43,790 INFO misc.py line 117 10873] Train: [2/100][41/50] Data 0.001 (0.540) Batch 0.226 (0.783) Remain 01:04:04 loss: 1.0384 Lr: 0.00219
[2026-07-21 09:44:44,014 INFO misc.py line 117 10873] Train: [2/100][42/50] Data 0.001 (0.526) Batch 0.223 (0.769) Remain 01:02:53 loss: 1.0550 Lr: 0.00222
[2026-07-21 09:44:44,245 INFO misc.py line 117 10873] Train: [2/100][43/50] Data 0.001 (0.513) Batch 0.231 (0.755) Remain 01:01:46 loss: 1.0798 Lr: 0.00225
[2026-07-21 09:44:44,492 INFO misc.py line 117 10873] Train: [2/100][44/50] Data 0.001 (0.500) Batch 0.248 (0.743) Remain 01:00:45 loss: 1.3478 Lr: 0.00229
[2026-07-21 09:44:44,711 INFO misc.py line 117 10873] Train: [2/100][45/50] Data 0.001 (0.489) Batch 0.218 (0.731) Remain 00:59:43 loss: 1.1276 Lr: 0.00232
[2026-07-21 09:44:44,932 INFO misc.py line 117 10873] Train: [2/100][46/50] Data 0.001 (0.477) Batch 0.221 (0.719) Remain 00:58:44 loss: 0.9806 Lr: 0.00235
[2026-07-21 09:44:45,162 INFO misc.py line 117 10873] Train: [2/100][47/50] Data 0.001 (0.466) Batch 0.230 (0.708) Remain 00:57:49 loss: 1.0704 Lr: 0.00238
[2026-07-21 09:44:45,400 INFO misc.py line 117 10873] Train: [2/100][48/50] Data 0.001 (0.456) Batch 0.238 (0.697) Remain 00:56:57 loss: 1.0948 Lr: 0.00241
[2026-07-21 09:44:45,624 INFO misc.py line 117 10873] Train: [2/100][49/50] Data 0.001 (0.446) Batch 0.223 (0.687) Remain 00:56:06 loss: 1.3891 Lr: 0.00245
[2026-07-21 09:44:45,859 INFO misc.py line 117 10873] Train: [2/100][50/50] Data 0.002 (0.437) Batch 0.236 (0.677) Remain 00:55:18 loss: 0.9772 Lr: 0.00248
[2026-07-21 09:44:45,860 INFO misc.py line 147 10873] Train result: loss: 1.3030 
[2026-07-21 09:44:45,860 INFO evaluator.py line 169 10873] >>>>>>>>>>>>>>>> Start Evaluation (Segmentation) >>>>>>>>>>>>>>>>
[2026-07-21 09:44:54,397 INFO evaluator.py line 228 10873] Test: [1/1] Loss 51.2677 
[2026-07-21 09:44:54,657 INFO evaluator.py line 257 10873] Val result: mIoU/macroF1/mAcc/mPrecision/allAcc 0.2445/0.2917/0.3258/0.3883/0.7685.
[2026-07-21 09:44:54,657 INFO evaluator.py line 266 10873] Class_0-road Metrics: IoU=0.8519, accuracy=0.8898, precision=0.9523, F1=0.9200
[2026-07-21 09:44:54,657 INFO evaluator.py line 266 10873] Class_1-road_marking Metrics: IoU=0.0000, accuracy=0.0000, precision=0.0000, F1=0.0000
[2026-07-21 09:44:54,657 INFO evaluator.py line 266 10873] Class_2-natural Metrics: IoU=0.6449, accuracy=0.7355, precision=0.8396, F1=0.7841
[2026-07-21 09:44:54,657 INFO evaluator.py line 266 10873] Class_3-building Metrics: IoU=0.4592, accuracy=0.9807, precision=0.4634, F1=0.6294
[2026-07-21 09:44:54,657 INFO evaluator.py line 266 10873] Class_4-utility_line Metrics: IoU=0.0000, accuracy=0.0000, precision=0.0909, F1=0.0001
[2026-07-21 09:44:54,657 INFO evaluator.py line 266 10873] Class_5-pole Metrics: IoU=0.0000, accuracy=0.0000, precision=0.0000, F1=0.0000
[2026-07-21 09:44:54,657 INFO evaluator.py line 266 10873] Class_6-car Metrics: IoU=0.0002, accuracy=0.0002, precision=0.7600, F1=0.0003
[2026-07-21 09:44:54,658 INFO evaluator.py line 266 10873] Class_7-fence Metrics: IoU=0.0000, accuracy=0.0000, precision=0.0000, F1=0.0000
[2026-07-21 09:44:54,658 INFO evaluator.py line 321 10873] <<<<<<<<<<<<<<<<< End Evaluation <<<<<<<<<<<<<<<<<
[2026-07-21 09:44:54,659 INFO misc.py line 187 10873] Currently Best mIoU: 0.2653
[2026-07-21 09:44:54,659 INFO misc.py line 196 10873] Saving checkpoint to: exp/toronto3d/spunet-toronto3d/model/model_last.pth
[2026-07-21 09:45:23,791 INFO misc.py line 117 10873] Train: [3/100][1/50] Data 28.613 (28.613) Batch 28.861 (28.861) Remain 39:16:29 loss: 1.6715 Lr: 0.00251
[2026-07-21 09:45:24,435 INFO misc.py line 117 10873] Train: [3/100][2/50] Data 0.357 (0.357) Batch 0.644 (0.644) Remain 00:52:36 loss: 1.3997 Lr: 0.00254
[2026-07-21 09:45:24,699 INFO misc.py line 117 10873] Train: [3/100][3/50] Data 0.002 (0.002) Batch 0.253 (0.253) Remain 00:20:40 loss: 0.9812 Lr: 0.00258
[2026-07-21 09:45:24,973 INFO misc.py line 117 10873] Train: [3/100][4/50] Data 0.013 (0.013) Batch 0.284 (0.284) Remain 00:23:12 loss: 1.0090 Lr: 0.00261
[2026-07-21 09:45:25,220 INFO misc.py line 117 10873] Train: [3/100][5/50] Data 0.003 (0.008) Batch 0.248 (0.266) Remain 00:21:42 loss: 1.1103 Lr: 0.00264
[2026-07-21 09:45:25,487 INFO misc.py line 117 10873] Train: [3/100][6/50] Data 0.003 (0.006) Batch 0.267 (0.266) Remain 00:21:43 loss: 1.2020 Lr: 0.00268
[2026-07-21 09:45:25,757 INFO misc.py line 117 10873] Train: [3/100][7/50] Data 0.002 (0.005) Batch 0.269 (0.267) Remain 00:21:45 loss: 1.1053 Lr: 0.00271
[2026-07-21 09:45:26,029 INFO misc.py line 117 10873] Train: [3/100][8/50] Data 0.004 (0.005) Batch 0.272 (0.268) Remain 00:21:50 loss: 1.2259 Lr: 0.00274
[2026-07-21 09:45:26,296 INFO misc.py line 117 10873] Train: [3/100][9/50] Data 0.004 (0.005) Batch 0.268 (0.268) Remain 00:21:50 loss: 0.9605 Lr: 0.00278
[2026-07-21 09:45:27,670 INFO misc.py line 117 10873] Train: [3/100][10/50] Data 1.132 (0.166) Batch 1.374 (0.426) Remain 00:34:42 loss: 1.0195 Lr: 0.00281
[2026-07-21 09:45:27,901 INFO misc.py line 117 10873] Train: [3/100][11/50] Data 0.002 (0.145) Batch 0.231 (0.402) Remain 00:32:43 loss: 1.0282 Lr: 0.00284
[2026-07-21 09:45:28,141 INFO misc.py line 117 10873] Train: [3/100][12/50] Data 0.002 (0.130) Batch 0.240 (0.384) Remain 00:31:15 loss: 0.8690 Lr: 0.00288
[2026-07-21 09:45:28,417 INFO misc.py line 117 10873] Train: [3/100][13/50] Data 0.003 (0.117) Batch 0.276 (0.373) Remain 00:30:22 loss: 0.9508 Lr: 0.00291
[2026-07-21 09:45:28,677 INFO misc.py line 117 10873] Train: [3/100][14/50] Data 0.004 (0.107) Batch 0.260 (0.363) Remain 00:29:31 loss: 1.1510 Lr: 0.00294
[2026-07-21 09:45:28,928 INFO misc.py line 117 10873] Train: [3/100][15/50] Data 0.002 (0.098) Batch 0.251 (0.353) Remain 00:28:45 loss: 1.1628 Lr: 0.00298
[2026-07-21 09:45:29,185 INFO misc.py line 117 10873] Train: [3/100][16/50] Data 0.003 (0.091) Batch 0.257 (0.346) Remain 00:28:09 loss: 1.1955 Lr: 0.00301
[2026-07-21 09:45:29,431 INFO misc.py line 117 10873] Train: [3/100][17/50] Data 0.003 (0.084) Batch 0.246 (0.339) Remain 00:27:34 loss: 1.2390 Lr: 0.00304
[2026-07-21 09:45:29,686 INFO misc.py line 117 10873] Train: [3/100][18/50] Data 0.003 (0.079) Batch 0.254 (0.333) Remain 00:27:06 loss: 1.0053 Lr: 0.00308
[2026-07-21 09:45:29,922 INFO misc.py line 117 10873] Train: [3/100][19/50] Data 0.003 (0.074) Batch 0.237 (0.327) Remain 00:26:36 loss: 1.4871 Lr: 0.00311
[2026-07-21 09:45:30,186 INFO misc.py line 117 10873] Train: [3/100][20/50] Data 0.003 (0.070) Batch 0.264 (0.323) Remain 00:26:18 loss: 1.1171 Lr: 0.00315
[2026-07-21 09:45:30,440 INFO misc.py line 117 10873] Train: [3/100][21/50] Data 0.013 (0.067) Batch 0.254 (0.320) Remain 00:25:59 loss: 0.9674 Lr: 0.00318
[2026-07-21 09:45:30,688 INFO misc.py line 117 10873] Train: [3/100][22/50] Data 0.003 (0.063) Batch 0.248 (0.316) Remain 00:25:40 loss: 0.9991 Lr: 0.00321
[2026-07-21 09:45:30,933 INFO misc.py line 117 10873] Train: [3/100][23/50] Data 0.003 (0.060) Batch 0.245 (0.312) Remain 00:25:22 loss: 1.0740 Lr: 0.00325
[2026-07-21 09:45:31,178 INFO misc.py line 117 10873] Train: [3/100][24/50] Data 0.003 (0.058) Batch 0.245 (0.309) Remain 00:25:06 loss: 1.0976 Lr: 0.00328
[2026-07-21 09:45:31,461 INFO misc.py line 117 10873] Train: [3/100][25/50] Data 0.003 (0.055) Batch 0.283 (0.308) Remain 00:25:00 loss: 1.1466 Lr: 0.00332
[2026-07-21 09:45:31,699 INFO misc.py line 117 10873] Train: [3/100][26/50] Data 0.002 (0.053) Batch 0.237 (0.305) Remain 00:24:45 loss: 1.2981 Lr: 0.00335
[2026-07-21 09:45:31,976 INFO misc.py line 117 10873] Train: [3/100][27/50] Data 0.003 (0.051) Batch 0.277 (0.304) Remain 00:24:39 loss: 0.8272 Lr: 0.00339
[2026-07-21 09:45:32,245 INFO misc.py line 117 10873] Train: [3/100][28/50] Data 0.014 (0.049) Batch 0.270 (0.302) Remain 00:24:32 loss: 1.1389 Lr: 0.00342
[2026-07-21 09:45:48,297 INFO misc.py line 117 10873] Train: [3/100][29/50] Data 15.802 (0.655) Batch 16.052 (0.908) Remain 01:13:42 loss: 1.1033 Lr: 0.00345
[2026-07-21 09:45:48,597 INFO misc.py line 117 10873] Train: [3/100][30/50] Data 0.022 (0.632) Batch 0.300 (0.886) Remain 01:11:52 loss: 0.9024 Lr: 0.00349
[2026-07-21 09:45:48,836 INFO misc.py line 117 10873] Train: [3/100][31/50] Data 0.002 (0.609) Batch 0.239 (0.862) Remain 01:09:59 loss: 0.9661 Lr: 0.00352
[2026-07-21 09:45:49,339 INFO misc.py line 117 10873] Train: [3/100][32/50] Data 0.276 (0.598) Batch 0.503 (0.850) Remain 01:08:57 loss: 1.0636 Lr: 0.00356
[2026-07-21 09:45:49,572 INFO misc.py line 117 10873] Train: [3/100][33/50] Data 0.002 (0.578) Batch 0.233 (0.829) Remain 01:07:17 loss: 1.0604 Lr: 0.00359
[2026-07-21 09:45:49,804 INFO misc.py line 117 10873] Train: [3/100][34/50] Data 0.002 (0.559) Batch 0.232 (0.810) Remain 01:05:42 loss: 1.0615 Lr: 0.00362
[2026-07-21 09:45:50,038 INFO misc.py line 117 10873] Train: [3/100][35/50] Data 0.002 (0.542) Batch 0.233 (0.792) Remain 01:04:13 loss: 1.5344 Lr: 0.00366
[2026-07-21 09:45:50,264 INFO misc.py line 117 10873] Train: [3/100][36/50] Data 0.002 (0.526) Batch 0.227 (0.775) Remain 01:02:49 loss: 1.1220 Lr: 0.00369
[2026-07-21 09:45:50,511 INFO misc.py line 117 10873] Train: [3/100][37/50] Data 0.002 (0.510) Batch 0.246 (0.759) Remain 01:01:33 loss: 1.0829 Lr: 0.00372
[2026-07-21 09:45:52,053 INFO misc.py line 117 10873] Train: [3/100][38/50] Data 1.291 (0.532) Batch 1.542 (0.782) Remain 01:03:21 loss: 1.0751 Lr: 0.00376
[2026-07-21 09:45:52,287 INFO misc.py line 117 10873] Train: [3/100][39/50] Data 0.002 (0.518) Batch 0.234 (0.767) Remain 01:02:06 loss: 0.9692 Lr: 0.00379
[2026-07-21 09:45:52,504 INFO misc.py line 117 10873] Train: [3/100][40/50] Data 0.001 (0.504) Batch 0.218 (0.752) Remain 01:00:53 loss: 1.0954 Lr: 0.00382
[2026-07-21 09:45:52,734 INFO misc.py line 117 10873] Train: [3/100][41/50] Data 0.001 (0.491) Batch 0.230 (0.738) Remain 00:59:46 loss: 1.0047 Lr: 0.00386
[2026-07-21 09:45:52,962 INFO misc.py line 117 10873] Train: [3/100][42/50] Data 0.001 (0.478) Batch 0.228 (0.725) Remain 00:58:41 loss: 0.9622 Lr: 0.00389
[2026-07-21 09:45:53,187 INFO misc.py line 117 10873] Train: [3/100][43/50] Data 0.001 (0.466) Batch 0.225 (0.712) Remain 00:57:40 loss: 1.3066 Lr: 0.00392
[2026-07-21 09:45:53,418 INFO misc.py line 117 10873] Train: [3/100][44/50] Data 0.001 (0.455) Batch 0.231 (0.701) Remain 00:56:42 loss: 1.0693 Lr: 0.00396
[2026-07-21 09:45:53,645 INFO misc.py line 117 10873] Train: [3/100][45/50] Data 0.001 (0.444) Batch 0.227 (0.689) Remain 00:55:47 loss: 0.8392 Lr: 0.00399
[2026-07-21 09:45:53,880 INFO misc.py line 117 10873] Train: [3/100][46/50] Data 0.001 (0.434) Batch 0.235 (0.679) Remain 00:54:55 loss: 1.0650 Lr: 0.00402
[2026-07-21 09:45:54,119 INFO misc.py line 117 10873] Train: [3/100][47/50] Data 0.001 (0.424) Batch 0.239 (0.669) Remain 00:54:06 loss: 1.1789 Lr: 0.00406
[2026-07-21 09:45:54,356 INFO misc.py line 117 10873] Train: [3/100][48/50] Data 0.001 (0.414) Batch 0.237 (0.659) Remain 00:53:18 loss: 0.9296 Lr: 0.00409
[2026-07-21 09:45:54,586 INFO misc.py line 117 10873] Train: [3/100][49/50] Data 0.001 (0.405) Batch 0.230 (0.650) Remain 00:52:32 loss: 1.0446 Lr: 0.00412
[2026-07-21 09:45:54,808 INFO misc.py line 117 10873] Train: [3/100][50/50] Data 0.001 (0.397) Batch 0.222 (0.641) Remain 00:51:48 loss: 1.1348 Lr: 0.00415
[2026-07-21 09:45:54,808 INFO misc.py line 147 10873] Train result: loss: 1.1002 
[2026-07-21 09:45:54,808 INFO evaluator.py line 169 10873] >>>>>>>>>>>>>>>> Start Evaluation (Segmentation) >>>>>>>>>>>>>>>>
[2026-07-21 09:46:03,360 INFO evaluator.py line 228 10873] Test: [1/1] Loss 18689.6816 
[2026-07-21 09:46:03,607 INFO evaluator.py line 257 10873] Val result: mIoU/macroF1/mAcc/mPrecision/allAcc 0.2179/0.2966/0.3330/0.3797/0.5626.
[2026-07-21 09:46:03,607 INFO evaluator.py line 266 10873] Class_0-road Metrics: IoU=0.7407, accuracy=0.7611, precision=0.9652, F1=0.8510
[2026-07-21 09:46:03,607 INFO evaluator.py line 266 10873] Class_1-road_marking Metrics: IoU=0.0001, accuracy=0.0001, precision=0.0400, F1=0.0002
[2026-07-21 09:46:03,607 INFO evaluator.py line 266 10873] Class_2-natural Metrics: IoU=0.2989, accuracy=0.3378, precision=0.7222, F1=0.4603
[2026-07-21 09:46:03,607 INFO evaluator.py line 266 10873] Class_3-building Metrics: IoU=0.4629, accuracy=0.6324, precision=0.6334, F1=0.6329
[2026-07-21 09:46:03,607 INFO evaluator.py line 266 10873] Class_4-utility_line Metrics: IoU=0.1471, accuracy=0.1815, precision=0.4365, F1=0.2564
[2026-07-21 09:46:03,607 INFO evaluator.py line 266 10873] Class_5-pole Metrics: IoU=0.0022, accuracy=0.0023, precision=0.1462, F1=0.0044
[2026-07-21 09:46:03,608 INFO evaluator.py line 266 10873] Class_6-car Metrics: IoU=0.0916, accuracy=0.7490, precision=0.0945, F1=0.1678
[2026-07-21 09:46:03,608 INFO evaluator.py line 266 10873] Class_7-fence Metrics: IoU=0.0000, accuracy=0.0000, precision=0.0000, F1=0.0000
[2026-07-21 09:46:03,608 INFO evaluator.py line 321 10873] <<<<<<<<<<<<<<<<< End Evaluation <<<<<<<<<<<<<<<<<
[2026-07-21 09:46:03,609 INFO misc.py line 187 10873] Currently Best mIoU: 0.2653
[2026-07-21 09:46:03,609 INFO misc.py line 196 10873] Saving checkpoint to: exp/toronto3d/spunet-toronto3d/model/model_last.pth
[2026-07-21 09:46:34,524 INFO misc.py line 117 10873] Train: [4/100][1/50] Data 30.406 (30.406) Batch 30.651 (30.651) Remain 41:17:04 loss: 1.0824 Lr: 0.00419
[2026-07-21 09:46:34,783 INFO misc.py line 117 10873] Train: [4/100][2/50] Data 0.002 (0.002) Batch 0.259 (0.259) Remain 00:20:55 loss: 0.8748 Lr: 0.00422
[2026-07-21 09:46:35,030 INFO misc.py line 117 10873] Train: [4/100][3/50] Data 0.002 (0.002) Batch 0.247 (0.247) Remain 00:19:57 loss: 0.7678 Lr: 0.00425
[2026-07-21 09:46:35,266 INFO misc.py line 117 10873] Train: [4/100][4/50] Data 0.003 (0.003) Batch 0.236 (0.236) Remain 00:19:04 loss: 1.1340 Lr: 0.00428
[2026-07-21 09:46:35,514 INFO misc.py line 117 10873] Train: [4/100][5/50] Data 0.002 (0.002) Batch 0.248 (0.242) Remain 00:19:32 loss: 0.8807 Lr: 0.00431
[2026-07-21 09:46:35,751 INFO misc.py line 117 10873] Train: [4/100][6/50] Data 0.003 (0.002) Batch 0.237 (0.241) Remain 00:19:25 loss: 0.8669 Lr: 0.00435
[2026-07-21 09:46:36,024 INFO misc.py line 117 10873] Train: [4/100][7/50] Data 0.004 (0.003) Batch 0.271 (0.248) Remain 00:20:01 loss: 1.0854 Lr: 0.00438
[2026-07-21 09:46:36,299 INFO misc.py line 117 10873] Train: [4/100][8/50] Data 0.006 (0.004) Batch 0.277 (0.254) Remain 00:20:29 loss: 1.1750 Lr: 0.00441
[2026-07-21 09:46:36,553 INFO misc.py line 117 10873] Train: [4/100][9/50] Data 0.002 (0.003) Batch 0.254 (0.254) Remain 00:20:29 loss: 1.3875 Lr: 0.00444
[2026-07-21 09:46:36,797 INFO misc.py line 117 10873] Train: [4/100][10/50] Data 0.003 (0.003) Batch 0.242 (0.252) Remain 00:20:21 loss: 0.9594 Lr: 0.00447
[2026-07-21 09:46:37,065 INFO misc.py line 117 10873] Train: [4/100][11/50] Data 0.004 (0.003) Batch 0.269 (0.254) Remain 00:20:31 loss: 0.7891 Lr: 0.00450
[2026-07-21 09:46:37,328 INFO misc.py line 117 10873] Train: [4/100][12/50] Data 0.003 (0.003) Batch 0.263 (0.255) Remain 00:20:35 loss: 0.9700 Lr: 0.00453
[2026-07-21 09:46:37,566 INFO misc.py line 117 10873] Train: [4/100][13/50] Data 0.003 (0.003) Batch 0.239 (0.254) Remain 00:20:27 loss: 1.3062 Lr: 0.00456
[2026-07-21 09:46:37,821 INFO misc.py line 117 10873] Train: [4/100][14/50] Data 0.003 (0.003) Batch 0.255 (0.254) Remain 00:20:27 loss: 1.0029 Lr: 0.00459
[2026-07-21 09:46:38,073 INFO misc.py line 117 10873] Train: [4/100][15/50] Data 0.003 (0.003) Batch 0.252 (0.254) Remain 00:20:26 loss: 0.8454 Lr: 0.00462
[2026-07-21 09:46:38,343 INFO misc.py line 117 10873] Train: [4/100][16/50] Data 0.002 (0.003) Batch 0.271 (0.255) Remain 00:20:32 loss: 1.0628 Lr: 0.00465
[2026-07-21 09:46:38,638 INFO misc.py line 117 10873] Train: [4/100][17/50] Data 0.002 (0.003) Batch 0.294 (0.258) Remain 00:20:45 loss: 0.9041 Lr: 0.00468
[2026-07-21 09:46:38,896 INFO misc.py line 117 10873] Train: [4/100][18/50] Data 0.002 (0.003) Batch 0.259 (0.258) Remain 00:20:45 loss: 1.0772 Lr: 0.00471
[2026-07-21 09:46:39,131 INFO misc.py line 117 10873] Train: [4/100][19/50] Data 0.003 (0.003) Batch 0.235 (0.256) Remain 00:20:38 loss: 0.9747 Lr: 0.00474
[2026-07-21 09:46:39,369 INFO misc.py line 117 10873] Train: [4/100][20/50] Data 0.003 (0.003) Batch 0.238 (0.255) Remain 00:20:32 loss: 0.8334 Lr: 0.00477
[2026-07-21 09:46:39,634 INFO misc.py line 117 10873] Train: [4/100][21/50] Data 0.002 (0.003) Batch 0.265 (0.256) Remain 00:20:35 loss: 0.9610 Lr: 0.00479
[2026-07-21 09:46:39,866 INFO misc.py line 117 10873] Train: [4/100][22/50] Data 0.002 (0.003) Batch 0.232 (0.255) Remain 00:20:29 loss: 0.8448 Lr: 0.00482
[2026-07-21 09:46:40,116 INFO misc.py line 117 10873] Train: [4/100][23/50] Data 0.002 (0.003) Batch 0.249 (0.254) Remain 00:20:27 loss: 0.9335 Lr: 0.00485
[2026-07-21 09:46:40,382 INFO misc.py line 117 10873] Train: [4/100][24/50] Data 0.004 (0.003) Batch 0.266 (0.255) Remain 00:20:29 loss: 1.0022 Lr: 0.00488
[2026-07-21 09:46:40,668 INFO misc.py line 117 10873] Train: [4/100][25/50] Data 0.004 (0.003) Batch 0.287 (0.256) Remain 00:20:36 loss: 1.0318 Lr: 0.00491
[2026-07-21 09:46:40,933 INFO misc.py line 117 10873] Train: [4/100][26/50] Data 0.002 (0.003) Batch 0.265 (0.257) Remain 00:20:38 loss: 1.4195 Lr: 0.00493
[2026-07-21 09:46:41,266 INFO misc.py line 117 10873] Train: [4/100][27/50] Data 0.004 (0.003) Batch 0.333 (0.260) Remain 00:20:53 loss: 0.9085 Lr: 0.00496
[2026-07-21 09:46:41,507 INFO misc.py line 117 10873] Train: [4/100][28/50] Data 0.003 (0.003) Batch 0.241 (0.259) Remain 00:20:49 loss: 1.6407 Lr: 0.00499
[2026-07-21 09:47:00,032 INFO misc.py line 117 10873] Train: [4/100][29/50] Data 18.312 (0.707) Batch 18.526 (0.962) Remain 01:17:16 loss: 0.9880 Lr: 0.00501
[2026-07-21 09:47:00,276 INFO misc.py line 117 10873] Train: [4/100][30/50] Data 0.001 (0.681) Batch 0.244 (0.935) Remain 01:15:06 loss: 0.8463 Lr: 0.00504
[2026-07-21 09:47:00,541 INFO misc.py line 117 10873] Train: [4/100][31/50] Data 0.002 (0.657) Batch 0.265 (0.911) Remain 01:13:10 loss: 0.9713 Lr: 0.00507
[2026-07-21 09:47:00,771 INFO misc.py line 117 10873] Train: [4/100][32/50] Data 0.001 (0.634) Batch 0.230 (0.888) Remain 01:11:16 loss: 1.0433 Lr: 0.00509
[2026-07-21 09:47:00,999 INFO misc.py line 117 10873] Train: [4/100][33/50] Data 0.001 (0.613) Batch 0.228 (0.866) Remain 01:09:29 loss: 0.7608 Lr: 0.00512
[2026-07-21 09:47:01,207 INFO misc.py line 117 10873] Train: [4/100][34/50] Data 0.001 (0.593) Batch 0.208 (0.844) Remain 01:07:46 loss: 0.9396 Lr: 0.00514
[2026-07-21 09:47:01,431 INFO misc.py line 117 10873] Train: [4/100][35/50] Data 0.001 (0.575) Batch 0.225 (0.825) Remain 01:06:12 loss: 1.1379 Lr: 0.00517
[2026-07-21 09:47:01,649 INFO misc.py line 117 10873] Train: [4/100][36/50] Data 0.002 (0.557) Batch 0.217 (0.807) Remain 01:04:43 loss: 0.8774 Lr: 0.00519
[2026-07-21 09:47:01,871 INFO misc.py line 117 10873] Train: [4/100][37/50] Data 0.002 (0.541) Batch 0.222 (0.789) Remain 01:03:19 loss: 0.8305 Lr: 0.00522
[2026-07-21 09:47:02,094 INFO misc.py line 117 10873] Train: [4/100][38/50] Data 0.001 (0.526) Batch 0.223 (0.773) Remain 01:02:01 loss: 0.9600 Lr: 0.00524
[2026-07-21 09:47:02,341 INFO misc.py line 117 10873] Train: [4/100][39/50] Data 0.001 (0.511) Batch 0.247 (0.759) Remain 01:00:49 loss: 1.0230 Lr: 0.00526
[2026-07-21 09:47:02,564 INFO misc.py line 117 10873] Train: [4/100][40/50] Data 0.001 (0.497) Batch 0.223 (0.744) Remain 00:59:39 loss: 0.8513 Lr: 0.00529
[2026-07-21 09:47:02,777 INFO misc.py line 117 10873] Train: [4/100][41/50] Data 0.001 (0.484) Batch 0.213 (0.730) Remain 00:58:31 loss: 0.7544 Lr: 0.00531
[2026-07-21 09:47:02,994 INFO misc.py line 117 10873] Train: [4/100][42/50] Data 0.001 (0.472) Batch 0.217 (0.717) Remain 00:57:27 loss: 0.8483 Lr: 0.00533
[2026-07-21 09:47:03,207 INFO misc.py line 117 10873] Train: [4/100][43/50] Data 0.001 (0.460) Batch 0.213 (0.704) Remain 00:56:26 loss: 0.7622 Lr: 0.00535
[2026-07-21 09:47:03,441 INFO misc.py line 117 10873] Train: [4/100][44/50] Data 0.001 (0.449) Batch 0.233 (0.693) Remain 00:55:30 loss: 0.8116 Lr: 0.00538
[2026-07-21 09:47:03,655 INFO misc.py line 117 10873] Train: [4/100][45/50] Data 0.001 (0.438) Batch 0.214 (0.682) Remain 00:54:34 loss: 0.6752 Lr: 0.00540
[2026-07-21 09:47:03,874 INFO misc.py line 117 10873] Train: [4/100][46/50] Data 0.002 (0.428) Batch 0.219 (0.671) Remain 00:53:42 loss: 0.6208 Lr: 0.00542
[2026-07-21 09:47:04,113 INFO misc.py line 117 10873] Train: [4/100][47/50] Data 0.001 (0.418) Batch 0.239 (0.661) Remain 00:52:54 loss: 1.0648 Lr: 0.00544
[2026-07-21 09:47:04,344 INFO misc.py line 117 10873] Train: [4/100][48/50] Data 0.001 (0.409) Batch 0.231 (0.651) Remain 00:52:08 loss: 0.8492 Lr: 0.00546
[2026-07-21 09:47:04,576 INFO misc.py line 117 10873] Train: [4/100][49/50] Data 0.002 (0.400) Batch 0.232 (0.642) Remain 00:51:23 loss: 0.8750 Lr: 0.00548
[2026-07-21 09:47:04,811 INFO misc.py line 117 10873] Train: [4/100][50/50] Data 0.002 (0.392) Batch 0.235 (0.634) Remain 00:50:41 loss: 0.7789 Lr: 0.00550
[2026-07-21 09:47:04,811 INFO misc.py line 147 10873] Train result: loss: 0.9598 
[2026-07-21 09:47:04,812 INFO evaluator.py line 169 10873] >>>>>>>>>>>>>>>> Start Evaluation (Segmentation) >>>>>>>>>>>>>>>>
[2026-07-21 09:47:13,356 INFO evaluator.py line 228 10873] Test: [1/1] Loss 288.0736 
[2026-07-21 09:47:13,600 INFO evaluator.py line 257 10873] Val result: mIoU/macroF1/mAcc/mPrecision/allAcc 0.3184/0.3954/0.4454/0.4494/0.7811.
[2026-07-21 09:47:13,600 INFO evaluator.py line 266 10873] Class_0-road Metrics: IoU=0.7217, accuracy=0.7372, precision=0.9718, F1=0.8384
[2026-07-21 09:47:13,600 INFO evaluator.py line 266 10873] Class_1-road_marking Metrics: IoU=0.0762, accuracy=0.4074, precision=0.0857, F1=0.1416
[2026-07-21 09:47:13,600 INFO evaluator.py line 266 10873] Class_2-natural Metrics: IoU=0.7976, accuracy=0.8873, precision=0.8875, F1=0.8874
[2026-07-21 09:47:13,601 INFO evaluator.py line 266 10873] Class_3-building Metrics: IoU=0.6151, accuracy=0.9333, precision=0.6433, F1=0.7617
[2026-07-21 09:47:13,601 INFO evaluator.py line 266 10873] Class_4-utility_line Metrics: IoU=0.0333, accuracy=0.0405, precision=0.1595, F1=0.0645
[2026-07-21 09:47:13,601 INFO evaluator.py line 266 10873] Class_5-pole Metrics: IoU=0.0057, accuracy=0.0057, precision=0.4550, F1=0.0113
[2026-07-21 09:47:13,601 INFO evaluator.py line 266 10873] Class_6-car Metrics: IoU=0.2976, accuracy=0.5516, precision=0.3926, F1=0.4587
[2026-07-21 09:47:13,601 INFO evaluator.py line 266 10873] Class_7-fence Metrics: IoU=0.0000, accuracy=0.0000, precision=0.0000, F1=0.0000
[2026-07-21 09:47:13,601 INFO evaluator.py line 321 10873] <<<<<<<<<<<<<<<<< End Evaluation <<<<<<<<<<<<<<<<<
[2026-07-21 09:47:13,602 INFO misc.py line 182 10873] Best validation mIoU updated to: 0.3184
[2026-07-21 09:47:13,602 INFO misc.py line 187 10873] Currently Best mIoU: 0.3184
[2026-07-21 09:47:13,602 INFO misc.py line 196 10873] Saving checkpoint to: exp/toronto3d/spunet-toronto3d/model/model_last.pth
[2026-07-21 09:47:45,861 INFO misc.py line 117 10873] Train: [5/100][1/50] Data 29.128 (29.128) Batch 29.380 (29.380) Remain 39:09:54 loss: 1.0547 Lr: 0.00552
[2026-07-21 09:47:50,019 INFO misc.py line 117 10873] Train: [5/100][2/50] Data 3.910 (3.910) Batch 4.158 (4.158) Remain 05:32:30 loss: 0.7398 Lr: 0.00554
[2026-07-21 09:47:50,262 INFO misc.py line 117 10873] Train: [5/100][3/50] Data 0.003 (0.003) Batch 0.243 (0.243) Remain 00:19:26 loss: 0.7060 Lr: 0.00556
[2026-07-21 09:47:50,513 INFO misc.py line 117 10873] Train: [5/100][4/50] Data 0.002 (0.002) Batch 0.250 (0.250) Remain 00:20:01 loss: 0.9292 Lr: 0.00558
[2026-07-21 09:47:50,756 INFO misc.py line 117 10873] Train: [5/100][5/50] Data 0.003 (0.003) Batch 0.243 (0.247) Remain 00:19:42 loss: 0.7829 Lr: 0.00559
[2026-07-21 09:47:50,997 INFO misc.py line 117 10873] Train: [5/100][6/50] Data 0.002 (0.002) Batch 0.241 (0.245) Remain 00:19:33 loss: 0.9725 Lr: 0.00561
[2026-07-21 09:47:51,243 INFO misc.py line 117 10873] Train: [5/100][7/50] Data 0.004 (0.003) Batch 0.246 (0.245) Remain 00:19:35 loss: 0.6321 Lr: 0.00563
[2026-07-21 09:47:51,488 INFO misc.py line 117 10873] Train: [5/100][8/50] Data 0.002 (0.003) Batch 0.245 (0.245) Remain 00:19:35 loss: 0.7721 Lr: 0.00565
[2026-07-21 09:47:51,756 INFO misc.py line 117 10873] Train: [5/100][9/50] Data 0.003 (0.003) Batch 0.268 (0.249) Remain 00:19:52 loss: 1.0349 Lr: 0.00566
[2026-07-21 09:47:52,008 INFO misc.py line 117 10873] Train: [5/100][10/50] Data 0.002 (0.003) Batch 0.251 (0.249) Remain 00:19:54 loss: 0.9599 Lr: 0.00568
[2026-07-21 09:47:52,267 INFO misc.py line 117 10873] Train: [5/100][11/50] Data 0.004 (0.003) Batch 0.260 (0.251) Remain 00:20:00 loss: 0.9671 Lr: 0.00570
[2026-07-21 09:47:52,550 INFO misc.py line 117 10873] Train: [5/100][12/50] Data 0.002 (0.003) Batch 0.282 (0.254) Remain 00:20:16 loss: 0.9713 Lr: 0.00571
[2026-07-21 09:47:52,782 INFO misc.py line 117 10873] Train: [5/100][13/50] Data 0.003 (0.003) Batch 0.233 (0.252) Remain 00:20:06 loss: 0.6770 Lr: 0.00573
[2026-07-21 09:47:53,034 INFO misc.py line 117 10873] Train: [5/100][14/50] Data 0.002 (0.003) Batch 0.251 (0.252) Remain 00:20:05 loss: 0.7965 Lr: 0.00574
[2026-07-21 09:47:53,263 INFO misc.py line 117 10873] Train: [5/100][15/50] Data 0.004 (0.003) Batch 0.229 (0.250) Remain 00:19:56 loss: 1.0035 Lr: 0.00576
[2026-07-21 09:47:53,507 INFO misc.py line 117 10873] Train: [5/100][16/50] Data 0.003 (0.003) Batch 0.244 (0.250) Remain 00:19:53 loss: 0.7591 Lr: 0.00577
[2026-07-21 09:47:53,734 INFO misc.py line 117 10873] Train: [5/100][17/50] Data 0.002 (0.003) Batch 0.228 (0.248) Remain 00:19:46 loss: 0.9339 Lr: 0.00578
[2026-07-21 09:47:54,008 INFO misc.py line 117 10873] Train: [5/100][18/50] Data 0.003 (0.003) Batch 0.274 (0.250) Remain 00:19:54 loss: 0.9847 Lr: 0.00580
[2026-07-21 09:47:54,259 INFO misc.py line 117 10873] Train: [5/100][19/50] Data 0.003 (0.003) Batch 0.251 (0.250) Remain 00:19:54 loss: 0.7086 Lr: 0.00581
[2026-07-21 09:47:54,506 INFO misc.py line 117 10873] Train: [5/100][20/50] Data 0.002 (0.003) Batch 0.247 (0.250) Remain 00:19:53 loss: 0.7296 Lr: 0.00582
[2026-07-21 09:47:54,751 INFO misc.py line 117 10873] Train: [5/100][21/50] Data 0.003 (0.003) Batch 0.244 (0.249) Remain 00:19:51 loss: 0.8710 Lr: 0.00583
[2026-07-21 09:47:55,005 INFO misc.py line 117 10873] Train: [5/100][22/50] Data 0.002 (0.003) Batch 0.255 (0.250) Remain 00:19:52 loss: 0.8967 Lr: 0.00584
[2026-07-21 09:47:55,279 INFO misc.py line 117 10873] Train: [5/100][23/50] Data 0.003 (0.003) Batch 0.274 (0.251) Remain 00:19:58 loss: 0.7965 Lr: 0.00586
[2026-07-21 09:47:55,541 INFO misc.py line 117 10873] Train: [5/100][24/50] Data 0.002 (0.003) Batch 0.261 (0.251) Remain 00:20:00 loss: 0.6257 Lr: 0.00587
[2026-07-21 09:47:55,778 INFO misc.py line 117 10873] Train: [5/100][25/50] Data 0.003 (0.003) Batch 0.238 (0.251) Remain 00:19:57 loss: 1.5353 Lr: 0.00588
[2026-07-21 09:47:56,007 INFO misc.py line 117 10873] Train: [5/100][26/50] Data 0.002 (0.003) Batch 0.229 (0.250) Remain 00:19:52 loss: 0.9663 Lr: 0.00589
[2026-07-21 09:47:56,252 INFO misc.py line 117 10873] Train: [5/100][27/50] Data 0.002 (0.003) Batch 0.244 (0.250) Remain 00:19:51 loss: 0.7678 Lr: 0.00590
[2026-07-21 09:47:56,513 INFO misc.py line 117 10873] Train: [5/100][28/50] Data 0.002 (0.003) Batch 0.261 (0.250) Remain 00:19:53 loss: 0.9543 Lr: 0.00591
[2026-07-21 09:48:10,563 INFO misc.py line 117 10873] Train: [5/100][29/50] Data 13.808 (0.534) Batch 14.051 (0.781) Remain 01:02:05 loss: 0.8917 Lr: 0.00591
[2026-07-21 09:48:12,269 INFO misc.py line 117 10873] Train: [5/100][30/50] Data 1.488 (0.569) Batch 1.706 (0.815) Remain 01:04:48 loss: 1.0194 Lr: 0.00592
[2026-07-21 09:48:12,501 INFO misc.py line 117 10873] Train: [5/100][31/50] Data 0.002 (0.549) Batch 0.231 (0.794) Remain 01:03:07 loss: 0.7995 Lr: 0.00593
[2026-07-21 09:48:12,719 INFO misc.py line 117 10873] Train: [5/100][32/50] Data 0.002 (0.530) Batch 0.219 (0.774) Remain 01:01:32 loss: 0.7458 Lr: 0.00594
[2026-07-21 09:48:12,935 INFO misc.py line 117 10873] Train: [5/100][33/50] Data 0.001 (0.512) Batch 0.215 (0.756) Remain 01:00:02 loss: 0.6208 Lr: 0.00595
[2026-07-21 09:48:13,142 INFO misc.py line 117 10873] Train: [5/100][34/50] Data 0.002 (0.496) Batch 0.208 (0.738) Remain 00:58:37 loss: 0.9016 Lr: 0.00595
[2026-07-21 09:48:13,375 INFO misc.py line 117 10873] Train: [5/100][35/50] Data 0.001 (0.480) Batch 0.233 (0.722) Remain 00:57:21 loss: 0.8545 Lr: 0.00596
[2026-07-21 09:48:13,601 INFO misc.py line 117 10873] Train: [5/100][36/50] Data 0.001 (0.466) Batch 0.226 (0.707) Remain 00:56:09 loss: 0.7637 Lr: 0.00596
[2026-07-21 09:48:13,843 INFO misc.py line 117 10873] Train: [5/100][37/50] Data 0.001 (0.452) Batch 0.242 (0.694) Remain 00:55:03 loss: 1.0629 Lr: 0.00597
[2026-07-21 09:48:14,063 INFO misc.py line 117 10873] Train: [5/100][38/50] Data 0.001 (0.439) Batch 0.220 (0.680) Remain 00:53:58 loss: 0.7909 Lr: 0.00597
[2026-07-21 09:48:14,283 INFO misc.py line 117 10873] Train: [5/100][39/50] Data 0.001 (0.427) Batch 0.221 (0.667) Remain 00:52:56 loss: 1.0292 Lr: 0.00598
[2026-07-21 09:48:14,518 INFO misc.py line 117 10873] Train: [5/100][40/50] Data 0.001 (0.416) Batch 0.235 (0.656) Remain 00:52:00 loss: 0.6461 Lr: 0.00598
[2026-07-21 09:48:14,739 INFO misc.py line 117 10873] Train: [5/100][41/50] Data 0.001 (0.405) Batch 0.221 (0.644) Remain 00:51:05 loss: 0.7563 Lr: 0.00599
[2026-07-21 09:48:14,964 INFO misc.py line 117 10873] Train: [5/100][42/50] Data 0.001 (0.394) Batch 0.225 (0.633) Remain 00:50:13 loss: 0.7702 Lr: 0.00599
[2026-07-21 09:48:15,206 INFO misc.py line 117 10873] Train: [5/100][43/50] Data 0.001 (0.385) Batch 0.242 (0.624) Remain 00:49:26 loss: 0.8370 Lr: 0.00599
[2026-07-21 09:48:15,458 INFO misc.py line 117 10873] Train: [5/100][44/50] Data 0.001 (0.375) Batch 0.252 (0.615) Remain 00:48:42 loss: 0.7773 Lr: 0.00599
[2026-07-21 09:48:15,682 INFO misc.py line 117 10873] Train: [5/100][45/50] Data 0.001 (0.366) Batch 0.224 (0.605) Remain 00:47:57 loss: 0.6976 Lr: 0.00600
[2026-07-21 09:48:15,929 INFO misc.py line 117 10873] Train: [5/100][46/50] Data 0.002 (0.358) Batch 0.247 (0.597) Remain 00:47:17 loss: 0.8553 Lr: 0.00600
[2026-07-21 09:48:16,142 INFO misc.py line 117 10873] Train: [5/100][47/50] Data 0.002 (0.350) Batch 0.213 (0.588) Remain 00:46:35 loss: 0.8867 Lr: 0.00600
[2026-07-21 09:48:16,353 INFO misc.py line 117 10873] Train: [5/100][48/50] Data 0.001 (0.342) Batch 0.211 (0.580) Remain 00:45:55 loss: 0.6979 Lr: 0.00600
[2026-07-21 09:48:16,583 INFO misc.py line 117 10873] Train: [5/100][49/50] Data 0.001 (0.335) Batch 0.230 (0.572) Remain 00:45:18 loss: 0.8381 Lr: 0.00600
[2026-07-21 09:48:16,817 INFO misc.py line 117 10873] Train: [5/100][50/50] Data 0.002 (0.327) Batch 0.234 (0.565) Remain 00:44:43 loss: 0.8799 Lr: 0.00600
[2026-07-21 09:48:16,817 INFO misc.py line 147 10873] Train result: loss: 0.8530 
[2026-07-21 09:48:16,818 INFO evaluator.py line 169 10873] >>>>>>>>>>>>>>>> Start Evaluation (Segmentation) >>>>>>>>>>>>>>>>
[2026-07-21 09:48:25,335 INFO evaluator.py line 228 10873] Test: [1/1] Loss 8.2568 
[2026-07-21 09:48:25,598 INFO evaluator.py line 257 10873] Val result: mIoU/macroF1/mAcc/mPrecision/allAcc 0.3001/0.4229/0.5241/0.4603/0.5962.
[2026-07-21 09:48:25,598 INFO evaluator.py line 266 10873] Class_0-road Metrics: IoU=0.3319, accuracy=0.3352, precision=0.9714, F1=0.4984
[2026-07-21 09:48:25,598 INFO evaluator.py line 266 10873] Class_1-road_marking Metrics: IoU=0.2199, accuracy=0.3288, precision=0.3991, F1=0.3606
[2026-07-21 09:48:25,598 INFO evaluator.py line 266 10873] Class_2-natural Metrics: IoU=0.7158, accuracy=0.7538, precision=0.9342, F1=0.8343
[2026-07-21 09:48:25,598 INFO evaluator.py line 266 10873] Class_3-building Metrics: IoU=0.4183, accuracy=0.9450, precision=0.4287, F1=0.5898
[2026-07-21 09:48:25,599 INFO evaluator.py line 266 10873] Class_4-utility_line Metrics: IoU=0.0945, accuracy=0.3819, precision=0.1116, F1=0.1727
[2026-07-21 09:48:25,599 INFO evaluator.py line 266 10873] Class_5-pole Metrics: IoU=0.4165, accuracy=0.5592, precision=0.6201, F1=0.5881
[2026-07-21 09:48:25,599 INFO evaluator.py line 266 10873] Class_6-car Metrics: IoU=0.2039, accuracy=0.8889, precision=0.2092, F1=0.3387
[2026-07-21 09:48:25,599 INFO evaluator.py line 266 10873] Class_7-fence Metrics: IoU=0.0002, accuracy=0.0002, precision=0.0083, F1=0.0004
[2026-07-21 09:48:25,599 INFO evaluator.py line 321 10873] <<<<<<<<<<<<<<<<< End Evaluation <<<<<<<<<<<<<<<<<
[2026-07-21 09:48:25,600 INFO misc.py line 187 10873] Currently Best mIoU: 0.3184
[2026-07-21 09:48:25,600 INFO misc.py line 196 10873] Saving checkpoint to: exp/toronto3d/spunet-toronto3d/model/model_last.pth
[2026-07-21 09:48:55,931 INFO misc.py line 117 10873] Train: [6/100][1/50] Data 29.798 (29.798) Batch 30.062 (30.062) Remain 39:39:24 loss: 0.6543 Lr: 0.00600
[2026-07-21 09:48:56,229 INFO misc.py line 117 10873] Train: [6/100][2/50] Data 0.003 (0.003) Batch 0.299 (0.299) Remain 00:23:39 loss: 0.5307 Lr: 0.00600
[2026-07-21 09:48:56,510 INFO misc.py line 117 10873] Train: [6/100][3/50] Data 0.009 (0.009) Batch 0.280 (0.280) Remain 00:22:10 loss: 0.6281 Lr: 0.00600
[2026-07-21 09:48:56,800 INFO misc.py line 117 10873] Train: [6/100][4/50] Data 0.031 (0.031) Batch 0.290 (0.290) Remain 00:22:55 loss: 0.5322 Lr: 0.00600
[2026-07-21 09:48:57,267 INFO misc.py line 117 10873] Train: [6/100][5/50] Data 0.210 (0.120) Batch 0.468 (0.379) Remain 00:29:58 loss: 0.6901 Lr: 0.00600
[2026-07-21 09:48:57,501 INFO misc.py line 117 10873] Train: [6/100][6/50] Data 0.002 (0.081) Batch 0.233 (0.330) Remain 00:26:06 loss: 1.1673 Lr: 0.00600
[2026-07-21 09:48:57,754 INFO misc.py line 117 10873] Train: [6/100][7/50] Data 0.003 (0.061) Batch 0.253 (0.311) Remain 00:24:35 loss: 0.7744 Lr: 0.00600
[2026-07-21 09:48:58,010 INFO misc.py line 117 10873] Train: [6/100][8/50] Data 0.003 (0.050) Batch 0.257 (0.300) Remain 00:23:43 loss: 0.8341 Lr: 0.00600
[2026-07-21 09:48:58,304 INFO misc.py line 117 10873] Train: [6/100][9/50] Data 0.002 (0.042) Batch 0.294 (0.299) Remain 00:23:38 loss: 1.2892 Lr: 0.00600
[2026-07-21 09:48:58,561 INFO misc.py line 117 10873] Train: [6/100][10/50] Data 0.003 (0.036) Batch 0.257 (0.293) Remain 00:23:09 loss: 0.8986 Lr: 0.00600
[2026-07-21 09:48:58,793 INFO misc.py line 117 10873] Train: [6/100][11/50] Data 0.003 (0.032) Batch 0.232 (0.285) Remain 00:22:32 loss: 0.8894 Lr: 0.00600
[2026-07-21 09:48:59,018 INFO misc.py line 117 10873] Train: [6/100][12/50] Data 0.003 (0.029) Batch 0.224 (0.279) Remain 00:22:00 loss: 0.8460 Lr: 0.00600
[2026-07-21 09:48:59,282 INFO misc.py line 117 10873] Train: [6/100][13/50] Data 0.004 (0.026) Batch 0.264 (0.277) Remain 00:21:52 loss: 0.8564 Lr: 0.00600
[2026-07-21 09:48:59,532 INFO misc.py line 117 10873] Train: [6/100][14/50] Data 0.003 (0.024) Batch 0.251 (0.275) Remain 00:21:41 loss: 0.5323 Lr: 0.00600
[2026-07-21 09:48:59,773 INFO misc.py line 117 10873] Train: [6/100][15/50] Data 0.002 (0.022) Batch 0.240 (0.272) Remain 00:21:27 loss: 0.6997 Lr: 0.00600
[2026-07-21 09:49:00,019 INFO misc.py line 117 10873] Train: [6/100][16/50] Data 0.004 (0.021) Batch 0.246 (0.270) Remain 00:21:17 loss: 0.6447 Lr: 0.00600
[2026-07-21 09:49:00,273 INFO misc.py line 117 10873] Train: [6/100][17/50] Data 0.004 (0.020) Batch 0.256 (0.269) Remain 00:21:12 loss: 0.7174 Lr: 0.00600
[2026-07-21 09:49:00,521 INFO misc.py line 117 10873] Train: [6/100][18/50] Data 0.002 (0.019) Batch 0.247 (0.267) Remain 00:21:05 loss: 0.9327 Lr: 0.00600
[2026-07-21 09:49:00,752 INFO misc.py line 117 10873] Train: [6/100][19/50] Data 0.003 (0.018) Batch 0.231 (0.265) Remain 00:20:54 loss: 0.4075 Lr: 0.00600
[2026-07-21 09:49:01,021 INFO misc.py line 117 10873] Train: [6/100][20/50] Data 0.003 (0.017) Batch 0.269 (0.265) Remain 00:20:55 loss: 0.8369 Lr: 0.00600
[2026-07-21 09:49:01,261 INFO misc.py line 117 10873] Train: [6/100][21/50] Data 0.003 (0.016) Batch 0.240 (0.264) Remain 00:20:48 loss: 0.7185 Lr: 0.00600
[2026-07-21 09:49:01,520 INFO misc.py line 117 10873] Train: [6/100][22/50] Data 0.002 (0.015) Batch 0.259 (0.264) Remain 00:20:46 loss: 0.8002 Lr: 0.00600
[2026-07-21 09:49:01,780 INFO misc.py line 117 10873] Train: [6/100][23/50] Data 0.003 (0.015) Batch 0.261 (0.264) Remain 00:20:45 loss: 0.9310 Lr: 0.00600
[2026-07-21 09:49:02,033 INFO misc.py line 117 10873] Train: [6/100][24/50] Data 0.002 (0.014) Batch 0.253 (0.263) Remain 00:20:43 loss: 1.0884 Lr: 0.00600
[2026-07-21 09:49:02,281 INFO misc.py line 117 10873] Train: [6/100][25/50] Data 0.003 (0.014) Batch 0.247 (0.262) Remain 00:20:39 loss: 0.7209 Lr: 0.00600
[2026-07-21 09:49:02,528 INFO misc.py line 117 10873] Train: [6/100][26/50] Data 0.002 (0.013) Batch 0.242 (0.261) Remain 00:20:34 loss: 0.8510 Lr: 0.00600
[2026-07-21 09:49:02,800 INFO misc.py line 117 10873] Train: [6/100][27/50] Data 0.008 (0.013) Batch 0.277 (0.262) Remain 00:20:37 loss: 1.1992 Lr: 0.00600
[2026-07-21 09:49:03,045 INFO misc.py line 117 10873] Train: [6/100][28/50] Data 0.003 (0.013) Batch 0.246 (0.261) Remain 00:20:34 loss: 0.5646 Lr: 0.00600
[2026-07-21 09:49:19,553 INFO misc.py line 117 10873] Train: [6/100][29/50] Data 16.260 (0.637) Batch 16.508 (0.886) Remain 01:09:44 loss: 0.7716 Lr: 0.00600
[2026-07-21 09:49:19,785 INFO misc.py line 117 10873] Train: [6/100][30/50] Data 0.002 (0.614) Batch 0.232 (0.862) Remain 01:07:48 loss: 0.7045 Lr: 0.00600
[2026-07-21 09:49:20,024 INFO misc.py line 117 10873] Train: [6/100][31/50] Data 0.002 (0.592) Batch 0.239 (0.840) Remain 01:06:03 loss: 0.7033 Lr: 0.00600
[2026-07-21 09:49:20,455 INFO misc.py line 117 10873] Train: [6/100][32/50] Data 0.208 (0.579) Batch 0.431 (0.826) Remain 01:04:55 loss: 0.6902 Lr: 0.00600
[2026-07-21 09:49:21,777 INFO misc.py line 117 10873] Train: [6/100][33/50] Data 1.097 (0.596) Batch 1.322 (0.842) Remain 01:06:12 loss: 0.7575 Lr: 0.00600
[2026-07-21 09:49:22,008 INFO misc.py line 117 10873] Train: [6/100][34/50] Data 0.001 (0.577) Batch 0.231 (0.823) Remain 01:04:39 loss: 0.6840 Lr: 0.00600
[2026-07-21 09:49:22,229 INFO misc.py line 117 10873] Train: [6/100][35/50] Data 0.001 (0.559) Batch 0.221 (0.804) Remain 01:03:09 loss: 0.5102 Lr: 0.00600
[2026-07-21 09:49:22,465 INFO misc.py line 117 10873] Train: [6/100][36/50] Data 0.001 (0.542) Batch 0.236 (0.787) Remain 01:01:47 loss: 0.7005 Lr: 0.00600
[2026-07-21 09:49:22,698 INFO misc.py line 117 10873] Train: [6/100][37/50] Data 0.001 (0.526) Batch 0.233 (0.770) Remain 01:00:30 loss: 0.6322 Lr: 0.00600
[2026-07-21 09:49:22,922 INFO misc.py line 117 10873] Train: [6/100][38/50] Data 0.001 (0.511) Batch 0.224 (0.755) Remain 00:59:15 loss: 0.6613 Lr: 0.00600
[2026-07-21 09:49:23,132 INFO misc.py line 117 10873] Train: [6/100][39/50] Data 0.001 (0.497) Batch 0.210 (0.740) Remain 00:58:03 loss: 0.6125 Lr: 0.00600
[2026-07-21 09:49:23,349 INFO misc.py line 117 10873] Train: [6/100][40/50] Data 0.001 (0.483) Batch 0.217 (0.725) Remain 00:56:56 loss: 0.7026 Lr: 0.00600
[2026-07-21 09:49:23,598 INFO misc.py line 117 10873] Train: [6/100][41/50] Data 0.001 (0.471) Batch 0.249 (0.713) Remain 00:55:56 loss: 0.8991 Lr: 0.00600
[2026-07-21 09:49:23,818 INFO misc.py line 117 10873] Train: [6/100][42/50] Data 0.001 (0.459) Batch 0.219 (0.700) Remain 00:54:56 loss: 0.5234 Lr: 0.00600
[2026-07-21 09:49:24,038 INFO misc.py line 117 10873] Train: [6/100][43/50] Data 0.001 (0.447) Batch 0.220 (0.688) Remain 00:53:59 loss: 0.5825 Lr: 0.00600
[2026-07-21 09:49:24,258 INFO misc.py line 117 10873] Train: [6/100][44/50] Data 0.001 (0.436) Batch 0.220 (0.677) Remain 00:53:05 loss: 0.7813 Lr: 0.00600
[2026-07-21 09:49:24,486 INFO misc.py line 117 10873] Train: [6/100][45/50] Data 0.001 (0.426) Batch 0.228 (0.666) Remain 00:52:14 loss: 0.6255 Lr: 0.00600
[2026-07-21 09:49:24,717 INFO misc.py line 117 10873] Train: [6/100][46/50] Data 0.001 (0.416) Batch 0.231 (0.656) Remain 00:51:25 loss: 0.5970 Lr: 0.00600
[2026-07-21 09:49:24,943 INFO misc.py line 117 10873] Train: [6/100][47/50] Data 0.001 (0.407) Batch 0.225 (0.646) Remain 00:50:39 loss: 0.7142 Lr: 0.00600
[2026-07-21 09:49:25,179 INFO misc.py line 117 10873] Train: [6/100][48/50] Data 0.001 (0.398) Batch 0.236 (0.637) Remain 00:49:55 loss: 0.7532 Lr: 0.00600
[2026-07-21 09:49:25,405 INFO misc.py line 117 10873] Train: [6/100][49/50] Data 0.001 (0.389) Batch 0.226 (0.628) Remain 00:49:13 loss: 0.6821 Lr: 0.00600
[2026-07-21 09:49:25,646 INFO misc.py line 117 10873] Train: [6/100][50/50] Data 0.001 (0.381) Batch 0.241 (0.620) Remain 00:48:33 loss: 0.6279 Lr: 0.00600
[2026-07-21 09:49:25,647 INFO misc.py line 147 10873] Train result: loss: 0.7430 
[2026-07-21 09:49:25,647 INFO evaluator.py line 169 10873] >>>>>>>>>>>>>>>> Start Evaluation (Segmentation) >>>>>>>>>>>>>>>>
[2026-07-21 09:49:34,181 INFO evaluator.py line 228 10873] Test: [1/1] Loss 2.8872 
[2026-07-21 09:49:34,450 INFO evaluator.py line 257 10873] Val result: mIoU/macroF1/mAcc/mPrecision/allAcc 0.4437/0.5543/0.6575/0.5799/0.7375.
[2026-07-21 09:49:34,451 INFO evaluator.py line 266 10873] Class_0-road Metrics: IoU=0.5369, accuracy=0.5462, precision=0.9694, F1=0.6987
[2026-07-21 09:49:34,451 INFO evaluator.py line 266 10873] Class_1-road_marking Metrics: IoU=0.0587, accuracy=0.8211, precision=0.0595, F1=0.1110
[2026-07-21 09:49:34,451 INFO evaluator.py line 266 10873] Class_2-natural Metrics: IoU=0.8643, accuracy=0.8727, precision=0.9891, F1=0.9272
[2026-07-21 09:49:34,451 INFO evaluator.py line 266 10873] Class_3-building Metrics: IoU=0.7164, accuracy=0.9574, precision=0.7400, F1=0.8348
[2026-07-21 09:49:34,451 INFO evaluator.py line 266 10873] Class_4-utility_line Metrics: IoU=0.3162, accuracy=0.4583, precision=0.5049, F1=0.4805
[2026-07-21 09:49:34,451 INFO evaluator.py line 266 10873] Class_5-pole Metrics: IoU=0.4844, accuracy=0.7050, precision=0.6076, F1=0.6527
[2026-07-21 09:49:34,451 INFO evaluator.py line 266 10873] Class_6-car Metrics: IoU=0.5712, accuracy=0.8982, precision=0.6107, F1=0.7271
[2026-07-21 09:49:34,451 INFO evaluator.py line 266 10873] Class_7-fence Metrics: IoU=0.0014, accuracy=0.0014, precision=0.1584, F1=0.0029
[2026-07-21 09:49:34,452 INFO evaluator.py line 321 10873] <<<<<<<<<<<<<<<<< End Evaluation <<<<<<<<<<<<<<<<<
[2026-07-21 09:49:34,453 INFO misc.py line 182 10873] Best validation mIoU updated to: 0.4437
[2026-07-21 09:49:34,453 INFO misc.py line 187 10873] Currently Best mIoU: 0.4437
[2026-07-21 09:49:34,453 INFO misc.py line 196 10873] Saving checkpoint to: exp/toronto3d/spunet-toronto3d/model/model_last.pth
[2026-07-21 09:50:03,487 INFO misc.py line 117 10873] Train: [7/100][1/50] Data 25.895 (25.895) Batch 26.152 (26.152) Remain 34:08:07 loss: 0.7122 Lr: 0.00600
[2026-07-21 09:50:03,769 INFO misc.py line 117 10873] Train: [7/100][2/50] Data 0.013 (0.013) Batch 0.282 (0.282) Remain 00:22:06 loss: 0.7787 Lr: 0.00600
[2026-07-21 09:50:06,971 INFO misc.py line 117 10873] Train: [7/100][3/50] Data 2.957 (2.957) Batch 3.202 (3.202) Remain 04:10:41 loss: 0.6750 Lr: 0.00600
[2026-07-21 09:50:10,217 INFO misc.py line 117 10873] Train: [7/100][4/50] Data 2.980 (2.980) Batch 3.244 (3.244) Remain 04:13:55 loss: 0.7839 Lr: 0.00600
[2026-07-21 09:50:10,457 INFO misc.py line 117 10873] Train: [7/100][5/50] Data 0.005 (1.492) Batch 0.242 (1.743) Remain 02:16:23 loss: 0.6168 Lr: 0.00600
[2026-07-21 09:50:10,686 INFO misc.py line 117 10873] Train: [7/100][6/50] Data 0.003 (0.996) Batch 0.229 (1.238) Remain 01:36:53 loss: 0.6082 Lr: 0.00600
[2026-07-21 09:50:10,965 INFO misc.py line 117 10873] Train: [7/100][7/50] Data 0.003 (0.747) Batch 0.279 (0.999) Remain 01:18:06 loss: 0.6304 Lr: 0.00600
[2026-07-21 09:50:11,232 INFO misc.py line 117 10873] Train: [7/100][8/50] Data 0.002 (0.598) Batch 0.262 (0.851) Remain 01:06:34 loss: 0.6758 Lr: 0.00600
[2026-07-21 09:50:11,495 INFO misc.py line 117 10873] Train: [7/100][9/50] Data 0.008 (0.500) Batch 0.268 (0.754) Remain 00:58:57 loss: 0.6534 Lr: 0.00600
[2026-07-21 09:50:11,729 INFO misc.py line 117 10873] Train: [7/100][10/50] Data 0.002 (0.429) Batch 0.234 (0.680) Remain 00:53:08 loss: 0.7238 Lr: 0.00600
[2026-07-21 09:50:11,961 INFO misc.py line 117 10873] Train: [7/100][11/50] Data 0.003 (0.376) Batch 0.232 (0.624) Remain 00:48:44 loss: 0.5405 Lr: 0.00600
[2026-07-21 09:50:12,199 INFO misc.py line 117 10873] Train: [7/100][12/50] Data 0.002 (0.334) Batch 0.238 (0.581) Remain 00:45:23 loss: 0.6301 Lr: 0.00600
[2026-07-21 09:50:12,441 INFO misc.py line 117 10873] Train: [7/100][13/50] Data 0.003 (0.301) Batch 0.242 (0.547) Remain 00:42:43 loss: 0.6823 Lr: 0.00600
[2026-07-21 09:50:12,698 INFO misc.py line 117 10873] Train: [7/100][14/50] Data 0.002 (0.274) Batch 0.257 (0.521) Remain 00:40:39 loss: 0.7267 Lr: 0.00600
[2026-07-21 09:50:12,941 INFO misc.py line 117 10873] Train: [7/100][15/50] Data 0.003 (0.251) Batch 0.243 (0.497) Remain 00:38:50 loss: 0.5457 Lr: 0.00600
[2026-07-21 09:50:13,184 INFO misc.py line 117 10873] Train: [7/100][16/50] Data 0.004 (0.232) Batch 0.244 (0.478) Remain 00:37:18 loss: 0.7056 Lr: 0.00600
[2026-07-21 09:50:13,442 INFO misc.py line 117 10873] Train: [7/100][17/50] Data 0.003 (0.216) Batch 0.258 (0.462) Remain 00:36:04 loss: 0.8574 Lr: 0.00600
[2026-07-21 09:50:13,690 INFO misc.py line 117 10873] Train: [7/100][18/50] Data 0.003 (0.202) Batch 0.248 (0.448) Remain 00:34:57 loss: 0.6823 Lr: 0.00600
[2026-07-21 09:50:13,957 INFO misc.py line 117 10873] Train: [7/100][19/50] Data 0.002 (0.189) Batch 0.267 (0.437) Remain 00:34:03 loss: 0.9270 Lr: 0.00600
[2026-07-21 09:50:14,202 INFO misc.py line 117 10873] Train: [7/100][20/50] Data 0.003 (0.178) Batch 0.243 (0.425) Remain 00:33:10 loss: 0.5950 Lr: 0.00600
[2026-07-21 09:50:14,457 INFO misc.py line 117 10873] Train: [7/100][21/50] Data 0.005 (0.169) Batch 0.257 (0.416) Remain 00:32:25 loss: 0.6495 Lr: 0.00600
[2026-07-21 09:50:14,699 INFO misc.py line 117 10873] Train: [7/100][22/50] Data 0.002 (0.160) Batch 0.242 (0.407) Remain 00:31:42 loss: 0.6043 Lr: 0.00600
[2026-07-21 09:50:14,937 INFO misc.py line 117 10873] Train: [7/100][23/50] Data 0.002 (0.152) Batch 0.237 (0.398) Remain 00:31:02 loss: 0.5378 Lr: 0.00600
[2026-07-21 09:50:15,183 INFO misc.py line 117 10873] Train: [7/100][24/50] Data 0.002 (0.145) Batch 0.246 (0.391) Remain 00:30:28 loss: 0.6391 Lr: 0.00600
[2026-07-21 09:50:15,447 INFO misc.py line 117 10873] Train: [7/100][25/50] Data 0.002 (0.138) Batch 0.264 (0.385) Remain 00:30:01 loss: 0.6593 Lr: 0.00600
[2026-07-21 09:50:15,688 INFO misc.py line 117 10873] Train: [7/100][26/50] Data 0.003 (0.132) Batch 0.242 (0.379) Remain 00:29:31 loss: 0.7533 Lr: 0.00600
[2026-07-21 09:50:15,934 INFO misc.py line 117 10873] Train: [7/100][27/50] Data 0.002 (0.127) Batch 0.244 (0.373) Remain 00:29:04 loss: 0.7668 Lr: 0.00600
[2026-07-21 09:50:16,189 INFO misc.py line 117 10873] Train: [7/100][28/50] Data 0.003 (0.122) Batch 0.257 (0.369) Remain 00:28:42 loss: 0.7596 Lr: 0.00600
[2026-07-21 09:50:28,289 INFO misc.py line 117 10873] Train: [7/100][29/50] Data 11.850 (0.573) Batch 12.100 (0.820) Remain 01:03:49 loss: 0.5804 Lr: 0.00600
[2026-07-21 09:50:28,509 INFO misc.py line 117 10873] Train: [7/100][30/50] Data 0.002 (0.552) Batch 0.220 (0.798) Remain 01:02:05 loss: 0.4829 Lr: 0.00600
[2026-07-21 09:50:31,455 INFO misc.py line 117 10873] Train: [7/100][31/50] Data 2.722 (0.629) Batch 2.946 (0.874) Remain 01:08:02 loss: 0.5908 Lr: 0.00600
[2026-07-21 09:50:34,440 INFO misc.py line 117 10873] Train: [7/100][32/50] Data 2.763 (0.703) Batch 2.986 (0.947) Remain 01:13:41 loss: 0.5056 Lr: 0.00600
[2026-07-21 09:50:34,659 INFO misc.py line 117 10873] Train: [7/100][33/50] Data 0.001 (0.680) Batch 0.219 (0.923) Remain 01:11:47 loss: 0.5307 Lr: 0.00600
[2026-07-21 09:50:34,882 INFO misc.py line 117 10873] Train: [7/100][34/50] Data 0.001 (0.658) Batch 0.223 (0.900) Remain 01:10:01 loss: 0.6221 Lr: 0.00600
[2026-07-21 09:50:35,103 INFO misc.py line 117 10873] Train: [7/100][35/50] Data 0.001 (0.637) Batch 0.220 (0.879) Remain 01:08:21 loss: 0.8256 Lr: 0.00600
[2026-07-21 09:50:35,337 INFO misc.py line 117 10873] Train: [7/100][36/50] Data 0.001 (0.618) Batch 0.234 (0.860) Remain 01:06:49 loss: 0.4726 Lr: 0.00600
[2026-07-21 09:50:35,555 INFO misc.py line 117 10873] Train: [7/100][37/50] Data 0.001 (0.600) Batch 0.218 (0.841) Remain 01:05:20 loss: 0.5867 Lr: 0.00599
[2026-07-21 09:50:35,782 INFO misc.py line 117 10873] Train: [7/100][38/50] Data 0.001 (0.583) Batch 0.226 (0.823) Remain 01:03:57 loss: 0.6020 Lr: 0.00599
[2026-07-21 09:50:36,038 INFO misc.py line 117 10873] Train: [7/100][39/50] Data 0.001 (0.567) Batch 0.256 (0.807) Remain 01:02:43 loss: 1.6294 Lr: 0.00599
[2026-07-21 09:50:36,256 INFO misc.py line 117 10873] Train: [7/100][40/50] Data 0.001 (0.551) Batch 0.218 (0.791) Remain 01:01:28 loss: 0.5235 Lr: 0.00599
[2026-07-21 09:50:36,509 INFO misc.py line 117 10873] Train: [7/100][41/50] Data 0.001 (0.537) Batch 0.253 (0.777) Remain 01:00:21 loss: 0.6287 Lr: 0.00599
[2026-07-21 09:50:36,748 INFO misc.py line 117 10873] Train: [7/100][42/50] Data 0.001 (0.523) Batch 0.240 (0.764) Remain 00:59:16 loss: 0.7277 Lr: 0.00599
[2026-07-21 09:50:36,962 INFO misc.py line 117 10873] Train: [7/100][43/50] Data 0.001 (0.510) Batch 0.214 (0.750) Remain 00:58:11 loss: 0.7619 Lr: 0.00599
[2026-07-21 09:50:37,174 INFO misc.py line 117 10873] Train: [7/100][44/50] Data 0.001 (0.498) Batch 0.211 (0.737) Remain 00:57:09 loss: 0.8545 Lr: 0.00599
[2026-07-21 09:50:37,396 INFO misc.py line 117 10873] Train: [7/100][45/50] Data 0.001 (0.486) Batch 0.223 (0.724) Remain 00:56:12 loss: 0.8217 Lr: 0.00599
[2026-07-21 09:50:37,643 INFO misc.py line 117 10873] Train: [7/100][46/50] Data 0.001 (0.474) Batch 0.247 (0.713) Remain 00:55:19 loss: 0.6821 Lr: 0.00599
[2026-07-21 09:50:37,871 INFO misc.py line 117 10873] Train: [7/100][47/50] Data 0.001 (0.464) Batch 0.228 (0.702) Remain 00:54:27 loss: 0.6239 Lr: 0.00599
[2026-07-21 09:50:38,079 INFO misc.py line 117 10873] Train: [7/100][48/50] Data 0.001 (0.453) Batch 0.208 (0.691) Remain 00:53:35 loss: 0.5364 Lr: 0.00599
[2026-07-21 09:50:38,312 INFO misc.py line 117 10873] Train: [7/100][49/50] Data 0.001 (0.444) Batch 0.232 (0.681) Remain 00:52:48 loss: 0.9099 Lr: 0.00599
[2026-07-21 09:50:38,539 INFO misc.py line 117 10873] Train: [7/100][50/50] Data 0.001 (0.434) Batch 0.227 (0.672) Remain 00:52:03 loss: 0.6179 Lr: 0.00599
[2026-07-21 09:50:38,539 INFO misc.py line 147 10873] Train result: loss: 0.6847 
[2026-07-21 09:50:38,539 INFO evaluator.py line 169 10873] >>>>>>>>>>>>>>>> Start Evaluation (Segmentation) >>>>>>>>>>>>>>>>
[2026-07-21 09:50:47,036 INFO evaluator.py line 228 10873] Test: [1/1] Loss 1.6784 
[2026-07-21 09:50:47,284 INFO evaluator.py line 257 10873] Val result: mIoU/macroF1/mAcc/mPrecision/allAcc 0.4588/0.5633/0.6473/0.5745/0.7747.
[2026-07-21 09:50:47,284 INFO evaluator.py line 266 10873] Class_0-road Metrics: IoU=0.6431, accuracy=0.6581, precision=0.9658, F1=0.7828
[2026-07-21 09:50:47,285 INFO evaluator.py line 266 10873] Class_1-road_marking Metrics: IoU=0.0494, accuracy=0.5553, precision=0.0514, F1=0.0941
[2026-07-21 09:50:47,285 INFO evaluator.py line 266 10873] Class_2-natural Metrics: IoU=0.8563, accuracy=0.8667, precision=0.9862, F1=0.9226
[2026-07-21 09:50:47,285 INFO evaluator.py line 266 10873] Class_3-building Metrics: IoU=0.7261, accuracy=0.9173, precision=0.7770, F1=0.8413
[2026-07-21 09:50:47,285 INFO evaluator.py line 266 10873] Class_4-utility_line Metrics: IoU=0.4061, accuracy=0.4740, precision=0.7394, F1=0.5777
[2026-07-21 09:50:47,285 INFO evaluator.py line 266 10873] Class_5-pole Metrics: IoU=0.3229, accuracy=0.8203, precision=0.3474, F1=0.4881
[2026-07-21 09:50:47,285 INFO evaluator.py line 266 10873] Class_6-car Metrics: IoU=0.6664, accuracy=0.8863, precision=0.7287, F1=0.7998
[2026-07-21 09:50:47,285 INFO evaluator.py line 266 10873] Class_7-fence Metrics: IoU=0.0000, accuracy=0.0000, precision=0.0000, F1=0.0000
[2026-07-21 09:50:47,285 INFO evaluator.py line 321 10873] <<<<<<<<<<<<<<<<< End Evaluation <<<<<<<<<<<<<<<<<
[2026-07-21 09:50:47,286 INFO misc.py line 182 10873] Best validation mIoU updated to: 0.4588
[2026-07-21 09:50:47,286 INFO misc.py line 187 10873] Currently Best mIoU: 0.4588
[2026-07-21 09:50:47,286 INFO misc.py line 196 10873] Saving checkpoint to: exp/toronto3d/spunet-toronto3d/model/model_last.pth
[2026-07-21 09:51:15,958 INFO misc.py line 117 10873] Train: [8/100][1/50] Data 25.504 (25.504) Batch 25.783 (25.783) Remain 33:17:44 loss: 0.7080 Lr: 0.00599
[2026-07-21 09:51:17,499 INFO misc.py line 117 10873] Train: [8/100][2/50] Data 1.293 (1.293) Batch 1.541 (1.541) Remain 01:59:22 loss: 0.6961 Lr: 0.00599
[2026-07-21 09:51:17,769 INFO misc.py line 117 10873] Train: [8/100][3/50] Data 0.003 (0.003) Batch 0.271 (0.271) Remain 00:20:57 loss: 0.8701 Lr: 0.00599
[2026-07-21 09:51:18,063 INFO misc.py line 117 10873] Train: [8/100][4/50] Data 0.011 (0.011) Batch 0.295 (0.295) Remain 00:22:48 loss: 0.7724 Lr: 0.00599
[2026-07-21 09:51:18,388 INFO misc.py line 117 10873] Train: [8/100][5/50] Data 0.007 (0.009) Batch 0.324 (0.310) Remain 00:23:57 loss: 0.6170 Lr: 0.00599
[2026-07-21 09:51:18,727 INFO misc.py line 117 10873] Train: [8/100][6/50] Data 0.087 (0.035) Batch 0.339 (0.319) Remain 00:24:42 loss: 0.8010 Lr: 0.00599
[2026-07-21 09:51:19,350 INFO misc.py line 117 10873] Train: [8/100][7/50] Data 0.359 (0.116) Batch 0.623 (0.395) Remain 00:30:35 loss: 0.8113 Lr: 0.00599
[2026-07-21 09:51:19,990 INFO misc.py line 117 10873] Train: [8/100][8/50] Data 0.405 (0.174) Batch 0.640 (0.444) Remain 00:34:21 loss: 0.6064 Lr: 0.00599
[2026-07-21 09:51:20,238 INFO misc.py line 117 10873] Train: [8/100][9/50] Data 0.004 (0.145) Batch 0.248 (0.412) Remain 00:31:49 loss: 0.6578 Lr: 0.00599
[2026-07-21 09:51:20,488 INFO misc.py line 117 10873] Train: [8/100][10/50] Data 0.003 (0.125) Batch 0.250 (0.388) Remain 00:30:02 loss: 0.7620 Lr: 0.00599
[2026-07-21 09:51:20,764 INFO misc.py line 117 10873] Train: [8/100][11/50] Data 0.012 (0.111) Batch 0.276 (0.374) Remain 00:28:56 loss: 0.7185 Lr: 0.00599
[2026-07-21 09:51:21,032 INFO misc.py line 117 10873] Train: [8/100][12/50] Data 0.004 (0.099) Batch 0.268 (0.363) Remain 00:28:01 loss: 0.5636 Lr: 0.00599
[2026-07-21 09:51:21,282 INFO misc.py line 117 10873] Train: [8/100][13/50] Data 0.002 (0.089) Batch 0.250 (0.351) Remain 00:27:09 loss: 0.7163 Lr: 0.00599
[2026-07-21 09:51:21,549 INFO misc.py line 117 10873] Train: [8/100][14/50] Data 0.002 (0.082) Batch 0.267 (0.344) Remain 00:26:33 loss: 0.6298 Lr: 0.00599
[2026-07-21 09:51:21,790 INFO misc.py line 117 10873] Train: [8/100][15/50] Data 0.003 (0.075) Batch 0.241 (0.335) Remain 00:25:52 loss: 0.6806 Lr: 0.00599
[2026-07-21 09:51:22,026 INFO misc.py line 117 10873] Train: [8/100][16/50] Data 0.003 (0.069) Batch 0.237 (0.327) Remain 00:25:17 loss: 0.7027 Lr: 0.00599
[2026-07-21 09:51:22,296 INFO misc.py line 117 10873] Train: [8/100][17/50] Data 0.002 (0.065) Batch 0.270 (0.323) Remain 00:24:58 loss: 0.6938 Lr: 0.00599
[2026-07-21 09:51:22,543 INFO misc.py line 117 10873] Train: [8/100][18/50] Data 0.003 (0.061) Batch 0.247 (0.318) Remain 00:24:34 loss: 0.6901 Lr: 0.00599
[2026-07-21 09:51:22,814 INFO misc.py line 117 10873] Train: [8/100][19/50] Data 0.002 (0.057) Batch 0.271 (0.315) Remain 00:24:20 loss: 0.6598 Lr: 0.00599
[2026-07-21 09:51:23,060 INFO misc.py line 117 10873] Train: [8/100][20/50] Data 0.003 (0.054) Batch 0.246 (0.311) Remain 00:24:01 loss: 0.6714 Lr: 0.00599
[2026-07-21 09:51:23,300 INFO misc.py line 117 10873] Train: [8/100][21/50] Data 0.003 (0.051) Batch 0.240 (0.307) Remain 00:23:42 loss: 0.6730 Lr: 0.00599
[2026-07-21 09:51:23,536 INFO misc.py line 117 10873] Train: [8/100][22/50] Data 0.003 (0.048) Batch 0.236 (0.304) Remain 00:23:24 loss: 1.1249 Lr: 0.00599
[2026-07-21 09:51:23,767 INFO misc.py line 117 10873] Train: [8/100][23/50] Data 0.003 (0.046) Batch 0.232 (0.300) Remain 00:23:07 loss: 0.5262 Lr: 0.00599
[2026-07-21 09:51:24,011 INFO misc.py line 117 10873] Train: [8/100][24/50] Data 0.003 (0.044) Batch 0.243 (0.297) Remain 00:22:55 loss: 0.4402 Lr: 0.00599
[2026-07-21 09:51:24,274 INFO misc.py line 117 10873] Train: [8/100][25/50] Data 0.003 (0.042) Batch 0.263 (0.296) Remain 00:22:47 loss: 0.6448 Lr: 0.00599
[2026-07-21 09:51:24,519 INFO misc.py line 117 10873] Train: [8/100][26/50] Data 0.003 (0.040) Batch 0.246 (0.294) Remain 00:22:37 loss: 0.6879 Lr: 0.00599
[2026-07-21 09:51:24,757 INFO misc.py line 117 10873] Train: [8/100][27/50] Data 0.002 (0.039) Batch 0.238 (0.291) Remain 00:22:26 loss: 0.6389 Lr: 0.00599
[2026-07-21 09:51:25,039 INFO misc.py line 117 10873] Train: [8/100][28/50] Data 0.003 (0.037) Batch 0.281 (0.291) Remain 00:22:24 loss: 0.7808 Lr: 0.00599
[2026-07-21 09:51:41,657 INFO misc.py line 117 10873] Train: [8/100][29/50] Data 16.372 (0.666) Batch 16.618 (0.919) Remain 01:10:45 loss: 0.7084 Lr: 0.00599
[2026-07-21 09:51:41,924 INFO misc.py line 117 10873] Train: [8/100][30/50] Data 0.003 (0.641) Batch 0.267 (0.895) Remain 01:08:53 loss: 0.7821 Lr: 0.00599
[2026-07-21 09:51:42,190 INFO misc.py line 117 10873] Train: [8/100][31/50] Data 0.002 (0.618) Batch 0.266 (0.872) Remain 01:07:08 loss: 0.7578 Lr: 0.00599
[2026-07-21 09:51:42,425 INFO misc.py line 117 10873] Train: [8/100][32/50] Data 0.003 (0.597) Batch 0.235 (0.850) Remain 01:05:26 loss: 0.7727 Lr: 0.00599
[2026-07-21 09:51:42,672 INFO misc.py line 117 10873] Train: [8/100][33/50] Data 0.002 (0.577) Batch 0.247 (0.830) Remain 01:03:52 loss: 0.6378 Lr: 0.00599
[2026-07-21 09:51:42,910 INFO misc.py line 117 10873] Train: [8/100][34/50] Data 0.002 (0.559) Batch 0.239 (0.811) Remain 01:02:23 loss: 0.6446 Lr: 0.00599
[2026-07-21 09:51:44,649 INFO misc.py line 117 10873] Train: [8/100][35/50] Data 1.491 (0.588) Batch 1.739 (0.840) Remain 01:04:36 loss: 0.6886 Lr: 0.00599
[2026-07-21 09:51:45,576 INFO misc.py line 117 10873] Train: [8/100][36/50] Data 0.696 (0.591) Batch 0.928 (0.843) Remain 01:04:48 loss: 0.7438 Lr: 0.00599
[2026-07-21 09:51:45,806 INFO misc.py line 117 10873] Train: [8/100][37/50] Data 0.001 (0.574) Batch 0.230 (0.825) Remain 01:03:24 loss: 0.6969 Lr: 0.00599
[2026-07-21 09:51:46,043 INFO misc.py line 117 10873] Train: [8/100][38/50] Data 0.001 (0.557) Batch 0.237 (0.808) Remain 01:02:05 loss: 0.7168 Lr: 0.00599
[2026-07-21 09:51:46,259 INFO misc.py line 117 10873] Train: [8/100][39/50] Data 0.001 (0.542) Batch 0.217 (0.791) Remain 01:00:49 loss: 0.6304 Lr: 0.00599
[2026-07-21 09:51:46,481 INFO misc.py line 117 10873] Train: [8/100][40/50] Data 0.001 (0.527) Batch 0.222 (0.776) Remain 00:59:37 loss: 0.4858 Lr: 0.00599
[2026-07-21 09:51:46,721 INFO misc.py line 117 10873] Train: [8/100][41/50] Data 0.001 (0.513) Batch 0.240 (0.762) Remain 00:58:31 loss: 0.8196 Lr: 0.00599
[2026-07-21 09:51:46,937 INFO misc.py line 117 10873] Train: [8/100][42/50] Data 0.001 (0.500) Batch 0.216 (0.748) Remain 00:57:26 loss: 0.5095 Lr: 0.00599
[2026-07-21 09:51:47,153 INFO misc.py line 117 10873] Train: [8/100][43/50] Data 0.001 (0.488) Batch 0.217 (0.735) Remain 00:56:24 loss: 0.6294 Lr: 0.00599
[2026-07-21 09:51:47,376 INFO misc.py line 117 10873] Train: [8/100][44/50] Data 0.001 (0.476) Batch 0.222 (0.722) Remain 00:55:26 loss: 0.5427 Lr: 0.00599
[2026-07-21 09:51:47,619 INFO misc.py line 117 10873] Train: [8/100][45/50] Data 0.001 (0.465) Batch 0.244 (0.711) Remain 00:54:33 loss: 0.7471 Lr: 0.00599
[2026-07-21 09:51:47,842 INFO misc.py line 117 10873] Train: [8/100][46/50] Data 0.001 (0.454) Batch 0.222 (0.699) Remain 00:53:40 loss: 0.5841 Lr: 0.00599
[2026-07-21 09:51:48,057 INFO misc.py line 117 10873] Train: [8/100][47/50] Data 0.001 (0.444) Batch 0.215 (0.688) Remain 00:52:48 loss: 0.5399 Lr: 0.00599
[2026-07-21 09:51:48,286 INFO misc.py line 117 10873] Train: [8/100][48/50] Data 0.001 (0.434) Batch 0.229 (0.678) Remain 00:52:01 loss: 0.5378 Lr: 0.00599
[2026-07-21 09:51:48,513 INFO misc.py line 117 10873] Train: [8/100][49/50] Data 0.001 (0.424) Batch 0.227 (0.668) Remain 00:51:15 loss: 0.4718 Lr: 0.00599
[2026-07-21 09:51:48,764 INFO misc.py line 117 10873] Train: [8/100][50/50] Data 0.001 (0.415) Batch 0.250 (0.659) Remain 00:50:33 loss: 0.7642 Lr: 0.00599
[2026-07-21 09:51:48,764 INFO misc.py line 147 10873] Train result: loss: 0.6791 
[2026-07-21 09:51:48,765 INFO evaluator.py line 169 10873] >>>>>>>>>>>>>>>> Start Evaluation (Segmentation) >>>>>>>>>>>>>>>>
[2026-07-21 09:51:57,226 INFO evaluator.py line 228 10873] Test: [1/1] Loss 1.4478 
[2026-07-21 09:51:57,488 INFO evaluator.py line 257 10873] Val result: mIoU/macroF1/mAcc/mPrecision/allAcc 0.5011/0.6223/0.6303/0.6548/0.8280.
[2026-07-21 09:51:57,489 INFO evaluator.py line 266 10873] Class_0-road Metrics: IoU=0.8945, accuracy=0.9165, precision=0.9739, F1=0.9443
[2026-07-21 09:51:57,489 INFO evaluator.py line 266 10873] Class_1-road_marking Metrics: IoU=0.3369, accuracy=0.4028, precision=0.6731, F1=0.5040
[2026-07-21 09:51:57,489 INFO evaluator.py line 266 10873] Class_2-natural Metrics: IoU=0.6904, accuracy=0.6966, precision=0.9873, F1=0.8169
[2026-07-21 09:51:57,489 INFO evaluator.py line 266 10873] Class_3-building Metrics: IoU=0.5049, accuracy=0.9760, precision=0.5113, F1=0.6710
[2026-07-21 09:51:57,489 INFO evaluator.py line 266 10873] Class_4-utility_line Metrics: IoU=0.3802, accuracy=0.5564, precision=0.5454, F1=0.5509
[2026-07-21 09:51:57,489 INFO evaluator.py line 266 10873] Class_5-pole Metrics: IoU=0.4958, accuracy=0.5944, precision=0.7494, F1=0.6629
[2026-07-21 09:51:57,489 INFO evaluator.py line 266 10873] Class_6-car Metrics: IoU=0.7051, accuracy=0.8994, precision=0.7654, F1=0.8270
[2026-07-21 09:51:57,489 INFO evaluator.py line 266 10873] Class_7-fence Metrics: IoU=0.0007, accuracy=0.0007, precision=0.0328, F1=0.0014
[2026-07-21 09:51:57,490 INFO evaluator.py line 321 10873] <<<<<<<<<<<<<<<<< End Evaluation <<<<<<<<<<<<<<<<<
[2026-07-21 09:51:57,491 INFO misc.py line 182 10873] Best validation mIoU updated to: 0.5011
[2026-07-21 09:51:57,491 INFO misc.py line 187 10873] Currently Best mIoU: 0.5011
[2026-07-21 09:51:57,491 INFO misc.py line 196 10873] Saving checkpoint to: exp/toronto3d/spunet-toronto3d/model/model_last.pth
[2026-07-21 09:52:29,406 INFO misc.py line 117 10873] Train: [9/100][1/50] Data 28.747 (28.747) Batch 29.037 (29.037) Remain 37:05:41 loss: 0.6087 Lr: 0.00598
[2026-07-21 09:52:29,680 INFO misc.py line 117 10873] Train: [9/100][2/50] Data 0.003 (0.003) Batch 0.275 (0.275) Remain 00:21:03 loss: 0.7379 Lr: 0.00598
[2026-07-21 09:52:29,932 INFO misc.py line 117 10873] Train: [9/100][3/50] Data 0.002 (0.002) Batch 0.252 (0.252) Remain 00:19:17 loss: 0.7340 Lr: 0.00598
[2026-07-21 09:52:30,197 INFO misc.py line 117 10873] Train: [9/100][4/50] Data 0.002 (0.002) Batch 0.265 (0.265) Remain 00:20:17 loss: 0.5792 Lr: 0.00598
[2026-07-21 09:52:31,430 INFO misc.py line 117 10873] Train: [9/100][5/50] Data 0.956 (0.479) Batch 1.232 (0.749) Remain 00:57:19 loss: 0.6027 Lr: 0.00598
[2026-07-21 09:52:31,749 INFO misc.py line 117 10873] Train: [9/100][6/50] Data 0.003 (0.320) Batch 0.318 (0.605) Remain 00:46:19 loss: 0.5654 Lr: 0.00598
[2026-07-21 09:52:32,001 INFO misc.py line 117 10873] Train: [9/100][7/50] Data 0.012 (0.243) Batch 0.253 (0.517) Remain 00:39:35 loss: 0.5439 Lr: 0.00598
[2026-07-21 09:52:32,294 INFO misc.py line 117 10873] Train: [9/100][8/50] Data 0.002 (0.195) Batch 0.292 (0.472) Remain 00:36:08 loss: 0.7672 Lr: 0.00598
[2026-07-21 09:52:32,537 INFO misc.py line 117 10873] Train: [9/100][9/50] Data 0.004 (0.163) Batch 0.244 (0.434) Remain 00:33:12 loss: 0.5946 Lr: 0.00598
[2026-07-21 09:52:32,797 INFO misc.py line 117 10873] Train: [9/100][10/50] Data 0.003 (0.140) Batch 0.260 (0.409) Remain 00:31:18 loss: 0.7918 Lr: 0.00598
[2026-07-21 09:52:33,070 INFO misc.py line 117 10873] Train: [9/100][11/50] Data 0.003 (0.123) Batch 0.272 (0.392) Remain 00:29:59 loss: 0.6021 Lr: 0.00598
[2026-07-21 09:52:33,412 INFO misc.py line 117 10873] Train: [9/100][12/50] Data 0.010 (0.111) Batch 0.343 (0.387) Remain 00:29:33 loss: 0.6561 Lr: 0.00598
[2026-07-21 09:52:33,679 INFO misc.py line 117 10873] Train: [9/100][13/50] Data 0.003 (0.100) Batch 0.266 (0.375) Remain 00:28:38 loss: 0.5532 Lr: 0.00598
[2026-07-21 09:52:33,927 INFO misc.py line 117 10873] Train: [9/100][14/50] Data 0.003 (0.091) Batch 0.248 (0.363) Remain 00:27:45 loss: 0.5023 Lr: 0.00598
[2026-07-21 09:52:34,194 INFO misc.py line 117 10873] Train: [9/100][15/50] Data 0.003 (0.084) Batch 0.267 (0.355) Remain 00:27:08 loss: 0.8183 Lr: 0.00598
[2026-07-21 09:52:34,425 INFO misc.py line 117 10873] Train: [9/100][16/50] Data 0.003 (0.077) Batch 0.231 (0.346) Remain 00:26:24 loss: 0.6221 Lr: 0.00598
[2026-07-21 09:52:34,713 INFO misc.py line 117 10873] Train: [9/100][17/50] Data 0.003 (0.072) Batch 0.288 (0.341) Remain 00:26:04 loss: 0.6550 Lr: 0.00598
[2026-07-21 09:52:35,016 INFO misc.py line 117 10873] Train: [9/100][18/50] Data 0.003 (0.067) Batch 0.303 (0.339) Remain 00:25:52 loss: 0.5306 Lr: 0.00598
[2026-07-21 09:52:35,260 INFO misc.py line 117 10873] Train: [9/100][19/50] Data 0.003 (0.063) Batch 0.244 (0.333) Remain 00:25:25 loss: 0.9333 Lr: 0.00598
[2026-07-21 09:52:35,510 INFO misc.py line 117 10873] Train: [9/100][20/50] Data 0.004 (0.060) Batch 0.250 (0.328) Remain 00:25:02 loss: 0.6060 Lr: 0.00598
[2026-07-21 09:52:35,759 INFO misc.py line 117 10873] Train: [9/100][21/50] Data 0.003 (0.057) Batch 0.249 (0.324) Remain 00:24:42 loss: 0.6300 Lr: 0.00598
[2026-07-21 09:52:36,001 INFO misc.py line 117 10873] Train: [9/100][22/50] Data 0.003 (0.054) Batch 0.241 (0.319) Remain 00:24:22 loss: 0.6013 Lr: 0.00598
[2026-07-21 09:52:36,242 INFO misc.py line 117 10873] Train: [9/100][23/50] Data 0.003 (0.051) Batch 0.240 (0.315) Remain 00:24:03 loss: 0.4548 Lr: 0.00598
[2026-07-21 09:52:36,490 INFO misc.py line 117 10873] Train: [9/100][24/50] Data 0.004 (0.049) Batch 0.248 (0.312) Remain 00:23:48 loss: 0.5277 Lr: 0.00598
[2026-07-21 09:52:36,720 INFO misc.py line 117 10873] Train: [9/100][25/50] Data 0.003 (0.047) Batch 0.231 (0.309) Remain 00:23:31 loss: 0.5662 Lr: 0.00598
[2026-07-21 09:52:36,965 INFO misc.py line 117 10873] Train: [9/100][26/50] Data 0.003 (0.045) Batch 0.246 (0.306) Remain 00:23:18 loss: 0.5703 Lr: 0.00598
[2026-07-21 09:52:37,218 INFO misc.py line 117 10873] Train: [9/100][27/50] Data 0.002 (0.043) Batch 0.252 (0.304) Remain 00:23:08 loss: 0.5383 Lr: 0.00598
[2026-07-21 09:52:37,473 INFO misc.py line 117 10873] Train: [9/100][28/50] Data 0.003 (0.042) Batch 0.255 (0.302) Remain 00:22:58 loss: 0.4311 Lr: 0.00598
[2026-07-21 09:52:54,218 INFO misc.py line 117 10873] Train: [9/100][29/50] Data 16.501 (0.675) Batch 16.744 (0.934) Remain 01:11:09 loss: 0.4986 Lr: 0.00598
[2026-07-21 09:52:54,436 INFO misc.py line 117 10873] Train: [9/100][30/50] Data 0.004 (0.650) Batch 0.220 (0.908) Remain 01:09:07 loss: 0.6180 Lr: 0.00598
[2026-07-21 09:52:54,676 INFO misc.py line 117 10873] Train: [9/100][31/50] Data 0.002 (0.627) Batch 0.240 (0.884) Remain 01:07:17 loss: 0.7252 Lr: 0.00598
[2026-07-21 09:52:54,895 INFO misc.py line 117 10873] Train: [9/100][32/50] Data 0.002 (0.605) Batch 0.219 (0.861) Remain 01:05:32 loss: 0.4288 Lr: 0.00598
[2026-07-21 09:52:55,439 INFO misc.py line 117 10873] Train: [9/100][33/50] Data 0.311 (0.595) Batch 0.544 (0.850) Remain 01:04:43 loss: 0.5121 Lr: 0.00598
[2026-07-21 09:52:55,666 INFO misc.py line 117 10873] Train: [9/100][34/50] Data 0.002 (0.576) Batch 0.227 (0.830) Remain 01:03:10 loss: 0.7432 Lr: 0.00598
[2026-07-21 09:52:55,876 INFO misc.py line 117 10873] Train: [9/100][35/50] Data 0.002 (0.558) Batch 0.211 (0.811) Remain 01:01:41 loss: 0.5744 Lr: 0.00598
[2026-07-21 09:52:56,094 INFO misc.py line 117 10873] Train: [9/100][36/50] Data 0.002 (0.541) Batch 0.218 (0.793) Remain 01:00:18 loss: 0.4477 Lr: 0.00598
[2026-07-21 09:52:56,327 INFO misc.py line 117 10873] Train: [9/100][37/50] Data 0.002 (0.526) Batch 0.232 (0.776) Remain 00:59:02 loss: 0.6216 Lr: 0.00598
[2026-07-21 09:52:56,566 INFO misc.py line 117 10873] Train: [9/100][38/50] Data 0.002 (0.511) Batch 0.240 (0.761) Remain 00:57:51 loss: 0.7282 Lr: 0.00598
[2026-07-21 09:52:56,790 INFO misc.py line 117 10873] Train: [9/100][39/50] Data 0.001 (0.496) Batch 0.224 (0.746) Remain 00:56:42 loss: 0.5819 Lr: 0.00598
[2026-07-21 09:52:57,020 INFO misc.py line 117 10873] Train: [9/100][40/50] Data 0.001 (0.483) Batch 0.230 (0.732) Remain 00:55:38 loss: 0.7172 Lr: 0.00598
[2026-07-21 09:52:57,259 INFO misc.py line 117 10873] Train: [9/100][41/50] Data 0.001 (0.470) Batch 0.239 (0.719) Remain 00:54:38 loss: 0.5930 Lr: 0.00598
[2026-07-21 09:52:57,487 INFO misc.py line 117 10873] Train: [9/100][42/50] Data 0.001 (0.458) Batch 0.228 (0.707) Remain 00:53:40 loss: 0.6346 Lr: 0.00598
[2026-07-21 09:52:57,718 INFO misc.py line 117 10873] Train: [9/100][43/50] Data 0.001 (0.447) Batch 0.231 (0.695) Remain 00:52:45 loss: 0.6331 Lr: 0.00598
[2026-07-21 09:52:57,944 INFO misc.py line 117 10873] Train: [9/100][44/50] Data 0.001 (0.436) Batch 0.226 (0.683) Remain 00:51:52 loss: 0.5042 Lr: 0.00598
[2026-07-21 09:52:58,175 INFO misc.py line 117 10873] Train: [9/100][45/50] Data 0.001 (0.426) Batch 0.231 (0.672) Remain 00:51:03 loss: 0.6104 Lr: 0.00597
[2026-07-21 09:52:58,410 INFO misc.py line 117 10873] Train: [9/100][46/50] Data 0.001 (0.416) Batch 0.235 (0.662) Remain 00:50:16 loss: 0.5447 Lr: 0.00597
[2026-07-21 09:52:58,643 INFO misc.py line 117 10873] Train: [9/100][47/50] Data 0.001 (0.406) Batch 0.233 (0.653) Remain 00:49:31 loss: 0.4567 Lr: 0.00597
[2026-07-21 09:52:58,883 INFO misc.py line 117 10873] Train: [9/100][48/50] Data 0.001 (0.397) Batch 0.240 (0.643) Remain 00:48:48 loss: 0.4970 Lr: 0.00597
[2026-07-21 09:52:59,145 INFO misc.py line 117 10873] Train: [9/100][49/50] Data 0.001 (0.389) Batch 0.262 (0.635) Remain 00:48:10 loss: 0.6170 Lr: 0.00597
[2026-07-21 09:52:59,400 INFO misc.py line 117 10873] Train: [9/100][50/50] Data 0.001 (0.380) Batch 0.255 (0.627) Remain 00:47:32 loss: 0.5415 Lr: 0.00597
[2026-07-21 09:52:59,400 INFO misc.py line 147 10873] Train result: loss: 0.6031 
[2026-07-21 09:52:59,401 INFO evaluator.py line 169 10873] >>>>>>>>>>>>>>>> Start Evaluation (Segmentation) >>>>>>>>>>>>>>>>
[2026-07-21 09:53:07,944 INFO evaluator.py line 228 10873] Test: [1/1] Loss 0.7190 
[2026-07-21 09:53:08,201 INFO evaluator.py line 257 10873] Val result: mIoU/macroF1/mAcc/mPrecision/allAcc 0.5963/0.6928/0.6812/0.7285/0.9261.
[2026-07-21 09:53:08,202 INFO evaluator.py line 266 10873] Class_0-road Metrics: IoU=0.9220, accuracy=0.9517, precision=0.9673, F1=0.9594
[2026-07-21 09:53:08,202 INFO evaluator.py line 266 10873] Class_1-road_marking Metrics: IoU=0.3209, accuracy=0.3506, precision=0.7910, F1=0.4859
[2026-07-21 09:53:08,202 INFO evaluator.py line 266 10873] Class_2-natural Metrics: IoU=0.9204, accuracy=0.9573, precision=0.9598, F1=0.9586
[2026-07-21 09:53:08,202 INFO evaluator.py line 266 10873] Class_3-building Metrics: IoU=0.7655, accuracy=0.9183, precision=0.8215, F1=0.8672
[2026-07-21 09:53:08,202 INFO evaluator.py line 266 10873] Class_4-utility_line Metrics: IoU=0.5430, accuracy=0.7405, precision=0.6706, F1=0.7038
[2026-07-21 09:53:08,202 INFO evaluator.py line 266 10873] Class_5-pole Metrics: IoU=0.5550, accuracy=0.6545, precision=0.7850, F1=0.7138
[2026-07-21 09:53:08,202 INFO evaluator.py line 266 10873] Class_6-car Metrics: IoU=0.7428, accuracy=0.8761, precision=0.8300, F1=0.8524
[2026-07-21 09:53:08,202 INFO evaluator.py line 266 10873] Class_7-fence Metrics: IoU=0.0006, accuracy=0.0007, precision=0.0027, F1=0.0011
[2026-07-21 09:53:08,202 INFO evaluator.py line 321 10873] <<<<<<<<<<<<<<<<< End Evaluation <<<<<<<<<<<<<<<<<
[2026-07-21 09:53:08,203 INFO misc.py line 182 10873] Best validation mIoU updated to: 0.5963
[2026-07-21 09:53:08,204 INFO misc.py line 187 10873] Currently Best mIoU: 0.5963
[2026-07-21 09:53:08,204 INFO misc.py line 196 10873] Saving checkpoint to: exp/toronto3d/spunet-toronto3d/model/model_last.pth
[2026-07-21 09:53:40,717 INFO misc.py line 117 10873] Train: [10/100][1/50] Data 29.336 (29.336) Batch 29.632 (29.632) Remain 37:26:36 loss: 0.5740 Lr: 0.00597
[2026-07-21 09:53:41,552 INFO misc.py line 117 10873] Train: [10/100][2/50] Data 0.581 (0.581) Batch 0.835 (0.835) Remain 01:03:15 loss: 0.5285 Lr: 0.00597
[2026-07-21 09:53:41,814 INFO misc.py line 117 10873] Train: [10/100][3/50] Data 0.003 (0.003) Batch 0.262 (0.262) Remain 00:19:51 loss: 0.9024 Lr: 0.00597
[2026-07-21 09:53:42,090 INFO misc.py line 117 10873] Train: [10/100][4/50] Data 0.003 (0.003) Batch 0.277 (0.277) Remain 00:20:58 loss: 0.7030 Lr: 0.00597
[2026-07-21 09:53:42,339 INFO misc.py line 117 10873] Train: [10/100][5/50] Data 0.002 (0.002) Batch 0.248 (0.263) Remain 00:19:53 loss: 0.5186 Lr: 0.00597
[2026-07-21 09:53:42,566 INFO misc.py line 117 10873] Train: [10/100][6/50] Data 0.003 (0.003) Batch 0.227 (0.251) Remain 00:18:59 loss: 1.0234 Lr: 0.00597
[2026-07-21 09:53:42,814 INFO misc.py line 117 10873] Train: [10/100][7/50] Data 0.003 (0.003) Batch 0.248 (0.250) Remain 00:18:55 loss: 0.5880 Lr: 0.00597
[2026-07-21 09:53:43,057 INFO misc.py line 117 10873] Train: [10/100][8/50] Data 0.003 (0.003) Batch 0.244 (0.249) Remain 00:18:49 loss: 0.7244 Lr: 0.00597
[2026-07-21 09:53:43,283 INFO misc.py line 117 10873] Train: [10/100][9/50] Data 0.003 (0.003) Batch 0.226 (0.245) Remain 00:18:32 loss: 0.4749 Lr: 0.00597
[2026-07-21 09:53:43,532 INFO misc.py line 117 10873] Train: [10/100][10/50] Data 0.003 (0.003) Batch 0.249 (0.245) Remain 00:18:34 loss: 0.5691 Lr: 0.00597
[2026-07-21 09:53:43,760 INFO misc.py line 117 10873] Train: [10/100][11/50] Data 0.002 (0.003) Batch 0.228 (0.243) Remain 00:18:24 loss: 0.6589 Lr: 0.00597
[2026-07-21 09:53:44,032 INFO misc.py line 117 10873] Train: [10/100][12/50] Data 0.003 (0.003) Batch 0.272 (0.247) Remain 00:18:38 loss: 0.8950 Lr: 0.00597
[2026-07-21 09:53:44,284 INFO misc.py line 117 10873] Train: [10/100][13/50] Data 0.003 (0.003) Batch 0.252 (0.247) Remain 00:18:40 loss: 0.5344 Lr: 0.00597
[2026-07-21 09:53:44,543 INFO misc.py line 117 10873] Train: [10/100][14/50] Data 0.002 (0.003) Batch 0.259 (0.248) Remain 00:18:45 loss: 0.7559 Lr: 0.00597
[2026-07-21 09:53:44,829 INFO misc.py line 117 10873] Train: [10/100][15/50] Data 0.002 (0.003) Batch 0.286 (0.251) Remain 00:18:59 loss: 0.7125 Lr: 0.00597
[2026-07-21 09:53:45,061 INFO misc.py line 117 10873] Train: [10/100][16/50] Data 0.003 (0.003) Batch 0.232 (0.250) Remain 00:18:52 loss: 0.5870 Lr: 0.00597
[2026-07-21 09:53:45,311 INFO misc.py line 117 10873] Train: [10/100][17/50] Data 0.002 (0.003) Batch 0.250 (0.250) Remain 00:18:52 loss: 0.6600 Lr: 0.00597
[2026-07-21 09:53:45,574 INFO misc.py line 117 10873] Train: [10/100][18/50] Data 0.002 (0.003) Batch 0.262 (0.251) Remain 00:18:56 loss: 0.6072 Lr: 0.00597
[2026-07-21 09:53:45,890 INFO misc.py line 117 10873] Train: [10/100][19/50] Data 0.003 (0.003) Batch 0.316 (0.255) Remain 00:19:14 loss: 0.6529 Lr: 0.00597
[2026-07-21 09:53:46,149 INFO misc.py line 117 10873] Train: [10/100][20/50] Data 0.002 (0.003) Batch 0.259 (0.255) Remain 00:19:15 loss: 0.7105 Lr: 0.00597
[2026-07-21 09:53:46,391 INFO misc.py line 117 10873] Train: [10/100][21/50] Data 0.003 (0.003) Batch 0.242 (0.254) Remain 00:19:11 loss: 0.5824 Lr: 0.00597
[2026-07-21 09:53:46,670 INFO misc.py line 117 10873] Train: [10/100][22/50] Data 0.003 (0.003) Batch 0.279 (0.256) Remain 00:19:17 loss: 0.9172 Lr: 0.00597
[2026-07-21 09:53:46,941 INFO misc.py line 117 10873] Train: [10/100][23/50] Data 0.002 (0.003) Batch 0.270 (0.256) Remain 00:19:20 loss: 0.6325 Lr: 0.00597
[2026-07-21 09:53:47,170 INFO misc.py line 117 10873] Train: [10/100][24/50] Data 0.004 (0.003) Batch 0.230 (0.255) Remain 00:19:14 loss: 0.4486 Lr: 0.00597
[2026-07-21 09:53:47,428 INFO misc.py line 117 10873] Train: [10/100][25/50] Data 0.003 (0.003) Batch 0.258 (0.255) Remain 00:19:14 loss: 0.4555 Lr: 0.00597
[2026-07-21 09:53:47,691 INFO misc.py line 117 10873] Train: [10/100][26/50] Data 0.003 (0.003) Batch 0.263 (0.256) Remain 00:19:16 loss: 0.4495 Lr: 0.00597
[2026-07-21 09:53:47,935 INFO misc.py line 117 10873] Train: [10/100][27/50] Data 0.003 (0.003) Batch 0.244 (0.255) Remain 00:19:13 loss: 0.4975 Lr: 0.00597
[2026-07-21 09:53:48,189 INFO misc.py line 117 10873] Train: [10/100][28/50] Data 0.002 (0.003) Batch 0.254 (0.255) Remain 00:19:13 loss: 0.6285 Lr: 0.00597
[2026-07-21 09:54:05,492 INFO misc.py line 117 10873] Train: [10/100][29/50] Data 17.073 (0.659) Batch 17.303 (0.911) Remain 01:08:37 loss: 0.6193 Lr: 0.00597
[2026-07-21 09:54:05,854 INFO misc.py line 117 10873] Train: [10/100][30/50] Data 0.134 (0.640) Batch 0.362 (0.890) Remain 01:07:04 loss: 0.6890 Lr: 0.00597
[2026-07-21 09:54:06,363 INFO misc.py line 117 10873] Train: [10/100][31/50] Data 0.265 (0.626) Batch 0.508 (0.877) Remain 01:06:02 loss: 0.6788 Lr: 0.00596
[2026-07-21 09:54:06,604 INFO misc.py line 117 10873] Train: [10/100][32/50] Data 0.002 (0.605) Batch 0.241 (0.855) Remain 01:04:22 loss: 0.9266 Lr: 0.00596
[2026-07-21 09:54:06,842 INFO misc.py line 117 10873] Train: [10/100][33/50] Data 0.002 (0.585) Batch 0.239 (0.834) Remain 01:02:48 loss: 0.7059 Lr: 0.00596
[2026-07-21 09:54:07,062 INFO misc.py line 117 10873] Train: [10/100][34/50] Data 0.001 (0.566) Batch 0.220 (0.814) Remain 01:01:18 loss: 0.7565 Lr: 0.00596
[2026-07-21 09:54:07,305 INFO misc.py line 117 10873] Train: [10/100][35/50] Data 0.001 (0.548) Batch 0.242 (0.797) Remain 00:59:56 loss: 0.7002 Lr: 0.00596
[2026-07-21 09:54:07,525 INFO misc.py line 117 10873] Train: [10/100][36/50] Data 0.001 (0.532) Batch 0.221 (0.779) Remain 00:58:37 loss: 0.4844 Lr: 0.00596
[2026-07-21 09:54:07,776 INFO misc.py line 117 10873] Train: [10/100][37/50] Data 0.001 (0.516) Batch 0.250 (0.764) Remain 00:57:26 loss: 0.4719 Lr: 0.00596
[2026-07-21 09:54:07,994 INFO misc.py line 117 10873] Train: [10/100][38/50] Data 0.001 (0.501) Batch 0.218 (0.748) Remain 00:56:15 loss: 0.4680 Lr: 0.00596
[2026-07-21 09:54:08,219 INFO misc.py line 117 10873] Train: [10/100][39/50] Data 0.001 (0.487) Batch 0.225 (0.733) Remain 00:55:08 loss: 0.7677 Lr: 0.00596
[2026-07-21 09:54:08,460 INFO misc.py line 117 10873] Train: [10/100][40/50] Data 0.001 (0.474) Batch 0.242 (0.720) Remain 00:54:08 loss: 0.5183 Lr: 0.00596
[2026-07-21 09:54:08,674 INFO misc.py line 117 10873] Train: [10/100][41/50] Data 0.001 (0.462) Batch 0.214 (0.707) Remain 00:53:07 loss: 0.6135 Lr: 0.00596
[2026-07-21 09:54:08,924 INFO misc.py line 117 10873] Train: [10/100][42/50] Data 0.001 (0.450) Batch 0.249 (0.695) Remain 00:52:13 loss: 0.7531 Lr: 0.00596
[2026-07-21 09:54:09,171 INFO misc.py line 117 10873] Train: [10/100][43/50] Data 0.001 (0.439) Batch 0.248 (0.684) Remain 00:51:22 loss: 0.5493 Lr: 0.00596
[2026-07-21 09:54:09,396 INFO misc.py line 117 10873] Train: [10/100][44/50] Data 0.001 (0.428) Batch 0.225 (0.673) Remain 00:50:31 loss: 0.6619 Lr: 0.00596
[2026-07-21 09:54:09,616 INFO misc.py line 117 10873] Train: [10/100][45/50] Data 0.001 (0.418) Batch 0.220 (0.662) Remain 00:49:42 loss: 0.5847 Lr: 0.00596
[2026-07-21 09:54:09,852 INFO misc.py line 117 10873] Train: [10/100][46/50] Data 0.001 (0.408) Batch 0.236 (0.652) Remain 00:48:56 loss: 0.4568 Lr: 0.00596
[2026-07-21 09:54:10,087 INFO misc.py line 117 10873] Train: [10/100][47/50] Data 0.001 (0.399) Batch 0.235 (0.643) Remain 00:48:13 loss: 0.5060 Lr: 0.00596
[2026-07-21 09:54:10,335 INFO misc.py line 117 10873] Train: [10/100][48/50] Data 0.001 (0.390) Batch 0.247 (0.634) Remain 00:47:33 loss: 0.5816 Lr: 0.00596
[2026-07-21 09:54:10,568 INFO misc.py line 117 10873] Train: [10/100][49/50] Data 0.001 (0.382) Batch 0.233 (0.625) Remain 00:46:53 loss: 0.6830 Lr: 0.00596
[2026-07-21 09:54:10,791 INFO misc.py line 117 10873] Train: [10/100][50/50] Data 0.001 (0.374) Batch 0.223 (0.617) Remain 00:46:14 loss: 0.5606 Lr: 0.00596
[2026-07-21 09:54:10,791 INFO misc.py line 147 10873] Train result: loss: 0.6346 
[2026-07-21 09:54:10,792 INFO evaluator.py line 169 10873] >>>>>>>>>>>>>>>> Start Evaluation (Segmentation) >>>>>>>>>>>>>>>>
[2026-07-21 09:54:19,280 INFO evaluator.py line 228 10873] Test: [1/1] Loss 0.6839 
[2026-07-21 09:54:19,539 INFO evaluator.py line 257 10873] Val result: mIoU/macroF1/mAcc/mPrecision/allAcc 0.6062/0.7026/0.6920/0.7316/0.9306.
[2026-07-21 09:54:19,539 INFO evaluator.py line 266 10873] Class_0-road Metrics: IoU=0.9232, accuracy=0.9477, precision=0.9728, F1=0.9601
[2026-07-21 09:54:19,539 INFO evaluator.py line 266 10873] Class_1-road_marking Metrics: IoU=0.2974, accuracy=0.4754, precision=0.4427, F1=0.4585
[2026-07-21 09:54:19,540 INFO evaluator.py line 266 10873] Class_2-natural Metrics: IoU=0.9166, accuracy=0.9701, precision=0.9432, F1=0.9565
[2026-07-21 09:54:19,540 INFO evaluator.py line 266 10873] Class_3-building Metrics: IoU=0.8237, accuracy=0.9388, precision=0.8705, F1=0.9033
[2026-07-21 09:54:19,540 INFO evaluator.py line 266 10873] Class_4-utility_line Metrics: IoU=0.5712, accuracy=0.7375, precision=0.7169, F1=0.7271
[2026-07-21 09:54:19,540 INFO evaluator.py line 266 10873] Class_5-pole Metrics: IoU=0.4999, accuracy=0.5855, precision=0.7738, F1=0.6666
[2026-07-21 09:54:19,540 INFO evaluator.py line 266 10873] Class_6-car Metrics: IoU=0.7798, accuracy=0.8375, precision=0.9188, F1=0.8763
[2026-07-21 09:54:19,540 INFO evaluator.py line 266 10873] Class_7-fence Metrics: IoU=0.0376, accuracy=0.0436, precision=0.2143, F1=0.0725
[2026-07-21 09:54:19,540 INFO evaluator.py line 321 10873] <<<<<<<<<<<<<<<<< End Evaluation <<<<<<<<<<<<<<<<<
[2026-07-21 09:54:19,541 INFO misc.py line 182 10873] Best validation mIoU updated to: 0.6062
[2026-07-21 09:54:19,541 INFO misc.py line 187 10873] Currently Best mIoU: 0.6062
[2026-07-21 09:54:19,541 INFO misc.py line 196 10873] Saving checkpoint to: exp/toronto3d/spunet-toronto3d/model/model_last.pth
[2026-07-21 09:54:53,123 INFO misc.py line 117 10873] Train: [11/100][1/50] Data 30.449 (30.449) Batch 30.699 (30.699) Remain 38:21:53 loss: 0.5308 Lr: 0.00596
[2026-07-21 09:54:53,391 INFO misc.py line 117 10873] Train: [11/100][2/50] Data 0.002 (0.002) Batch 0.268 (0.268) Remain 00:20:03 loss: 0.5583 Lr: 0.00596
[2026-07-21 09:54:53,617 INFO misc.py line 117 10873] Train: [11/100][3/50] Data 0.002 (0.002) Batch 0.227 (0.227) Remain 00:16:59 loss: 0.4416 Lr: 0.00596
[2026-07-21 09:54:53,880 INFO misc.py line 117 10873] Train: [11/100][4/50] Data 0.002 (0.002) Batch 0.262 (0.262) Remain 00:19:37 loss: 0.5407 Lr: 0.00596
[2026-07-21 09:54:54,322 INFO misc.py line 117 10873] Train: [11/100][5/50] Data 0.125 (0.064) Batch 0.443 (0.352) Remain 00:26:23 loss: 0.7942 Lr: 0.00596
[2026-07-21 09:54:54,578 INFO misc.py line 117 10873] Train: [11/100][6/50] Data 0.003 (0.043) Batch 0.246 (0.317) Remain 00:23:43 loss: 0.4431 Lr: 0.00596
[2026-07-21 09:54:54,867 INFO misc.py line 117 10873] Train: [11/100][7/50] Data 0.013 (0.036) Batch 0.300 (0.312) Remain 00:23:23 loss: 0.5554 Lr: 0.00596
[2026-07-21 09:54:55,151 INFO misc.py line 117 10873] Train: [11/100][8/50] Data 0.012 (0.031) Batch 0.283 (0.307) Remain 00:22:57 loss: 0.5942 Lr: 0.00596
[2026-07-21 09:54:55,461 INFO misc.py line 117 10873] Train: [11/100][9/50] Data 0.009 (0.027) Batch 0.311 (0.307) Remain 00:23:00 loss: 0.7777 Lr: 0.00596
[2026-07-21 09:54:55,698 INFO misc.py line 117 10873] Train: [11/100][10/50] Data 0.003 (0.024) Batch 0.236 (0.297) Remain 00:22:14 loss: 0.5039 Lr: 0.00596
[2026-07-21 09:54:55,941 INFO misc.py line 117 10873] Train: [11/100][11/50] Data 0.003 (0.021) Batch 0.243 (0.290) Remain 00:21:43 loss: 0.5154 Lr: 0.00596
[2026-07-21 09:54:56,173 INFO misc.py line 117 10873] Train: [11/100][12/50] Data 0.003 (0.019) Batch 0.232 (0.284) Remain 00:21:14 loss: 0.6528 Lr: 0.00595
[2026-07-21 09:54:56,419 INFO misc.py line 117 10873] Train: [11/100][13/50] Data 0.002 (0.018) Batch 0.246 (0.280) Remain 00:20:56 loss: 0.4604 Lr: 0.00595
[2026-07-21 09:54:56,658 INFO misc.py line 117 10873] Train: [11/100][14/50] Data 0.002 (0.016) Batch 0.240 (0.276) Remain 00:20:40 loss: 0.5286 Lr: 0.00595
[2026-07-21 09:54:56,922 INFO misc.py line 117 10873] Train: [11/100][15/50] Data 0.003 (0.015) Batch 0.264 (0.275) Remain 00:20:35 loss: 0.7322 Lr: 0.00595
[2026-07-21 09:54:57,174 INFO misc.py line 117 10873] Train: [11/100][16/50] Data 0.003 (0.014) Batch 0.251 (0.274) Remain 00:20:26 loss: 0.3746 Lr: 0.00595
[2026-07-21 09:54:57,433 INFO misc.py line 117 10873] Train: [11/100][17/50] Data 0.004 (0.013) Batch 0.259 (0.272) Remain 00:20:21 loss: 0.4992 Lr: 0.00595
[2026-07-21 09:54:57,680 INFO misc.py line 117 10873] Train: [11/100][18/50] Data 0.007 (0.013) Batch 0.249 (0.271) Remain 00:20:14 loss: 0.4738 Lr: 0.00595
[2026-07-21 09:54:57,920 INFO misc.py line 117 10873] Train: [11/100][19/50] Data 0.003 (0.012) Batch 0.239 (0.269) Remain 00:20:04 loss: 0.6348 Lr: 0.00595
[2026-07-21 09:54:58,192 INFO misc.py line 117 10873] Train: [11/100][20/50] Data 0.003 (0.012) Batch 0.273 (0.269) Remain 00:20:05 loss: 0.6213 Lr: 0.00595
[2026-07-21 09:54:58,439 INFO misc.py line 117 10873] Train: [11/100][21/50] Data 0.002 (0.011) Batch 0.246 (0.268) Remain 00:19:59 loss: 0.4775 Lr: 0.00595
[2026-07-21 09:54:58,686 INFO misc.py line 117 10873] Train: [11/100][22/50] Data 0.003 (0.011) Batch 0.248 (0.267) Remain 00:19:54 loss: 0.4208 Lr: 0.00595
[2026-07-21 09:54:58,942 INFO misc.py line 117 10873] Train: [11/100][23/50] Data 0.004 (0.010) Batch 0.256 (0.266) Remain 00:19:51 loss: 0.5992 Lr: 0.00595
[2026-07-21 09:54:59,191 INFO misc.py line 117 10873] Train: [11/100][24/50] Data 0.002 (0.010) Batch 0.248 (0.265) Remain 00:19:47 loss: 0.4654 Lr: 0.00595
[2026-07-21 09:54:59,469 INFO misc.py line 117 10873] Train: [11/100][25/50] Data 0.004 (0.010) Batch 0.279 (0.266) Remain 00:19:50 loss: 0.7801 Lr: 0.00595
[2026-07-21 09:54:59,735 INFO misc.py line 117 10873] Train: [11/100][26/50] Data 0.002 (0.009) Batch 0.266 (0.266) Remain 00:19:49 loss: 0.8416 Lr: 0.00595
[2026-07-21 09:54:59,974 INFO misc.py line 117 10873] Train: [11/100][27/50] Data 0.002 (0.009) Batch 0.239 (0.265) Remain 00:19:44 loss: 0.7378 Lr: 0.00595
[2026-07-21 09:55:00,218 INFO misc.py line 117 10873] Train: [11/100][28/50] Data 0.002 (0.009) Batch 0.244 (0.264) Remain 00:19:40 loss: 0.4771 Lr: 0.00595
[2026-07-21 09:55:15,538 INFO misc.py line 117 10873] Train: [11/100][29/50] Data 15.080 (0.589) Batch 15.319 (0.843) Remain 01:02:49 loss: 0.6222 Lr: 0.00595
[2026-07-21 09:55:16,866 INFO misc.py line 117 10873] Train: [11/100][30/50] Data 1.080 (0.607) Batch 1.329 (0.861) Remain 01:04:08 loss: 0.5928 Lr: 0.00595
[2026-07-21 09:55:17,095 INFO misc.py line 117 10873] Train: [11/100][31/50] Data 0.002 (0.585) Batch 0.229 (0.838) Remain 01:02:27 loss: 0.5204 Lr: 0.00595
[2026-07-21 09:55:17,321 INFO misc.py line 117 10873] Train: [11/100][32/50] Data 0.001 (0.565) Batch 0.227 (0.817) Remain 01:00:52 loss: 0.5214 Lr: 0.00595
[2026-07-21 09:55:17,562 INFO misc.py line 117 10873] Train: [11/100][33/50] Data 0.002 (0.546) Batch 0.240 (0.798) Remain 00:59:25 loss: 0.5372 Lr: 0.00595
[2026-07-21 09:55:17,833 INFO misc.py line 117 10873] Train: [11/100][34/50] Data 0.002 (0.529) Batch 0.271 (0.781) Remain 00:58:08 loss: 0.6255 Lr: 0.00595
[2026-07-21 09:55:18,066 INFO misc.py line 117 10873] Train: [11/100][35/50] Data 0.003 (0.512) Batch 0.233 (0.764) Remain 00:56:51 loss: 0.5705 Lr: 0.00595
[2026-07-21 09:55:18,308 INFO misc.py line 117 10873] Train: [11/100][36/50] Data 0.002 (0.497) Batch 0.242 (0.748) Remain 00:55:40 loss: 0.4258 Lr: 0.00595
[2026-07-21 09:55:18,563 INFO misc.py line 117 10873] Train: [11/100][37/50] Data 0.002 (0.482) Batch 0.255 (0.734) Remain 00:54:34 loss: 0.6107 Lr: 0.00595
[2026-07-21 09:55:18,800 INFO misc.py line 117 10873] Train: [11/100][38/50] Data 0.002 (0.468) Batch 0.238 (0.720) Remain 00:53:30 loss: 0.5470 Lr: 0.00595
[2026-07-21 09:55:19,020 INFO misc.py line 117 10873] Train: [11/100][39/50] Data 0.002 (0.456) Batch 0.220 (0.706) Remain 00:52:27 loss: 0.5280 Lr: 0.00594
[2026-07-21 09:55:19,261 INFO misc.py line 117 10873] Train: [11/100][40/50] Data 0.002 (0.443) Batch 0.241 (0.693) Remain 00:51:31 loss: 0.7647 Lr: 0.00594
[2026-07-21 09:55:20,360 INFO misc.py line 117 10873] Train: [11/100][41/50] Data 0.867 (0.454) Batch 1.099 (0.704) Remain 00:52:18 loss: 0.4562 Lr: 0.00594
[2026-07-21 09:55:20,583 INFO misc.py line 117 10873] Train: [11/100][42/50] Data 0.001 (0.443) Batch 0.224 (0.691) Remain 00:51:22 loss: 0.4725 Lr: 0.00594
[2026-07-21 09:55:20,798 INFO misc.py line 117 10873] Train: [11/100][43/50] Data 0.001 (0.432) Batch 0.215 (0.680) Remain 00:50:28 loss: 0.4850 Lr: 0.00594
[2026-07-21 09:55:21,037 INFO misc.py line 117 10873] Train: [11/100][44/50] Data 0.001 (0.421) Batch 0.238 (0.669) Remain 00:49:40 loss: 0.5787 Lr: 0.00594
[2026-07-21 09:55:21,267 INFO misc.py line 117 10873] Train: [11/100][45/50] Data 0.001 (0.411) Batch 0.231 (0.658) Remain 00:48:52 loss: 0.5183 Lr: 0.00594
[2026-07-21 09:55:21,494 INFO misc.py line 117 10873] Train: [11/100][46/50] Data 0.001 (0.402) Batch 0.227 (0.648) Remain 00:48:07 loss: 0.4585 Lr: 0.00594
[2026-07-21 09:55:21,719 INFO misc.py line 117 10873] Train: [11/100][47/50] Data 0.001 (0.393) Batch 0.225 (0.639) Remain 00:47:24 loss: 0.4870 Lr: 0.00594
[2026-07-21 09:55:21,951 INFO misc.py line 117 10873] Train: [11/100][48/50] Data 0.001 (0.384) Batch 0.231 (0.630) Remain 00:46:43 loss: 0.5305 Lr: 0.00594
[2026-07-21 09:55:22,177 INFO misc.py line 117 10873] Train: [11/100][49/50] Data 0.001 (0.376) Batch 0.226 (0.621) Remain 00:46:03 loss: 0.6094 Lr: 0.00594
[2026-07-21 09:55:22,416 INFO misc.py line 117 10873] Train: [11/100][50/50] Data 0.001 (0.368) Batch 0.240 (0.613) Remain 00:45:26 loss: 0.6756 Lr: 0.00594
[2026-07-21 09:55:22,417 INFO misc.py line 147 10873] Train result: loss: 0.5634 
[2026-07-21 09:55:22,417 INFO evaluator.py line 169 10873] >>>>>>>>>>>>>>>> Start Evaluation (Segmentation) >>>>>>>>>>>>>>>>
[2026-07-21 09:55:30,917 INFO evaluator.py line 228 10873] Test: [1/1] Loss 0.8927 
[2026-07-21 09:55:31,170 INFO evaluator.py line 257 10873] Val result: mIoU/macroF1/mAcc/mPrecision/allAcc 0.5729/0.6578/0.6874/0.6793/0.8602.
[2026-07-21 09:55:31,170 INFO evaluator.py line 266 10873] Class_0-road Metrics: IoU=0.7602, accuracy=0.7796, precision=0.9683, F1=0.8638
[2026-07-21 09:55:31,170 INFO evaluator.py line 266 10873] Class_1-road_marking Metrics: IoU=0.0713, accuracy=0.5224, precision=0.0763, F1=0.1332
[2026-07-21 09:55:31,171 INFO evaluator.py line 266 10873] Class_2-natural Metrics: IoU=0.9307, accuracy=0.9489, precision=0.9798, F1=0.9641
[2026-07-21 09:55:31,171 INFO evaluator.py line 266 10873] Class_3-building Metrics: IoU=0.7868, accuracy=0.9692, precision=0.8070, F1=0.8807
[2026-07-21 09:55:31,171 INFO evaluator.py line 266 10873] Class_4-utility_line Metrics: IoU=0.6463, accuracy=0.7388, precision=0.8378, F1=0.7852
[2026-07-21 09:55:31,171 INFO evaluator.py line 266 10873] Class_5-pole Metrics: IoU=0.6140, accuracy=0.6852, precision=0.8551, F1=0.7608
[2026-07-21 09:55:31,171 INFO evaluator.py line 266 10873] Class_6-car Metrics: IoU=0.7721, accuracy=0.8536, precision=0.8900, F1=0.8714
[2026-07-21 09:55:31,171 INFO evaluator.py line 266 10873] Class_7-fence Metrics: IoU=0.0015, accuracy=0.0016, precision=0.0204, F1=0.0030
[2026-07-21 09:55:31,172 INFO evaluator.py line 321 10873] <<<<<<<<<<<<<<<<< End Evaluation <<<<<<<<<<<<<<<<<
[2026-07-21 09:55:31,172 INFO misc.py line 187 10873] Currently Best mIoU: 0.6062
[2026-07-21 09:55:31,173 INFO misc.py line 196 10873] Saving checkpoint to: exp/toronto3d/spunet-toronto3d/model/model_last.pth
[2026-07-21 09:55:59,717 INFO misc.py line 117 10873] Train: [12/100][1/50] Data 27.988 (27.988) Batch 28.276 (28.276) Remain 34:56:38 loss: 0.5909 Lr: 0.00594
[2026-07-21 09:56:00,068 INFO misc.py line 117 10873] Train: [12/100][2/50] Data 0.067 (0.067) Batch 0.352 (0.352) Remain 00:26:04 loss: 0.5755 Lr: 0.00594
[2026-07-21 09:56:00,340 INFO misc.py line 117 10873] Train: [12/100][3/50] Data 0.024 (0.024) Batch 0.272 (0.272) Remain 00:20:08 loss: 0.4456 Lr: 0.00594
[2026-07-21 09:56:00,618 INFO misc.py line 117 10873] Train: [12/100][4/50] Data 0.004 (0.004) Batch 0.278 (0.278) Remain 00:20:37 loss: 0.5841 Lr: 0.00594
[2026-07-21 09:56:00,938 INFO misc.py line 117 10873] Train: [12/100][5/50] Data 0.012 (0.008) Batch 0.320 (0.299) Remain 00:22:09 loss: 0.5303 Lr: 0.00594
[2026-07-21 09:56:01,275 INFO misc.py line 117 10873] Train: [12/100][6/50] Data 0.080 (0.032) Batch 0.338 (0.312) Remain 00:23:06 loss: 0.5380 Lr: 0.00594
[2026-07-21 09:56:01,574 INFO misc.py line 117 10873] Train: [12/100][7/50] Data 0.014 (0.027) Batch 0.299 (0.309) Remain 00:22:51 loss: 0.4168 Lr: 0.00594
[2026-07-21 09:56:01,811 INFO misc.py line 117 10873] Train: [12/100][8/50] Data 0.002 (0.022) Batch 0.237 (0.294) Remain 00:21:47 loss: 0.4830 Lr: 0.00594
[2026-07-21 09:56:02,038 INFO misc.py line 117 10873] Train: [12/100][9/50] Data 0.003 (0.019) Batch 0.227 (0.283) Remain 00:20:57 loss: 0.6727 Lr: 0.00594
[2026-07-21 09:56:03,098 INFO misc.py line 117 10873] Train: [12/100][10/50] Data 0.826 (0.134) Batch 1.060 (0.394) Remain 00:29:09 loss: 0.5750 Lr: 0.00594
[2026-07-21 09:56:03,349 INFO misc.py line 117 10873] Train: [12/100][11/50] Data 0.003 (0.118) Batch 0.251 (0.376) Remain 00:27:49 loss: 0.4723 Lr: 0.00594
[2026-07-21 09:56:03,575 INFO misc.py line 117 10873] Train: [12/100][12/50] Data 0.003 (0.105) Batch 0.226 (0.360) Remain 00:26:35 loss: 0.4089 Lr: 0.00594
[2026-07-21 09:56:03,819 INFO misc.py line 117 10873] Train: [12/100][13/50] Data 0.002 (0.095) Batch 0.234 (0.347) Remain 00:25:39 loss: 0.4732 Lr: 0.00594
[2026-07-21 09:56:04,070 INFO misc.py line 117 10873] Train: [12/100][14/50] Data 0.013 (0.087) Batch 0.261 (0.339) Remain 00:25:04 loss: 0.4407 Lr: 0.00594
[2026-07-21 09:56:04,326 INFO misc.py line 117 10873] Train: [12/100][15/50] Data 0.002 (0.080) Batch 0.256 (0.332) Remain 00:24:33 loss: 0.3687 Lr: 0.00593
[2026-07-21 09:56:04,569 INFO misc.py line 117 10873] Train: [12/100][16/50] Data 0.003 (0.074) Batch 0.243 (0.325) Remain 00:24:02 loss: 0.4587 Lr: 0.00593
[2026-07-21 09:56:04,842 INFO misc.py line 117 10873] Train: [12/100][17/50] Data 0.002 (0.069) Batch 0.273 (0.322) Remain 00:23:45 loss: 0.5714 Lr: 0.00593
[2026-07-21 09:56:05,080 INFO misc.py line 117 10873] Train: [12/100][18/50] Data 0.002 (0.065) Batch 0.237 (0.316) Remain 00:23:20 loss: 0.4176 Lr: 0.00593
[2026-07-21 09:56:05,345 INFO misc.py line 117 10873] Train: [12/100][19/50] Data 0.003 (0.061) Batch 0.263 (0.313) Remain 00:23:05 loss: 0.5338 Lr: 0.00593
[2026-07-21 09:56:05,629 INFO misc.py line 117 10873] Train: [12/100][20/50] Data 0.006 (0.058) Batch 0.287 (0.311) Remain 00:22:58 loss: 0.5496 Lr: 0.00593
[2026-07-21 09:56:05,908 INFO misc.py line 117 10873] Train: [12/100][21/50] Data 0.002 (0.055) Batch 0.278 (0.309) Remain 00:22:50 loss: 0.4752 Lr: 0.00593
[2026-07-21 09:56:06,189 INFO misc.py line 117 10873] Train: [12/100][22/50] Data 0.004 (0.052) Batch 0.280 (0.308) Remain 00:22:42 loss: 0.5882 Lr: 0.00593
[2026-07-21 09:56:06,448 INFO misc.py line 117 10873] Train: [12/100][23/50] Data 0.005 (0.050) Batch 0.260 (0.305) Remain 00:22:32 loss: 0.5600 Lr: 0.00593
[2026-07-21 09:56:06,740 INFO misc.py line 117 10873] Train: [12/100][24/50] Data 0.013 (0.048) Batch 0.292 (0.305) Remain 00:22:28 loss: 0.5540 Lr: 0.00593
[2026-07-21 09:56:06,965 INFO misc.py line 117 10873] Train: [12/100][25/50] Data 0.002 (0.046) Batch 0.225 (0.301) Remain 00:22:12 loss: 0.3538 Lr: 0.00593
[2026-07-21 09:56:07,272 INFO misc.py line 117 10873] Train: [12/100][26/50] Data 0.016 (0.044) Batch 0.307 (0.301) Remain 00:22:13 loss: 0.6037 Lr: 0.00593
[2026-07-21 09:56:07,531 INFO misc.py line 117 10873] Train: [12/100][27/50] Data 0.003 (0.043) Batch 0.260 (0.300) Remain 00:22:05 loss: 0.4262 Lr: 0.00593
[2026-07-21 09:56:07,777 INFO misc.py line 117 10873] Train: [12/100][28/50] Data 0.003 (0.041) Batch 0.246 (0.298) Remain 00:21:55 loss: 0.5671 Lr: 0.00593
[2026-07-21 09:56:24,635 INFO misc.py line 117 10873] Train: [12/100][29/50] Data 16.609 (0.678) Batch 16.858 (0.934) Remain 01:08:51 loss: 0.3978 Lr: 0.00593
[2026-07-21 09:56:24,866 INFO misc.py line 117 10873] Train: [12/100][30/50] Data 0.002 (0.653) Batch 0.231 (0.908) Remain 01:06:55 loss: 0.5425 Lr: 0.00593
[2026-07-21 09:56:25,549 INFO misc.py line 117 10873] Train: [12/100][31/50] Data 0.434 (0.645) Batch 0.683 (0.900) Remain 01:06:18 loss: 0.4635 Lr: 0.00593
[2026-07-21 09:56:25,783 INFO misc.py line 117 10873] Train: [12/100][32/50] Data 0.002 (0.623) Batch 0.234 (0.877) Remain 01:04:36 loss: 0.4289 Lr: 0.00593
[2026-07-21 09:56:26,041 INFO misc.py line 117 10873] Train: [12/100][33/50] Data 0.011 (0.603) Batch 0.258 (0.857) Remain 01:03:04 loss: 0.7053 Lr: 0.00593
[2026-07-21 09:56:26,283 INFO misc.py line 117 10873] Train: [12/100][34/50] Data 0.002 (0.583) Batch 0.242 (0.837) Remain 01:01:35 loss: 0.5740 Lr: 0.00593
[2026-07-21 09:56:26,504 INFO misc.py line 117 10873] Train: [12/100][35/50] Data 0.002 (0.565) Batch 0.222 (0.818) Remain 01:00:10 loss: 0.3922 Lr: 0.00593
[2026-07-21 09:56:26,743 INFO misc.py line 117 10873] Train: [12/100][36/50] Data 0.002 (0.548) Batch 0.238 (0.800) Remain 00:58:51 loss: 0.5136 Lr: 0.00593
[2026-07-21 09:56:26,998 INFO misc.py line 117 10873] Train: [12/100][37/50] Data 0.006 (0.532) Batch 0.255 (0.784) Remain 00:57:40 loss: 0.4772 Lr: 0.00593
[2026-07-21 09:56:27,274 INFO misc.py line 117 10873] Train: [12/100][38/50] Data 0.067 (0.519) Batch 0.276 (0.770) Remain 00:56:35 loss: 0.4938 Lr: 0.00592
[2026-07-21 09:56:27,507 INFO misc.py line 117 10873] Train: [12/100][39/50] Data 0.001 (0.505) Batch 0.233 (0.755) Remain 00:55:28 loss: 0.5975 Lr: 0.00592
[2026-07-21 09:56:27,724 INFO misc.py line 117 10873] Train: [12/100][40/50] Data 0.001 (0.491) Batch 0.217 (0.740) Remain 00:54:23 loss: 0.4480 Lr: 0.00592
[2026-07-21 09:56:27,948 INFO misc.py line 117 10873] Train: [12/100][41/50] Data 0.002 (0.478) Batch 0.224 (0.727) Remain 00:53:23 loss: 0.7075 Lr: 0.00592
[2026-07-21 09:56:28,166 INFO misc.py line 117 10873] Train: [12/100][42/50] Data 0.001 (0.466) Batch 0.219 (0.714) Remain 00:52:25 loss: 0.3710 Lr: 0.00592
[2026-07-21 09:56:28,480 INFO misc.py line 117 10873] Train: [12/100][43/50] Data 0.093 (0.457) Batch 0.314 (0.704) Remain 00:51:40 loss: 0.5929 Lr: 0.00592
[2026-07-21 09:56:28,717 INFO misc.py line 117 10873] Train: [12/100][44/50] Data 0.001 (0.445) Batch 0.236 (0.692) Remain 00:50:49 loss: 0.6735 Lr: 0.00592
[2026-07-21 09:56:28,939 INFO misc.py line 117 10873] Train: [12/100][45/50] Data 0.001 (0.435) Batch 0.222 (0.681) Remain 00:49:59 loss: 0.4592 Lr: 0.00592
[2026-07-21 09:56:29,185 INFO misc.py line 117 10873] Train: [12/100][46/50] Data 0.001 (0.425) Batch 0.246 (0.671) Remain 00:49:14 loss: 0.5550 Lr: 0.00592
[2026-07-21 09:56:29,420 INFO misc.py line 117 10873] Train: [12/100][47/50] Data 0.001 (0.415) Batch 0.235 (0.661) Remain 00:48:30 loss: 0.4813 Lr: 0.00592
[2026-07-21 09:56:29,642 INFO misc.py line 117 10873] Train: [12/100][48/50] Data 0.001 (0.406) Batch 0.222 (0.651) Remain 00:47:46 loss: 0.4588 Lr: 0.00592
[2026-07-21 09:56:29,869 INFO misc.py line 117 10873] Train: [12/100][49/50] Data 0.001 (0.397) Batch 0.227 (0.642) Remain 00:47:05 loss: 0.5193 Lr: 0.00592
[2026-07-21 09:56:30,098 INFO misc.py line 117 10873] Train: [12/100][50/50] Data 0.001 (0.389) Batch 0.230 (0.633) Remain 00:46:26 loss: 0.7386 Lr: 0.00592
[2026-07-21 09:56:30,099 INFO misc.py line 147 10873] Train result: loss: 0.5165 
[2026-07-21 09:56:30,099 INFO evaluator.py line 169 10873] >>>>>>>>>>>>>>>> Start Evaluation (Segmentation) >>>>>>>>>>>>>>>>
[2026-07-21 09:56:39,036 INFO evaluator.py line 228 10873] Test: [1/1] Loss 0.6742 
[2026-07-21 09:56:39,297 INFO evaluator.py line 257 10873] Val result: mIoU/macroF1/mAcc/mPrecision/allAcc 0.6284/0.7166/0.7108/0.7383/0.9262.
[2026-07-21 09:56:39,297 INFO evaluator.py line 266 10873] Class_0-road Metrics: IoU=0.8984, accuracy=0.9196, precision=0.9750, F1=0.9465
[2026-07-21 09:56:39,297 INFO evaluator.py line 266 10873] Class_1-road_marking Metrics: IoU=0.3318, accuracy=0.5263, precision=0.4732, F1=0.4983
[2026-07-21 09:56:39,298 INFO evaluator.py line 266 10873] Class_2-natural Metrics: IoU=0.9377, accuracy=0.9773, precision=0.9586, F1=0.9679
[2026-07-21 09:56:39,298 INFO evaluator.py line 266 10873] Class_3-building Metrics: IoU=0.7585, accuracy=0.9374, precision=0.7990, F1=0.8627
[2026-07-21 09:56:39,298 INFO evaluator.py line 266 10873] Class_4-utility_line Metrics: IoU=0.6953, accuracy=0.7507, precision=0.9040, F1=0.8203
[2026-07-21 09:56:39,298 INFO evaluator.py line 266 10873] Class_5-pole Metrics: IoU=0.5687, accuracy=0.6696, precision=0.7906, F1=0.7251
[2026-07-21 09:56:39,298 INFO evaluator.py line 266 10873] Class_6-car Metrics: IoU=0.8359, accuracy=0.9050, precision=0.9163, F1=0.9106
[2026-07-21 09:56:39,298 INFO evaluator.py line 266 10873] Class_7-fence Metrics: IoU=0.0006, accuracy=0.0006, precision=0.0897, F1=0.0013
[2026-07-21 09:56:39,298 INFO evaluator.py line 321 10873] <<<<<<<<<<<<<<<<< End Evaluation <<<<<<<<<<<<<<<<<
[2026-07-21 09:56:39,299 INFO misc.py line 182 10873] Best validation mIoU updated to: 0.6284
[2026-07-21 09:56:39,299 INFO misc.py line 187 10873] Currently Best mIoU: 0.6284
[2026-07-21 09:56:39,300 INFO misc.py line 196 10873] Saving checkpoint to: exp/toronto3d/spunet-toronto3d/model/model_last.pth
[2026-07-21 09:57:11,621 INFO misc.py line 117 10873] Train: [13/100][1/50] Data 29.185 (29.185) Batch 29.438 (29.438) Remain 35:58:19 loss: 0.4407 Lr: 0.00592
[2026-07-21 09:57:11,887 INFO misc.py line 117 10873] Train: [13/100][2/50] Data 0.003 (0.003) Batch 0.268 (0.268) Remain 00:19:37 loss: 0.5320 Lr: 0.00592
[2026-07-21 09:57:14,325 INFO misc.py line 117 10873] Train: [13/100][3/50] Data 2.152 (2.152) Batch 2.438 (2.438) Remain 02:58:39 loss: 0.5321 Lr: 0.00592
[2026-07-21 09:57:14,572 INFO misc.py line 117 10873] Train: [13/100][4/50] Data 0.003 (0.003) Batch 0.247 (0.247) Remain 00:18:05 loss: 0.5794 Lr: 0.00592
[2026-07-21 09:57:14,809 INFO misc.py line 117 10873] Train: [13/100][5/50] Data 0.003 (0.003) Batch 0.236 (0.242) Remain 00:17:41 loss: 0.4269 Lr: 0.00592
[2026-07-21 09:57:15,059 INFO misc.py line 117 10873] Train: [13/100][6/50] Data 0.003 (0.003) Batch 0.250 (0.244) Remain 00:17:54 loss: 0.4971 Lr: 0.00592
[2026-07-21 09:57:15,316 INFO misc.py line 117 10873] Train: [13/100][7/50] Data 0.003 (0.003) Batch 0.257 (0.248) Remain 00:18:07 loss: 0.4701 Lr: 0.00592
[2026-07-21 09:57:15,548 INFO misc.py line 117 10873] Train: [13/100][8/50] Data 0.003 (0.003) Batch 0.232 (0.245) Remain 00:17:54 loss: 0.5084 Lr: 0.00592
[2026-07-21 09:57:15,816 INFO misc.py line 117 10873] Train: [13/100][9/50] Data 0.003 (0.003) Batch 0.268 (0.248) Remain 00:18:10 loss: 0.6242 Lr: 0.00592
[2026-07-21 09:57:16,055 INFO misc.py line 117 10873] Train: [13/100][10/50] Data 0.003 (0.003) Batch 0.239 (0.247) Remain 00:18:04 loss: 0.4777 Lr: 0.00591
[2026-07-21 09:57:16,309 INFO misc.py line 117 10873] Train: [13/100][11/50] Data 0.003 (0.003) Batch 0.255 (0.248) Remain 00:18:08 loss: 0.5459 Lr: 0.00591
[2026-07-21 09:57:16,553 INFO misc.py line 117 10873] Train: [13/100][12/50] Data 0.002 (0.003) Batch 0.244 (0.248) Remain 00:18:06 loss: 0.8481 Lr: 0.00591
[2026-07-21 09:57:16,802 INFO misc.py line 117 10873] Train: [13/100][13/50] Data 0.003 (0.003) Batch 0.249 (0.248) Remain 00:18:06 loss: 0.5752 Lr: 0.00591
[2026-07-21 09:57:17,028 INFO misc.py line 117 10873] Train: [13/100][14/50] Data 0.002 (0.003) Batch 0.226 (0.246) Remain 00:17:57 loss: 0.4987 Lr: 0.00591
[2026-07-21 09:57:17,282 INFO misc.py line 117 10873] Train: [13/100][15/50] Data 0.003 (0.003) Batch 0.254 (0.246) Remain 00:18:00 loss: 0.6286 Lr: 0.00591
[2026-07-21 09:57:17,535 INFO misc.py line 117 10873] Train: [13/100][16/50] Data 0.002 (0.003) Batch 0.252 (0.247) Remain 00:18:02 loss: 0.6345 Lr: 0.00591
[2026-07-21 09:57:17,771 INFO misc.py line 117 10873] Train: [13/100][17/50] Data 0.003 (0.003) Batch 0.237 (0.246) Remain 00:17:58 loss: 0.6184 Lr: 0.00591
[2026-07-21 09:57:18,020 INFO misc.py line 117 10873] Train: [13/100][18/50] Data 0.003 (0.003) Batch 0.249 (0.246) Remain 00:17:59 loss: 0.4762 Lr: 0.00591
[2026-07-21 09:57:18,291 INFO misc.py line 117 10873] Train: [13/100][19/50] Data 0.002 (0.003) Batch 0.271 (0.248) Remain 00:18:05 loss: 0.6148 Lr: 0.00591
[2026-07-21 09:57:18,556 INFO misc.py line 117 10873] Train: [13/100][20/50] Data 0.003 (0.003) Batch 0.265 (0.249) Remain 00:18:10 loss: 0.5080 Lr: 0.00591
[2026-07-21 09:57:18,802 INFO misc.py line 117 10873] Train: [13/100][21/50] Data 0.002 (0.003) Batch 0.246 (0.249) Remain 00:18:09 loss: 0.4494 Lr: 0.00591
[2026-07-21 09:57:19,061 INFO misc.py line 117 10873] Train: [13/100][22/50] Data 0.002 (0.003) Batch 0.259 (0.249) Remain 00:18:11 loss: 0.4533 Lr: 0.00591
[2026-07-21 09:57:19,304 INFO misc.py line 117 10873] Train: [13/100][23/50] Data 0.003 (0.003) Batch 0.243 (0.249) Remain 00:18:09 loss: 0.4246 Lr: 0.00591
[2026-07-21 09:57:19,539 INFO misc.py line 117 10873] Train: [13/100][24/50] Data 0.002 (0.003) Batch 0.235 (0.248) Remain 00:18:06 loss: 0.4247 Lr: 0.00591
[2026-07-21 09:57:19,798 INFO misc.py line 117 10873] Train: [13/100][25/50] Data 0.004 (0.003) Batch 0.259 (0.249) Remain 00:18:08 loss: 0.5619 Lr: 0.00591
[2026-07-21 09:57:20,044 INFO misc.py line 117 10873] Train: [13/100][26/50] Data 0.004 (0.003) Batch 0.246 (0.249) Remain 00:18:07 loss: 0.4750 Lr: 0.00591
[2026-07-21 09:57:20,300 INFO misc.py line 117 10873] Train: [13/100][27/50] Data 0.004 (0.003) Batch 0.257 (0.249) Remain 00:18:08 loss: 0.4914 Lr: 0.00591
[2026-07-21 09:57:20,546 INFO misc.py line 117 10873] Train: [13/100][28/50] Data 0.003 (0.003) Batch 0.246 (0.249) Remain 00:18:07 loss: 0.4891 Lr: 0.00591
[2026-07-21 09:57:34,842 INFO misc.py line 117 10873] Train: [13/100][29/50] Data 14.062 (0.544) Batch 14.296 (0.789) Remain 00:57:29 loss: 0.5177 Lr: 0.00591
[2026-07-21 09:57:35,210 INFO misc.py line 117 10873] Train: [13/100][30/50] Data 0.137 (0.529) Batch 0.367 (0.773) Remain 00:56:20 loss: 0.5379 Lr: 0.00591
[2026-07-21 09:57:39,755 INFO misc.py line 117 10873] Train: [13/100][31/50] Data 4.306 (0.663) Batch 4.546 (0.908) Remain 01:06:07 loss: 0.9459 Lr: 0.00590
[2026-07-21 09:57:40,002 INFO misc.py line 117 10873] Train: [13/100][32/50] Data 0.001 (0.641) Batch 0.247 (0.885) Remain 01:04:27 loss: 0.5945 Lr: 0.00590
[2026-07-21 09:57:40,232 INFO misc.py line 117 10873] Train: [13/100][33/50] Data 0.001 (0.619) Batch 0.231 (0.864) Remain 01:02:51 loss: 0.5474 Lr: 0.00590
[2026-07-21 09:57:40,460 INFO misc.py line 117 10873] Train: [13/100][34/50] Data 0.001 (0.599) Batch 0.228 (0.843) Remain 01:01:20 loss: 0.6726 Lr: 0.00590
[2026-07-21 09:57:40,675 INFO misc.py line 117 10873] Train: [13/100][35/50] Data 0.001 (0.581) Batch 0.216 (0.823) Remain 00:59:54 loss: 0.6390 Lr: 0.00590
[2026-07-21 09:57:40,915 INFO misc.py line 117 10873] Train: [13/100][36/50] Data 0.001 (0.563) Batch 0.239 (0.806) Remain 00:58:36 loss: 0.5387 Lr: 0.00590
[2026-07-21 09:57:41,136 INFO misc.py line 117 10873] Train: [13/100][37/50] Data 0.001 (0.547) Batch 0.222 (0.789) Remain 00:57:20 loss: 0.5731 Lr: 0.00590
[2026-07-21 09:57:41,369 INFO misc.py line 117 10873] Train: [13/100][38/50] Data 0.001 (0.531) Batch 0.233 (0.773) Remain 00:56:10 loss: 0.5020 Lr: 0.00590
[2026-07-21 09:57:41,594 INFO misc.py line 117 10873] Train: [13/100][39/50] Data 0.001 (0.516) Batch 0.225 (0.757) Remain 00:55:03 loss: 0.5533 Lr: 0.00590
[2026-07-21 09:57:41,823 INFO misc.py line 117 10873] Train: [13/100][40/50] Data 0.001 (0.502) Batch 0.229 (0.743) Remain 00:54:00 loss: 0.3892 Lr: 0.00590
[2026-07-21 09:57:42,047 INFO misc.py line 117 10873] Train: [13/100][41/50] Data 0.001 (0.489) Batch 0.224 (0.730) Remain 00:53:00 loss: 0.5803 Lr: 0.00590
[2026-07-21 09:57:42,280 INFO misc.py line 117 10873] Train: [13/100][42/50] Data 0.001 (0.477) Batch 0.233 (0.717) Remain 00:52:03 loss: 0.5232 Lr: 0.00590
[2026-07-21 09:57:42,494 INFO misc.py line 117 10873] Train: [13/100][43/50] Data 0.001 (0.465) Batch 0.214 (0.704) Remain 00:51:08 loss: 0.3550 Lr: 0.00590
[2026-07-21 09:57:42,726 INFO misc.py line 117 10873] Train: [13/100][44/50] Data 0.001 (0.453) Batch 0.232 (0.693) Remain 00:50:17 loss: 0.7680 Lr: 0.00590
[2026-07-21 09:57:42,938 INFO misc.py line 117 10873] Train: [13/100][45/50] Data 0.001 (0.443) Batch 0.212 (0.681) Remain 00:49:26 loss: 0.5585 Lr: 0.00590
[2026-07-21 09:57:43,173 INFO misc.py line 117 10873] Train: [13/100][46/50] Data 0.001 (0.432) Batch 0.236 (0.671) Remain 00:48:41 loss: 0.5537 Lr: 0.00590
[2026-07-21 09:57:43,429 INFO misc.py line 117 10873] Train: [13/100][47/50] Data 0.001 (0.423) Batch 0.256 (0.661) Remain 00:47:59 loss: 0.5263 Lr: 0.00590
[2026-07-21 09:57:43,662 INFO misc.py line 117 10873] Train: [13/100][48/50] Data 0.001 (0.413) Batch 0.233 (0.652) Remain 00:47:17 loss: 0.5817 Lr: 0.00590
[2026-07-21 09:57:43,916 INFO misc.py line 117 10873] Train: [13/100][49/50] Data 0.001 (0.404) Batch 0.254 (0.643) Remain 00:46:38 loss: 0.6899 Lr: 0.00590
[2026-07-21 09:57:44,136 INFO misc.py line 117 10873] Train: [13/100][50/50] Data 0.001 (0.396) Batch 0.220 (0.634) Remain 00:45:59 loss: 0.4530 Lr: 0.00590
[2026-07-21 09:57:44,137 INFO misc.py line 147 10873] Train result: loss: 0.5481 
[2026-07-21 09:57:44,137 INFO evaluator.py line 169 10873] >>>>>>>>>>>>>>>> Start Evaluation (Segmentation) >>>>>>>>>>>>>>>>
[2026-07-21 09:57:52,972 INFO evaluator.py line 228 10873] Test: [1/1] Loss 0.6121 
[2026-07-21 09:57:53,239 INFO evaluator.py line 257 10873] Val result: mIoU/macroF1/mAcc/mPrecision/allAcc 0.6576/0.7525/0.7299/0.8138/0.9394.
[2026-07-21 09:57:53,240 INFO evaluator.py line 266 10873] Class_0-road Metrics: IoU=0.9307, accuracy=0.9575, precision=0.9708, F1=0.9641
[2026-07-21 09:57:53,240 INFO evaluator.py line 266 10873] Class_1-road_marking Metrics: IoU=0.3352, accuracy=0.4753, precision=0.5322, F1=0.5021
[2026-07-21 09:57:53,240 INFO evaluator.py line 266 10873] Class_2-natural Metrics: IoU=0.9357, accuracy=0.9652, precision=0.9684, F1=0.9668
[2026-07-21 09:57:53,240 INFO evaluator.py line 266 10873] Class_3-building Metrics: IoU=0.8104, accuracy=0.9392, precision=0.8552, F1=0.8953
[2026-07-21 09:57:53,240 INFO evaluator.py line 266 10873] Class_4-utility_line Metrics: IoU=0.6850, accuracy=0.7385, precision=0.9044, F1=0.8131
[2026-07-21 09:57:53,240 INFO evaluator.py line 266 10873] Class_5-pole Metrics: IoU=0.6335, accuracy=0.7208, precision=0.8395, F1=0.7756
[2026-07-21 09:57:53,240 INFO evaluator.py line 266 10873] Class_6-car Metrics: IoU=0.8168, accuracy=0.9184, precision=0.8807, F1=0.8992
[2026-07-21 09:57:53,240 INFO evaluator.py line 266 10873] Class_7-fence Metrics: IoU=0.1133, accuracy=0.1244, precision=0.5589, F1=0.2035
[2026-07-21 09:57:53,241 INFO evaluator.py line 321 10873] <<<<<<<<<<<<<<<<< End Evaluation <<<<<<<<<<<<<<<<<
[2026-07-21 09:57:53,241 INFO misc.py line 182 10873] Best validation mIoU updated to: 0.6576
[2026-07-21 09:57:53,242 INFO misc.py line 187 10873] Currently Best mIoU: 0.6576
[2026-07-21 09:57:53,242 INFO misc.py line 196 10873] Saving checkpoint to: exp/toronto3d/spunet-toronto3d/model/model_last.pth
[2026-07-21 09:58:25,896 INFO misc.py line 117 10873] Train: [14/100][1/50] Data 29.496 (29.496) Batch 29.772 (29.772) Remain 35:57:59 loss: 0.4465 Lr: 0.00589
[2026-07-21 09:58:26,230 INFO misc.py line 117 10873] Train: [14/100][2/50] Data 0.014 (0.014) Batch 0.335 (0.335) Remain 00:24:16 loss: 0.4670 Lr: 0.00589
[2026-07-21 09:58:26,488 INFO misc.py line 117 10873] Train: [14/100][3/50] Data 0.003 (0.003) Batch 0.257 (0.257) Remain 00:18:38 loss: 0.5451 Lr: 0.00589
[2026-07-21 09:58:26,724 INFO misc.py line 117 10873] Train: [14/100][4/50] Data 0.003 (0.003) Batch 0.236 (0.236) Remain 00:17:07 loss: 0.5424 Lr: 0.00589
[2026-07-21 09:58:26,952 INFO misc.py line 117 10873] Train: [14/100][5/50] Data 0.002 (0.003) Batch 0.227 (0.232) Remain 00:16:46 loss: 0.7384 Lr: 0.00589
[2026-07-21 09:58:27,216 INFO misc.py line 117 10873] Train: [14/100][6/50] Data 0.022 (0.009) Batch 0.265 (0.243) Remain 00:17:34 loss: 0.5030 Lr: 0.00589
[2026-07-21 09:58:27,472 INFO misc.py line 117 10873] Train: [14/100][7/50] Data 0.002 (0.007) Batch 0.256 (0.246) Remain 00:17:48 loss: 0.5419 Lr: 0.00589
[2026-07-21 09:58:27,711 INFO misc.py line 117 10873] Train: [14/100][8/50] Data 0.003 (0.006) Batch 0.239 (0.245) Remain 00:17:42 loss: 0.5310 Lr: 0.00589
[2026-07-21 09:58:27,958 INFO misc.py line 117 10873] Train: [14/100][9/50] Data 0.002 (0.006) Batch 0.247 (0.245) Remain 00:17:43 loss: 0.5073 Lr: 0.00589
[2026-07-21 09:58:28,196 INFO misc.py line 117 10873] Train: [14/100][10/50] Data 0.003 (0.005) Batch 0.238 (0.244) Remain 00:17:38 loss: 0.5819 Lr: 0.00589
[2026-07-21 09:58:28,449 INFO misc.py line 117 10873] Train: [14/100][11/50] Data 0.002 (0.005) Batch 0.253 (0.245) Remain 00:17:43 loss: 0.4718 Lr: 0.00589
[2026-07-21 09:58:28,710 INFO misc.py line 117 10873] Train: [14/100][12/50] Data 0.003 (0.005) Batch 0.262 (0.247) Remain 00:17:51 loss: 0.4382 Lr: 0.00589
[2026-07-21 09:58:28,962 INFO misc.py line 117 10873] Train: [14/100][13/50] Data 0.005 (0.005) Batch 0.252 (0.247) Remain 00:17:53 loss: 0.3774 Lr: 0.00589
[2026-07-21 09:58:29,202 INFO misc.py line 117 10873] Train: [14/100][14/50] Data 0.002 (0.004) Batch 0.239 (0.247) Remain 00:17:49 loss: 0.5097 Lr: 0.00589
[2026-07-21 09:58:29,452 INFO misc.py line 117 10873] Train: [14/100][15/50] Data 0.002 (0.004) Batch 0.250 (0.247) Remain 00:17:50 loss: 0.5300 Lr: 0.00589
[2026-07-21 09:58:29,705 INFO misc.py line 117 10873] Train: [14/100][16/50] Data 0.003 (0.004) Batch 0.254 (0.248) Remain 00:17:52 loss: 0.5761 Lr: 0.00589
[2026-07-21 09:58:29,954 INFO misc.py line 117 10873] Train: [14/100][17/50] Data 0.002 (0.004) Batch 0.248 (0.248) Remain 00:17:52 loss: 0.4441 Lr: 0.00589
[2026-07-21 09:58:30,193 INFO misc.py line 117 10873] Train: [14/100][18/50] Data 0.004 (0.004) Batch 0.240 (0.247) Remain 00:17:50 loss: 0.4193 Lr: 0.00589
[2026-07-21 09:58:30,430 INFO misc.py line 117 10873] Train: [14/100][19/50] Data 0.003 (0.004) Batch 0.236 (0.246) Remain 00:17:47 loss: 0.4581 Lr: 0.00589
[2026-07-21 09:58:30,716 INFO misc.py line 117 10873] Train: [14/100][20/50] Data 0.002 (0.004) Batch 0.286 (0.249) Remain 00:17:56 loss: 0.5336 Lr: 0.00588
[2026-07-21 09:58:30,962 INFO misc.py line 117 10873] Train: [14/100][21/50] Data 0.003 (0.004) Batch 0.246 (0.249) Remain 00:17:56 loss: 0.4590 Lr: 0.00588
[2026-07-21 09:58:31,206 INFO misc.py line 117 10873] Train: [14/100][22/50] Data 0.002 (0.004) Batch 0.244 (0.248) Remain 00:17:54 loss: 0.5414 Lr: 0.00588
[2026-07-21 09:58:31,462 INFO misc.py line 117 10873] Train: [14/100][23/50] Data 0.003 (0.004) Batch 0.256 (0.249) Remain 00:17:56 loss: 0.5282 Lr: 0.00588
[2026-07-21 09:58:31,809 INFO misc.py line 117 10873] Train: [14/100][24/50] Data 0.003 (0.004) Batch 0.336 (0.253) Remain 00:18:13 loss: 0.5467 Lr: 0.00588
[2026-07-21 09:58:32,087 INFO misc.py line 117 10873] Train: [14/100][25/50] Data 0.013 (0.004) Batch 0.288 (0.254) Remain 00:18:20 loss: 0.5356 Lr: 0.00588
[2026-07-21 09:58:32,337 INFO misc.py line 117 10873] Train: [14/100][26/50] Data 0.002 (0.004) Batch 0.250 (0.254) Remain 00:18:19 loss: 0.5184 Lr: 0.00588
[2026-07-21 09:58:32,593 INFO misc.py line 117 10873] Train: [14/100][27/50] Data 0.002 (0.004) Batch 0.257 (0.254) Remain 00:18:19 loss: 0.4560 Lr: 0.00588
[2026-07-21 09:58:32,854 INFO misc.py line 117 10873] Train: [14/100][28/50] Data 0.002 (0.004) Batch 0.261 (0.255) Remain 00:18:20 loss: 0.4935 Lr: 0.00588
[2026-07-21 09:58:50,218 INFO misc.py line 117 10873] Train: [14/100][29/50] Data 17.148 (0.663) Batch 17.365 (0.913) Remain 01:05:43 loss: 0.4200 Lr: 0.00588
[2026-07-21 09:58:50,439 INFO misc.py line 117 10873] Train: [14/100][30/50] Data 0.002 (0.639) Batch 0.220 (0.887) Remain 01:03:52 loss: 0.5154 Lr: 0.00588
[2026-07-21 09:58:50,695 INFO misc.py line 117 10873] Train: [14/100][31/50] Data 0.002 (0.616) Batch 0.256 (0.865) Remain 01:02:13 loss: 0.6751 Lr: 0.00588
[2026-07-21 09:58:50,919 INFO misc.py line 117 10873] Train: [14/100][32/50] Data 0.002 (0.595) Batch 0.225 (0.842) Remain 01:00:37 loss: 0.3586 Lr: 0.00588
[2026-07-21 09:58:51,150 INFO misc.py line 117 10873] Train: [14/100][33/50] Data 0.002 (0.575) Batch 0.230 (0.822) Remain 00:59:08 loss: 0.5277 Lr: 0.00588
[2026-07-21 09:58:51,374 INFO misc.py line 117 10873] Train: [14/100][34/50] Data 0.002 (0.557) Batch 0.225 (0.803) Remain 00:57:44 loss: 0.5141 Lr: 0.00588
[2026-07-21 09:58:51,594 INFO misc.py line 117 10873] Train: [14/100][35/50] Data 0.002 (0.539) Batch 0.220 (0.785) Remain 00:56:25 loss: 0.4986 Lr: 0.00588
[2026-07-21 09:58:51,812 INFO misc.py line 117 10873] Train: [14/100][36/50] Data 0.002 (0.523) Batch 0.219 (0.767) Remain 00:55:10 loss: 0.4114 Lr: 0.00588
[2026-07-21 09:58:52,040 INFO misc.py line 117 10873] Train: [14/100][37/50] Data 0.001 (0.508) Batch 0.228 (0.752) Remain 00:54:01 loss: 0.7998 Lr: 0.00588
[2026-07-21 09:58:52,285 INFO misc.py line 117 10873] Train: [14/100][38/50] Data 0.001 (0.493) Batch 0.245 (0.737) Remain 00:52:58 loss: 0.4897 Lr: 0.00587
[2026-07-21 09:58:52,522 INFO misc.py line 117 10873] Train: [14/100][39/50] Data 0.002 (0.479) Batch 0.237 (0.723) Remain 00:51:57 loss: 0.5781 Lr: 0.00587
[2026-07-21 09:58:52,738 INFO misc.py line 117 10873] Train: [14/100][40/50] Data 0.001 (0.467) Batch 0.216 (0.709) Remain 00:50:57 loss: 0.5565 Lr: 0.00587
[2026-07-21 09:58:52,967 INFO misc.py line 117 10873] Train: [14/100][41/50] Data 0.001 (0.454) Batch 0.229 (0.697) Remain 00:50:02 loss: 0.4806 Lr: 0.00587
[2026-07-21 09:58:53,201 INFO misc.py line 117 10873] Train: [14/100][42/50] Data 0.001 (0.443) Batch 0.234 (0.685) Remain 00:49:10 loss: 0.5372 Lr: 0.00587
[2026-07-21 09:58:53,422 INFO misc.py line 117 10873] Train: [14/100][43/50] Data 0.002 (0.432) Batch 0.221 (0.673) Remain 00:48:20 loss: 0.4443 Lr: 0.00587
[2026-07-21 09:58:53,631 INFO misc.py line 117 10873] Train: [14/100][44/50] Data 0.001 (0.421) Batch 0.209 (0.662) Remain 00:47:30 loss: 0.5144 Lr: 0.00587
[2026-07-21 09:58:53,886 INFO misc.py line 117 10873] Train: [14/100][45/50] Data 0.001 (0.411) Batch 0.255 (0.652) Remain 00:46:48 loss: 0.4682 Lr: 0.00587
[2026-07-21 09:58:54,105 INFO misc.py line 117 10873] Train: [14/100][46/50] Data 0.001 (0.402) Batch 0.219 (0.642) Remain 00:46:04 loss: 0.4113 Lr: 0.00587
[2026-07-21 09:58:54,332 INFO misc.py line 117 10873] Train: [14/100][47/50] Data 0.001 (0.393) Batch 0.226 (0.633) Remain 00:45:23 loss: 0.6450 Lr: 0.00587
[2026-07-21 09:58:54,545 INFO misc.py line 117 10873] Train: [14/100][48/50] Data 0.001 (0.384) Batch 0.214 (0.624) Remain 00:44:42 loss: 0.4998 Lr: 0.00587
[2026-07-21 09:58:54,767 INFO misc.py line 117 10873] Train: [14/100][49/50] Data 0.001 (0.376) Batch 0.222 (0.615) Remain 00:44:04 loss: 0.5138 Lr: 0.00587
[2026-07-21 09:58:55,022 INFO misc.py line 117 10873] Train: [14/100][50/50] Data 0.001 (0.368) Batch 0.254 (0.607) Remain 00:43:30 loss: 0.5636 Lr: 0.00587
[2026-07-21 09:58:55,022 INFO misc.py line 147 10873] Train result: loss: 0.5133 
[2026-07-21 09:58:55,022 INFO evaluator.py line 169 10873] >>>>>>>>>>>>>>>> Start Evaluation (Segmentation) >>>>>>>>>>>>>>>>
[2026-07-21 09:59:03,872 INFO evaluator.py line 228 10873] Test: [1/1] Loss 0.7979 
[2026-07-21 09:59:04,140 INFO evaluator.py line 257 10873] Val result: mIoU/macroF1/mAcc/mPrecision/allAcc 0.5937/0.7033/0.6995/0.7534/0.8977.
[2026-07-21 09:59:04,140 INFO evaluator.py line 266 10873] Class_0-road Metrics: IoU=0.9394, accuracy=0.9664, precision=0.9711, F1=0.9687
[2026-07-21 09:59:04,141 INFO evaluator.py line 266 10873] Class_1-road_marking Metrics: IoU=0.4159, accuracy=0.5012, precision=0.7097, F1=0.5875
[2026-07-21 09:59:04,141 INFO evaluator.py line 266 10873] Class_2-natural Metrics: IoU=0.8111, accuracy=0.8429, precision=0.9556, F1=0.8957
[2026-07-21 09:59:04,141 INFO evaluator.py line 266 10873] Class_3-building Metrics: IoU=0.8183, accuracy=0.9188, precision=0.8821, F1=0.9001
[2026-07-21 09:59:04,141 INFO evaluator.py line 266 10873] Class_4-utility_line Metrics: IoU=0.6362, accuracy=0.6549, precision=0.9570, F1=0.7776
[2026-07-21 09:59:04,141 INFO evaluator.py line 266 10873] Class_5-pole Metrics: IoU=0.6314, accuracy=0.6828, precision=0.8934, F1=0.7741
[2026-07-21 09:59:04,141 INFO evaluator.py line 266 10873] Class_6-car Metrics: IoU=0.4361, accuracy=0.9494, precision=0.4465, F1=0.6073
[2026-07-21 09:59:04,141 INFO evaluator.py line 266 10873] Class_7-fence Metrics: IoU=0.0614, accuracy=0.0796, precision=0.2118, F1=0.1157
[2026-07-21 09:59:04,141 INFO evaluator.py line 321 10873] <<<<<<<<<<<<<<<<< End Evaluation <<<<<<<<<<<<<<<<<
[2026-07-21 09:59:04,142 INFO misc.py line 187 10873] Currently Best mIoU: 0.6576
[2026-07-21 09:59:04,142 INFO misc.py line 196 10873] Saving checkpoint to: exp/toronto3d/spunet-toronto3d/model/model_last.pth
[2026-07-21 09:59:30,700 INFO misc.py line 117 10873] Train: [15/100][1/50] Data 26.036 (26.036) Batch 26.297 (26.297) Remain 31:24:12 loss: 0.4790 Lr: 0.00587
[2026-07-21 09:59:31,686 INFO misc.py line 117 10873] Train: [15/100][2/50] Data 0.718 (0.718) Batch 0.987 (0.987) Remain 01:10:43 loss: 0.3704 Lr: 0.00587
[2026-07-21 09:59:32,559 INFO misc.py line 117 10873] Train: [15/100][3/50] Data 0.597 (0.597) Batch 0.872 (0.872) Remain 01:02:27 loss: 0.4939 Lr: 0.00587
[2026-07-21 09:59:35,069 INFO misc.py line 117 10873] Train: [15/100][4/50] Data 2.256 (2.256) Batch 2.509 (2.509) Remain 02:59:39 loss: 0.4163 Lr: 0.00587
[2026-07-21 09:59:35,386 INFO misc.py line 117 10873] Train: [15/100][5/50] Data 0.012 (1.134) Batch 0.319 (1.414) Remain 01:41:14 loss: 0.4018 Lr: 0.00586
[2026-07-21 09:59:35,641 INFO misc.py line 117 10873] Train: [15/100][6/50] Data 0.003 (0.757) Batch 0.253 (1.027) Remain 01:13:30 loss: 0.5620 Lr: 0.00586
[2026-07-21 09:59:35,911 INFO misc.py line 117 10873] Train: [15/100][7/50] Data 0.004 (0.569) Batch 0.272 (0.838) Remain 00:59:58 loss: 0.5077 Lr: 0.00586
[2026-07-21 09:59:36,151 INFO misc.py line 117 10873] Train: [15/100][8/50] Data 0.003 (0.456) Batch 0.240 (0.719) Remain 00:51:24 loss: 0.4073 Lr: 0.00586
[2026-07-21 09:59:36,405 INFO misc.py line 117 10873] Train: [15/100][9/50] Data 0.003 (0.380) Batch 0.254 (0.641) Remain 00:45:51 loss: 0.5961 Lr: 0.00586
[2026-07-21 09:59:36,652 INFO misc.py line 117 10873] Train: [15/100][10/50] Data 0.002 (0.326) Batch 0.247 (0.585) Remain 00:41:49 loss: 0.5565 Lr: 0.00586
[2026-07-21 09:59:36,886 INFO misc.py line 117 10873] Train: [15/100][11/50] Data 0.002 (0.286) Batch 0.234 (0.541) Remain 00:38:40 loss: 0.3576 Lr: 0.00586
[2026-07-21 09:59:37,157 INFO misc.py line 117 10873] Train: [15/100][12/50] Data 0.002 (0.254) Batch 0.271 (0.511) Remain 00:36:30 loss: 0.5801 Lr: 0.00586
[2026-07-21 09:59:37,399 INFO misc.py line 117 10873] Train: [15/100][13/50] Data 0.003 (0.229) Batch 0.242 (0.484) Remain 00:34:35 loss: 0.4947 Lr: 0.00586
[2026-07-21 09:59:37,671 INFO misc.py line 117 10873] Train: [15/100][14/50] Data 0.010 (0.209) Batch 0.271 (0.465) Remain 00:33:11 loss: 0.4561 Lr: 0.00586
[2026-07-21 09:59:37,921 INFO misc.py line 117 10873] Train: [15/100][15/50] Data 0.003 (0.192) Batch 0.251 (0.447) Remain 00:31:55 loss: 0.5268 Lr: 0.00586
[2026-07-21 09:59:38,179 INFO misc.py line 117 10873] Train: [15/100][16/50] Data 0.002 (0.177) Batch 0.257 (0.432) Remain 00:30:52 loss: 0.6154 Lr: 0.00586
[2026-07-21 09:59:38,446 INFO misc.py line 117 10873] Train: [15/100][17/50] Data 0.003 (0.165) Batch 0.268 (0.421) Remain 00:30:01 loss: 0.4950 Lr: 0.00586
[2026-07-21 09:59:38,712 INFO misc.py line 117 10873] Train: [15/100][18/50] Data 0.002 (0.154) Batch 0.265 (0.410) Remain 00:29:16 loss: 0.5207 Lr: 0.00586
[2026-07-21 09:59:38,941 INFO misc.py line 117 10873] Train: [15/100][19/50] Data 0.002 (0.145) Batch 0.229 (0.399) Remain 00:28:27 loss: 0.3734 Lr: 0.00586
[2026-07-21 09:59:39,207 INFO misc.py line 117 10873] Train: [15/100][20/50] Data 0.004 (0.136) Batch 0.266 (0.391) Remain 00:27:53 loss: 0.4772 Lr: 0.00586
[2026-07-21 09:59:39,454 INFO misc.py line 117 10873] Train: [15/100][21/50] Data 0.002 (0.129) Batch 0.246 (0.383) Remain 00:27:19 loss: 0.6401 Lr: 0.00586
[2026-07-21 09:59:39,705 INFO misc.py line 117 10873] Train: [15/100][22/50] Data 0.002 (0.122) Batch 0.251 (0.376) Remain 00:26:49 loss: 0.5423 Lr: 0.00585
[2026-07-21 09:59:39,973 INFO misc.py line 117 10873] Train: [15/100][23/50] Data 0.002 (0.116) Batch 0.267 (0.371) Remain 00:26:25 loss: 0.4563 Lr: 0.00585
[2026-07-21 09:59:40,217 INFO misc.py line 117 10873] Train: [15/100][24/50] Data 0.004 (0.111) Batch 0.245 (0.365) Remain 00:25:59 loss: 0.4313 Lr: 0.00585
[2026-07-21 09:59:40,464 INFO misc.py line 117 10873] Train: [15/100][25/50] Data 0.002 (0.106) Batch 0.247 (0.359) Remain 00:25:36 loss: 0.4776 Lr: 0.00585
[2026-07-21 09:59:40,724 INFO misc.py line 117 10873] Train: [15/100][26/50] Data 0.003 (0.101) Batch 0.260 (0.355) Remain 00:25:17 loss: 0.5718 Lr: 0.00585
[2026-07-21 09:59:40,973 INFO misc.py line 117 10873] Train: [15/100][27/50] Data 0.002 (0.097) Batch 0.249 (0.351) Remain 00:24:58 loss: 0.5139 Lr: 0.00585
[2026-07-21 09:59:41,218 INFO misc.py line 117 10873] Train: [15/100][28/50] Data 0.003 (0.093) Batch 0.246 (0.346) Remain 00:24:39 loss: 0.4557 Lr: 0.00585
[2026-07-21 09:59:55,114 INFO misc.py line 117 10873] Train: [15/100][29/50] Data 13.664 (0.615) Batch 13.896 (0.868) Remain 01:01:45 loss: 0.4343 Lr: 0.00585
[2026-07-21 09:59:56,824 INFO misc.py line 117 10873] Train: [15/100][30/50] Data 1.476 (0.647) Batch 1.710 (0.899) Remain 01:03:57 loss: 0.3349 Lr: 0.00585
[2026-07-21 09:59:59,241 INFO misc.py line 117 10873] Train: [15/100][31/50] Data 2.167 (0.702) Batch 2.417 (0.953) Remain 01:07:48 loss: 0.3659 Lr: 0.00585
[2026-07-21 09:59:59,475 INFO misc.py line 117 10873] Train: [15/100][32/50] Data 0.002 (0.677) Batch 0.234 (0.928) Remain 01:06:01 loss: 0.5136 Lr: 0.00585
[2026-07-21 09:59:59,729 INFO misc.py line 117 10873] Train: [15/100][33/50] Data 0.001 (0.655) Batch 0.254 (0.906) Remain 01:04:24 loss: 0.4300 Lr: 0.00585
[2026-07-21 09:59:59,966 INFO misc.py line 117 10873] Train: [15/100][34/50] Data 0.001 (0.634) Batch 0.237 (0.884) Remain 01:02:51 loss: 0.5437 Lr: 0.00585
[2026-07-21 10:00:00,189 INFO misc.py line 117 10873] Train: [15/100][35/50] Data 0.001 (0.614) Batch 0.223 (0.863) Remain 01:01:22 loss: 0.5642 Lr: 0.00585
[2026-07-21 10:00:00,410 INFO misc.py line 117 10873] Train: [15/100][36/50] Data 0.001 (0.595) Batch 0.221 (0.844) Remain 00:59:58 loss: 0.4925 Lr: 0.00585
[2026-07-21 10:00:00,634 INFO misc.py line 117 10873] Train: [15/100][37/50] Data 0.001 (0.578) Batch 0.225 (0.826) Remain 00:58:40 loss: 0.4089 Lr: 0.00585
[2026-07-21 10:00:00,853 INFO misc.py line 117 10873] Train: [15/100][38/50] Data 0.002 (0.562) Batch 0.219 (0.808) Remain 00:57:25 loss: 0.4000 Lr: 0.00584
[2026-07-21 10:00:01,064 INFO misc.py line 117 10873] Train: [15/100][39/50] Data 0.001 (0.546) Batch 0.210 (0.792) Remain 00:56:13 loss: 0.4164 Lr: 0.00584
[2026-07-21 10:00:01,308 INFO misc.py line 117 10873] Train: [15/100][40/50] Data 0.001 (0.531) Batch 0.244 (0.777) Remain 00:55:10 loss: 0.4956 Lr: 0.00584
[2026-07-21 10:00:01,527 INFO misc.py line 117 10873] Train: [15/100][41/50] Data 0.001 (0.517) Batch 0.219 (0.762) Remain 00:54:06 loss: 0.4090 Lr: 0.00584
[2026-07-21 10:00:01,735 INFO misc.py line 117 10873] Train: [15/100][42/50] Data 0.001 (0.504) Batch 0.208 (0.748) Remain 00:53:05 loss: 0.3119 Lr: 0.00584
[2026-07-21 10:00:01,983 INFO misc.py line 117 10873] Train: [15/100][43/50] Data 0.001 (0.492) Batch 0.248 (0.736) Remain 00:52:11 loss: 0.4395 Lr: 0.00584
[2026-07-21 10:00:02,202 INFO misc.py line 117 10873] Train: [15/100][44/50] Data 0.001 (0.480) Batch 0.220 (0.723) Remain 00:51:17 loss: 0.3515 Lr: 0.00584
[2026-07-21 10:00:02,433 INFO misc.py line 117 10873] Train: [15/100][45/50] Data 0.001 (0.468) Batch 0.231 (0.711) Remain 00:50:26 loss: 0.4591 Lr: 0.00584
[2026-07-21 10:00:02,682 INFO misc.py line 117 10873] Train: [15/100][46/50] Data 0.001 (0.457) Batch 0.249 (0.701) Remain 00:49:40 loss: 0.4995 Lr: 0.00584
[2026-07-21 10:00:02,932 INFO misc.py line 117 10873] Train: [15/100][47/50] Data 0.001 (0.447) Batch 0.250 (0.690) Remain 00:48:55 loss: 0.4712 Lr: 0.00584
[2026-07-21 10:00:03,188 INFO misc.py line 117 10873] Train: [15/100][48/50] Data 0.001 (0.437) Batch 0.256 (0.681) Remain 00:48:14 loss: 0.4957 Lr: 0.00584
[2026-07-21 10:00:03,398 INFO misc.py line 117 10873] Train: [15/100][49/50] Data 0.001 (0.428) Batch 0.210 (0.670) Remain 00:47:30 loss: 0.8781 Lr: 0.00584
[2026-07-21 10:00:03,629 INFO misc.py line 117 10873] Train: [15/100][50/50] Data 0.001 (0.418) Batch 0.231 (0.661) Remain 00:46:49 loss: 0.4813 Lr: 0.00584
[2026-07-21 10:00:03,629 INFO misc.py line 147 10873] Train result: loss: 0.4795 
[2026-07-21 10:00:03,630 INFO evaluator.py line 169 10873] >>>>>>>>>>>>>>>> Start Evaluation (Segmentation) >>>>>>>>>>>>>>>>
[2026-07-21 10:00:12,508 INFO evaluator.py line 228 10873] Test: [1/1] Loss 1.0645 
[2026-07-21 10:00:12,788 INFO evaluator.py line 257 10873] Val result: mIoU/macroF1/mAcc/mPrecision/allAcc 0.5415/0.6635/0.6802/0.7019/0.7868.
[2026-07-21 10:00:12,788 INFO evaluator.py line 266 10873] Class_0-road Metrics: IoU=0.9234, accuracy=0.9482, precision=0.9724, F1=0.9602
[2026-07-21 10:00:12,788 INFO evaluator.py line 266 10873] Class_1-road_marking Metrics: IoU=0.3861, accuracy=0.4488, precision=0.7341, F1=0.5571
[2026-07-21 10:00:12,789 INFO evaluator.py line 266 10873] Class_2-natural Metrics: IoU=0.5465, accuracy=0.5833, precision=0.8964, F1=0.7067
[2026-07-21 10:00:12,789 INFO evaluator.py line 266 10873] Class_3-building Metrics: IoU=0.4142, accuracy=0.8292, precision=0.4528, F1=0.5857
[2026-07-21 10:00:12,789 INFO evaluator.py line 266 10873] Class_4-utility_line Metrics: IoU=0.6858, accuracy=0.8297, precision=0.7982, F1=0.8136
[2026-07-21 10:00:12,789 INFO evaluator.py line 266 10873] Class_5-pole Metrics: IoU=0.5667, accuracy=0.6103, precision=0.8882, F1=0.7235
[2026-07-21 10:00:12,789 INFO evaluator.py line 266 10873] Class_6-car Metrics: IoU=0.7570, accuracy=0.9175, precision=0.8123, F1=0.8617
[2026-07-21 10:00:12,789 INFO evaluator.py line 266 10873] Class_7-fence Metrics: IoU=0.0525, accuracy=0.2745, precision=0.0610, F1=0.0998
[2026-07-21 10:00:12,789 INFO evaluator.py line 321 10873] <<<<<<<<<<<<<<<<< End Evaluation <<<<<<<<<<<<<<<<<
[2026-07-21 10:00:12,790 INFO misc.py line 187 10873] Currently Best mIoU: 0.6576
[2026-07-21 10:00:12,790 INFO misc.py line 196 10873] Saving checkpoint to: exp/toronto3d/spunet-toronto3d/model/model_last.pth
[2026-07-21 10:00:42,388 INFO misc.py line 117 10873] Train: [16/100][1/50] Data 29.011 (29.011) Batch 29.323 (29.323) Remain 34:36:34 loss: 0.5922 Lr: 0.00584
[2026-07-21 10:00:42,689 INFO misc.py line 117 10873] Train: [16/100][2/50] Data 0.037 (0.037) Batch 0.300 (0.300) Remain 00:21:12 loss: 0.5346 Lr: 0.00584
[2026-07-21 10:00:42,969 INFO misc.py line 117 10873] Train: [16/100][3/50] Data 0.013 (0.013) Batch 0.280 (0.280) Remain 00:19:50 loss: 0.3634 Lr: 0.00583
[2026-07-21 10:00:43,233 INFO misc.py line 117 10873] Train: [16/100][4/50] Data 0.014 (0.014) Batch 0.273 (0.273) Remain 00:19:17 loss: 0.7769 Lr: 0.00583
[2026-07-21 10:00:43,484 INFO misc.py line 117 10873] Train: [16/100][5/50] Data 0.005 (0.010) Batch 0.252 (0.262) Remain 00:18:33 loss: 0.5501 Lr: 0.00583
[2026-07-21 10:00:43,738 INFO misc.py line 117 10873] Train: [16/100][6/50] Data 0.003 (0.007) Batch 0.254 (0.259) Remain 00:18:21 loss: 0.5709 Lr: 0.00583
[2026-07-21 10:00:44,068 INFO misc.py line 117 10873] Train: [16/100][7/50] Data 0.004 (0.007) Batch 0.320 (0.275) Remain 00:19:25 loss: 0.5290 Lr: 0.00583
[2026-07-21 10:00:44,350 INFO misc.py line 117 10873] Train: [16/100][8/50] Data 0.012 (0.008) Batch 0.292 (0.278) Remain 00:19:40 loss: 0.6346 Lr: 0.00583
[2026-07-21 10:00:44,595 INFO misc.py line 117 10873] Train: [16/100][9/50] Data 0.003 (0.007) Batch 0.245 (0.273) Remain 00:19:16 loss: 0.5610 Lr: 0.00583
[2026-07-21 10:00:44,830 INFO misc.py line 117 10873] Train: [16/100][10/50] Data 0.003 (0.006) Batch 0.235 (0.267) Remain 00:18:53 loss: 0.4992 Lr: 0.00583
[2026-07-21 10:00:45,092 INFO misc.py line 117 10873] Train: [16/100][11/50] Data 0.003 (0.006) Batch 0.262 (0.267) Remain 00:18:50 loss: 0.8194 Lr: 0.00583
[2026-07-21 10:00:45,360 INFO misc.py line 117 10873] Train: [16/100][12/50] Data 0.003 (0.006) Batch 0.267 (0.267) Remain 00:18:50 loss: 0.6139 Lr: 0.00583
[2026-07-21 10:00:45,627 INFO misc.py line 117 10873] Train: [16/100][13/50] Data 0.004 (0.005) Batch 0.268 (0.267) Remain 00:18:50 loss: 0.4860 Lr: 0.00583
[2026-07-21 10:00:45,891 INFO misc.py line 117 10873] Train: [16/100][14/50] Data 0.003 (0.005) Batch 0.264 (0.267) Remain 00:18:49 loss: 0.5569 Lr: 0.00583
[2026-07-21 10:00:46,132 INFO misc.py line 117 10873] Train: [16/100][15/50] Data 0.003 (0.005) Batch 0.241 (0.264) Remain 00:18:39 loss: 0.7296 Lr: 0.00583
[2026-07-21 10:00:46,410 INFO misc.py line 117 10873] Train: [16/100][16/50] Data 0.003 (0.005) Batch 0.278 (0.265) Remain 00:18:44 loss: 0.3767 Lr: 0.00583
[2026-07-21 10:00:46,673 INFO misc.py line 117 10873] Train: [16/100][17/50] Data 0.002 (0.005) Batch 0.263 (0.265) Remain 00:18:43 loss: 0.5206 Lr: 0.00583
[2026-07-21 10:00:46,929 INFO misc.py line 117 10873] Train: [16/100][18/50] Data 0.003 (0.004) Batch 0.255 (0.265) Remain 00:18:39 loss: 0.4365 Lr: 0.00583
[2026-07-21 10:00:47,178 INFO misc.py line 117 10873] Train: [16/100][19/50] Data 0.003 (0.004) Batch 0.250 (0.264) Remain 00:18:35 loss: 0.5445 Lr: 0.00582
[2026-07-21 10:00:47,487 INFO misc.py line 117 10873] Train: [16/100][20/50] Data 0.002 (0.004) Batch 0.309 (0.266) Remain 00:18:46 loss: 0.7551 Lr: 0.00582
[2026-07-21 10:00:47,727 INFO misc.py line 117 10873] Train: [16/100][21/50] Data 0.003 (0.004) Batch 0.240 (0.265) Remain 00:18:40 loss: 0.4797 Lr: 0.00582
[2026-07-21 10:00:47,972 INFO misc.py line 117 10873] Train: [16/100][22/50] Data 0.002 (0.004) Batch 0.245 (0.264) Remain 00:18:35 loss: 0.5386 Lr: 0.00582
[2026-07-21 10:00:48,247 INFO misc.py line 117 10873] Train: [16/100][23/50] Data 0.002 (0.004) Batch 0.275 (0.264) Remain 00:18:37 loss: 0.5563 Lr: 0.00582
[2026-07-21 10:00:48,515 INFO misc.py line 117 10873] Train: [16/100][24/50] Data 0.008 (0.004) Batch 0.267 (0.265) Remain 00:18:38 loss: 0.5144 Lr: 0.00582
[2026-07-21 10:00:48,760 INFO misc.py line 117 10873] Train: [16/100][25/50] Data 0.002 (0.004) Batch 0.245 (0.264) Remain 00:18:34 loss: 0.3651 Lr: 0.00582
[2026-07-21 10:00:49,046 INFO misc.py line 117 10873] Train: [16/100][26/50] Data 0.003 (0.004) Batch 0.286 (0.265) Remain 00:18:37 loss: 0.5757 Lr: 0.00582
[2026-07-21 10:00:49,301 INFO misc.py line 117 10873] Train: [16/100][27/50] Data 0.003 (0.004) Batch 0.255 (0.264) Remain 00:18:35 loss: 0.4381 Lr: 0.00582
[2026-07-21 10:00:49,543 INFO misc.py line 117 10873] Train: [16/100][28/50] Data 0.003 (0.004) Batch 0.242 (0.263) Remain 00:18:31 loss: 0.4370 Lr: 0.00582
[2026-07-21 10:01:06,072 INFO misc.py line 117 10873] Train: [16/100][29/50] Data 16.294 (0.630) Batch 16.530 (0.889) Remain 01:02:32 loss: 0.4595 Lr: 0.00582
[2026-07-21 10:01:06,304 INFO misc.py line 117 10873] Train: [16/100][30/50] Data 0.002 (0.607) Batch 0.231 (0.865) Remain 01:00:48 loss: 0.5345 Lr: 0.00582
[2026-07-21 10:01:06,876 INFO misc.py line 117 10873] Train: [16/100][31/50] Data 0.331 (0.597) Batch 0.573 (0.854) Remain 01:00:03 loss: 0.5130 Lr: 0.00582
[2026-07-21 10:01:07,117 INFO misc.py line 117 10873] Train: [16/100][32/50] Data 0.002 (0.577) Batch 0.241 (0.833) Remain 00:58:33 loss: 0.4498 Lr: 0.00582
[2026-07-21 10:01:08,635 INFO misc.py line 117 10873] Train: [16/100][33/50] Data 1.279 (0.600) Batch 1.519 (0.856) Remain 01:00:09 loss: 0.3819 Lr: 0.00581
[2026-07-21 10:01:08,861 INFO misc.py line 117 10873] Train: [16/100][34/50] Data 0.001 (0.581) Batch 0.226 (0.836) Remain 00:58:42 loss: 0.3698 Lr: 0.00581
[2026-07-21 10:01:09,076 INFO misc.py line 117 10873] Train: [16/100][35/50] Data 0.001 (0.563) Batch 0.215 (0.816) Remain 00:57:20 loss: 0.6388 Lr: 0.00581
[2026-07-21 10:01:09,293 INFO misc.py line 117 10873] Train: [16/100][36/50] Data 0.001 (0.546) Batch 0.217 (0.798) Remain 00:56:02 loss: 0.3730 Lr: 0.00581
[2026-07-21 10:01:10,372 INFO misc.py line 117 10873] Train: [16/100][37/50] Data 0.835 (0.554) Batch 1.079 (0.806) Remain 00:56:36 loss: 0.7692 Lr: 0.00581
[2026-07-21 10:01:10,595 INFO misc.py line 117 10873] Train: [16/100][38/50] Data 0.001 (0.538) Batch 0.223 (0.790) Remain 00:55:25 loss: 0.5126 Lr: 0.00581
[2026-07-21 10:01:10,817 INFO misc.py line 117 10873] Train: [16/100][39/50] Data 0.001 (0.524) Batch 0.222 (0.774) Remain 00:54:18 loss: 0.6989 Lr: 0.00581
[2026-07-21 10:01:11,058 INFO misc.py line 117 10873] Train: [16/100][40/50] Data 0.001 (0.509) Batch 0.241 (0.759) Remain 00:53:17 loss: 0.4293 Lr: 0.00581
[2026-07-21 10:01:11,275 INFO misc.py line 117 10873] Train: [16/100][41/50] Data 0.001 (0.496) Batch 0.217 (0.745) Remain 00:52:16 loss: 0.5670 Lr: 0.00581
[2026-07-21 10:01:11,495 INFO misc.py line 117 10873] Train: [16/100][42/50] Data 0.001 (0.483) Batch 0.219 (0.732) Remain 00:51:18 loss: 0.3737 Lr: 0.00581
[2026-07-21 10:01:11,716 INFO misc.py line 117 10873] Train: [16/100][43/50] Data 0.001 (0.471) Batch 0.221 (0.719) Remain 00:50:24 loss: 0.6831 Lr: 0.00581
[2026-07-21 10:01:11,946 INFO misc.py line 117 10873] Train: [16/100][44/50] Data 0.001 (0.460) Batch 0.230 (0.707) Remain 00:49:33 loss: 0.4480 Lr: 0.00581
[2026-07-21 10:01:12,181 INFO misc.py line 117 10873] Train: [16/100][45/50] Data 0.001 (0.449) Batch 0.235 (0.696) Remain 00:48:45 loss: 0.5901 Lr: 0.00581
[2026-07-21 10:01:12,414 INFO misc.py line 117 10873] Train: [16/100][46/50] Data 0.001 (0.438) Batch 0.233 (0.685) Remain 00:47:59 loss: 0.4437 Lr: 0.00581
[2026-07-21 10:01:12,630 INFO misc.py line 117 10873] Train: [16/100][47/50] Data 0.001 (0.429) Batch 0.216 (0.674) Remain 00:47:14 loss: 0.5470 Lr: 0.00581
[2026-07-21 10:01:12,854 INFO misc.py line 117 10873] Train: [16/100][48/50] Data 0.001 (0.419) Batch 0.224 (0.664) Remain 00:46:31 loss: 0.5626 Lr: 0.00580
[2026-07-21 10:01:13,082 INFO misc.py line 117 10873] Train: [16/100][49/50] Data 0.001 (0.410) Batch 0.228 (0.655) Remain 00:45:51 loss: 0.5600 Lr: 0.00580
[2026-07-21 10:01:13,304 INFO misc.py line 117 10873] Train: [16/100][50/50] Data 0.001 (0.401) Batch 0.222 (0.646) Remain 00:45:11 loss: 0.4372 Lr: 0.00580
[2026-07-21 10:01:13,304 INFO misc.py line 147 10873] Train result: loss: 0.5340 
[2026-07-21 10:01:13,305 INFO evaluator.py line 169 10873] >>>>>>>>>>>>>>>> Start Evaluation (Segmentation) >>>>>>>>>>>>>>>>
[2026-07-21 10:01:22,151 INFO evaluator.py line 228 10873] Test: [1/1] Loss 1.6029 
[2026-07-21 10:01:22,407 INFO evaluator.py line 257 10873] Val result: mIoU/macroF1/mAcc/mPrecision/allAcc 0.5125/0.6348/0.7048/0.6259/0.8319.
[2026-07-21 10:01:22,407 INFO evaluator.py line 266 10873] Class_0-road Metrics: IoU=0.8417, accuracy=0.8658, precision=0.9679, F1=0.9140
[2026-07-21 10:01:22,407 INFO evaluator.py line 266 10873] Class_1-road_marking Metrics: IoU=0.3199, accuracy=0.4969, precision=0.4732, F1=0.4848
[2026-07-21 10:01:22,407 INFO evaluator.py line 266 10873] Class_2-natural Metrics: IoU=0.7661, accuracy=0.7813, precision=0.9754, F1=0.8676
[2026-07-21 10:01:22,408 INFO evaluator.py line 266 10873] Class_3-building Metrics: IoU=0.6682, accuracy=0.8673, precision=0.7442, F1=0.8011
[2026-07-21 10:01:22,408 INFO evaluator.py line 266 10873] Class_4-utility_line Metrics: IoU=0.6693, accuracy=0.7696, precision=0.8370, F1=0.8019
[2026-07-21 10:01:22,408 INFO evaluator.py line 266 10873] Class_5-pole Metrics: IoU=0.4479, accuracy=0.8344, precision=0.4916, F1=0.6187
[2026-07-21 10:01:22,408 INFO evaluator.py line 266 10873] Class_6-car Metrics: IoU=0.3486, accuracy=0.9760, precision=0.3516, F1=0.5170
[2026-07-21 10:01:22,408 INFO evaluator.py line 266 10873] Class_7-fence Metrics: IoU=0.0380, accuracy=0.0469, precision=0.1665, F1=0.0731
[2026-07-21 10:01:22,408 INFO evaluator.py line 321 10873] <<<<<<<<<<<<<<<<< End Evaluation <<<<<<<<<<<<<<<<<
[2026-07-21 10:01:22,409 INFO misc.py line 187 10873] Currently Best mIoU: 0.6576
[2026-07-21 10:01:22,409 INFO misc.py line 196 10873] Saving checkpoint to: exp/toronto3d/spunet-toronto3d/model/model_last.pth
[2026-07-21 10:01:51,942 INFO misc.py line 117 10873] Train: [17/100][1/50] Data 29.029 (29.029) Batch 29.264 (29.264) Remain 34:07:58 loss: 0.5953 Lr: 0.00580
[2026-07-21 10:01:52,288 INFO misc.py line 117 10873] Train: [17/100][2/50] Data 0.002 (0.002) Batch 0.336 (0.336) Remain 00:23:28 loss: 0.5737 Lr: 0.00580
[2026-07-21 10:01:52,558 INFO misc.py line 117 10873] Train: [17/100][3/50] Data 0.020 (0.020) Batch 0.280 (0.280) Remain 00:19:35 loss: 0.5429 Lr: 0.00580
[2026-07-21 10:01:52,820 INFO misc.py line 117 10873] Train: [17/100][4/50] Data 0.003 (0.003) Batch 0.262 (0.262) Remain 00:18:18 loss: 0.4538 Lr: 0.00580
[2026-07-21 10:01:53,960 INFO misc.py line 117 10873] Train: [17/100][5/50] Data 0.907 (0.455) Batch 1.140 (0.701) Remain 00:49:00 loss: 0.5306 Lr: 0.00580
[2026-07-21 10:01:54,211 INFO misc.py line 117 10873] Train: [17/100][6/50] Data 0.002 (0.304) Batch 0.251 (0.551) Remain 00:38:30 loss: 0.4710 Lr: 0.00580
[2026-07-21 10:01:54,459 INFO misc.py line 117 10873] Train: [17/100][7/50] Data 0.003 (0.229) Batch 0.249 (0.475) Remain 00:33:12 loss: 0.5398 Lr: 0.00580
[2026-07-21 10:01:54,720 INFO misc.py line 117 10873] Train: [17/100][8/50] Data 0.002 (0.183) Batch 0.261 (0.432) Remain 00:30:12 loss: 0.5135 Lr: 0.00580
[2026-07-21 10:01:54,992 INFO misc.py line 117 10873] Train: [17/100][9/50] Data 0.002 (0.153) Batch 0.272 (0.406) Remain 00:28:20 loss: 0.6134 Lr: 0.00580
[2026-07-21 10:01:55,238 INFO misc.py line 117 10873] Train: [17/100][10/50] Data 0.003 (0.132) Batch 0.245 (0.383) Remain 00:26:43 loss: 0.6219 Lr: 0.00580
[2026-07-21 10:01:55,506 INFO misc.py line 117 10873] Train: [17/100][11/50] Data 0.004 (0.116) Batch 0.269 (0.368) Remain 00:25:43 loss: 0.5881 Lr: 0.00580
[2026-07-21 10:01:55,753 INFO misc.py line 117 10873] Train: [17/100][12/50] Data 0.003 (0.103) Batch 0.247 (0.355) Remain 00:24:46 loss: 0.4657 Lr: 0.00579
[2026-07-21 10:01:56,013 INFO misc.py line 117 10873] Train: [17/100][13/50] Data 0.003 (0.093) Batch 0.260 (0.345) Remain 00:24:06 loss: 0.5056 Lr: 0.00579
[2026-07-21 10:01:56,261 INFO misc.py line 117 10873] Train: [17/100][14/50] Data 0.003 (0.085) Batch 0.248 (0.337) Remain 00:23:29 loss: 0.5082 Lr: 0.00579
[2026-07-21 10:01:56,510 INFO misc.py line 117 10873] Train: [17/100][15/50] Data 0.002 (0.078) Batch 0.249 (0.329) Remain 00:22:58 loss: 0.4213 Lr: 0.00579
[2026-07-21 10:01:56,740 INFO misc.py line 117 10873] Train: [17/100][16/50] Data 0.002 (0.072) Batch 0.231 (0.322) Remain 00:22:26 loss: 0.3169 Lr: 0.00579
[2026-07-21 10:01:56,982 INFO misc.py line 117 10873] Train: [17/100][17/50] Data 0.002 (0.067) Batch 0.240 (0.316) Remain 00:22:01 loss: 0.4674 Lr: 0.00579
[2026-07-21 10:01:57,310 INFO misc.py line 117 10873] Train: [17/100][18/50] Data 0.003 (0.063) Batch 0.328 (0.317) Remain 00:22:04 loss: 0.3828 Lr: 0.00579
[2026-07-21 10:01:57,556 INFO misc.py line 117 10873] Train: [17/100][19/50] Data 0.004 (0.059) Batch 0.247 (0.312) Remain 00:21:45 loss: 0.4780 Lr: 0.00579
[2026-07-21 10:01:57,821 INFO misc.py line 117 10873] Train: [17/100][20/50] Data 0.002 (0.056) Batch 0.265 (0.310) Remain 00:21:34 loss: 0.5948 Lr: 0.00579
[2026-07-21 10:01:58,083 INFO misc.py line 117 10873] Train: [17/100][21/50] Data 0.003 (0.053) Batch 0.262 (0.307) Remain 00:21:22 loss: 0.5109 Lr: 0.00579
[2026-07-21 10:01:58,344 INFO misc.py line 117 10873] Train: [17/100][22/50] Data 0.003 (0.050) Batch 0.261 (0.305) Remain 00:21:12 loss: 0.4862 Lr: 0.00579
[2026-07-21 10:01:58,604 INFO misc.py line 117 10873] Train: [17/100][23/50] Data 0.002 (0.048) Batch 0.259 (0.302) Remain 00:21:02 loss: 0.4338 Lr: 0.00579
[2026-07-21 10:01:58,887 INFO misc.py line 117 10873] Train: [17/100][24/50] Data 0.002 (0.046) Batch 0.282 (0.301) Remain 00:20:58 loss: 0.4129 Lr: 0.00579
[2026-07-21 10:01:59,127 INFO misc.py line 117 10873] Train: [17/100][25/50] Data 0.004 (0.044) Batch 0.241 (0.299) Remain 00:20:46 loss: 0.5126 Lr: 0.00578
[2026-07-21 10:01:59,379 INFO misc.py line 117 10873] Train: [17/100][26/50] Data 0.002 (0.042) Batch 0.252 (0.297) Remain 00:20:37 loss: 0.3649 Lr: 0.00578
[2026-07-21 10:01:59,662 INFO misc.py line 117 10873] Train: [17/100][27/50] Data 0.003 (0.040) Batch 0.283 (0.296) Remain 00:20:35 loss: 0.5777 Lr: 0.00578
[2026-07-21 10:01:59,895 INFO misc.py line 117 10873] Train: [17/100][28/50] Data 0.002 (0.039) Batch 0.233 (0.293) Remain 00:20:24 loss: 0.4167 Lr: 0.00578
[2026-07-21 10:02:17,286 INFO misc.py line 117 10873] Train: [17/100][29/50] Data 17.151 (0.697) Batch 17.392 (0.951) Remain 01:06:06 loss: 0.5567 Lr: 0.00578
[2026-07-21 10:02:17,523 INFO misc.py line 117 10873] Train: [17/100][30/50] Data 0.002 (0.671) Batch 0.237 (0.925) Remain 01:04:15 loss: 0.4205 Lr: 0.00578
[2026-07-21 10:02:17,780 INFO misc.py line 117 10873] Train: [17/100][31/50] Data 0.002 (0.647) Batch 0.257 (0.901) Remain 01:02:35 loss: 0.4420 Lr: 0.00578
[2026-07-21 10:02:18,006 INFO misc.py line 117 10873] Train: [17/100][32/50] Data 0.002 (0.625) Batch 0.226 (0.878) Remain 01:00:57 loss: 0.3747 Lr: 0.00578
[2026-07-21 10:02:18,480 INFO misc.py line 117 10873] Train: [17/100][33/50] Data 0.252 (0.613) Batch 0.474 (0.864) Remain 01:00:00 loss: 0.4972 Lr: 0.00578
[2026-07-21 10:02:18,703 INFO misc.py line 117 10873] Train: [17/100][34/50] Data 0.001 (0.593) Batch 0.223 (0.843) Remain 00:58:33 loss: 0.3410 Lr: 0.00578
[2026-07-21 10:02:18,931 INFO misc.py line 117 10873] Train: [17/100][35/50] Data 0.001 (0.575) Batch 0.228 (0.824) Remain 00:57:12 loss: 0.4191 Lr: 0.00578
[2026-07-21 10:02:19,157 INFO misc.py line 117 10873] Train: [17/100][36/50] Data 0.001 (0.557) Batch 0.226 (0.806) Remain 00:55:56 loss: 0.3908 Lr: 0.00578
[2026-07-21 10:02:19,396 INFO misc.py line 117 10873] Train: [17/100][37/50] Data 0.001 (0.541) Batch 0.239 (0.789) Remain 00:54:46 loss: 0.4354 Lr: 0.00578
[2026-07-21 10:02:19,621 INFO misc.py line 117 10873] Train: [17/100][38/50] Data 0.001 (0.525) Batch 0.225 (0.773) Remain 00:53:38 loss: 0.5642 Lr: 0.00578
[2026-07-21 10:02:19,836 INFO misc.py line 117 10873] Train: [17/100][39/50] Data 0.001 (0.511) Batch 0.214 (0.758) Remain 00:52:32 loss: 0.4636 Lr: 0.00577
[2026-07-21 10:02:20,053 INFO misc.py line 117 10873] Train: [17/100][40/50] Data 0.001 (0.497) Batch 0.218 (0.743) Remain 00:51:31 loss: 0.4444 Lr: 0.00577
[2026-07-21 10:02:20,313 INFO misc.py line 117 10873] Train: [17/100][41/50] Data 0.001 (0.484) Batch 0.260 (0.730) Remain 00:50:37 loss: 0.6304 Lr: 0.00577
[2026-07-21 10:02:20,560 INFO misc.py line 117 10873] Train: [17/100][42/50] Data 0.001 (0.472) Batch 0.247 (0.718) Remain 00:49:45 loss: 0.4577 Lr: 0.00577
[2026-07-21 10:02:20,773 INFO misc.py line 117 10873] Train: [17/100][43/50] Data 0.001 (0.460) Batch 0.213 (0.705) Remain 00:48:52 loss: 0.4785 Lr: 0.00577
[2026-07-21 10:02:21,012 INFO misc.py line 117 10873] Train: [17/100][44/50] Data 0.001 (0.449) Batch 0.239 (0.694) Remain 00:48:04 loss: 0.5289 Lr: 0.00577
[2026-07-21 10:02:21,248 INFO misc.py line 117 10873] Train: [17/100][45/50] Data 0.001 (0.438) Batch 0.236 (0.683) Remain 00:47:18 loss: 0.4652 Lr: 0.00577
[2026-07-21 10:02:21,478 INFO misc.py line 117 10873] Train: [17/100][46/50] Data 0.001 (0.428) Batch 0.230 (0.673) Remain 00:46:33 loss: 0.3411 Lr: 0.00577
[2026-07-21 10:02:21,706 INFO misc.py line 117 10873] Train: [17/100][47/50] Data 0.001 (0.418) Batch 0.228 (0.662) Remain 00:45:51 loss: 0.4519 Lr: 0.00577
[2026-07-21 10:02:21,930 INFO misc.py line 117 10873] Train: [17/100][48/50] Data 0.001 (0.409) Batch 0.224 (0.653) Remain 00:45:10 loss: 0.4094 Lr: 0.00577
[2026-07-21 10:02:22,170 INFO misc.py line 117 10873] Train: [17/100][49/50] Data 0.001 (0.400) Batch 0.240 (0.644) Remain 00:44:32 loss: 0.4211 Lr: 0.00577
[2026-07-21 10:02:22,394 INFO misc.py line 117 10873] Train: [17/100][50/50] Data 0.001 (0.391) Batch 0.224 (0.635) Remain 00:43:54 loss: 0.4449 Lr: 0.00577
[2026-07-21 10:02:22,395 INFO misc.py line 147 10873] Train result: loss: 0.4776 
[2026-07-21 10:02:22,395 INFO evaluator.py line 169 10873] >>>>>>>>>>>>>>>> Start Evaluation (Segmentation) >>>>>>>>>>>>>>>>
[2026-07-21 10:02:31,204 INFO evaluator.py line 228 10873] Test: [1/1] Loss 0.6557 
[2026-07-21 10:02:31,471 INFO evaluator.py line 257 10873] Val result: mIoU/macroF1/mAcc/mPrecision/allAcc 0.6445/0.7471/0.7413/0.7725/0.9125.
[2026-07-21 10:02:31,471 INFO evaluator.py line 266 10873] Class_0-road Metrics: IoU=0.9196, accuracy=0.9428, precision=0.9740, F1=0.9581
[2026-07-21 10:02:31,471 INFO evaluator.py line 266 10873] Class_1-road_marking Metrics: IoU=0.4190, accuracy=0.4740, precision=0.7830, F1=0.5906
[2026-07-21 10:02:31,471 INFO evaluator.py line 266 10873] Class_2-natural Metrics: IoU=0.8713, accuracy=0.8872, precision=0.9799, F1=0.9313
[2026-07-21 10:02:31,471 INFO evaluator.py line 266 10873] Class_3-building Metrics: IoU=0.7103, accuracy=0.9688, precision=0.7269, F1=0.8306
[2026-07-21 10:02:31,471 INFO evaluator.py line 266 10873] Class_4-utility_line Metrics: IoU=0.7303, accuracy=0.8080, precision=0.8837, F1=0.8442
[2026-07-21 10:02:31,471 INFO evaluator.py line 266 10873] Class_5-pole Metrics: IoU=0.6632, accuracy=0.8107, precision=0.7847, F1=0.7975
[2026-07-21 10:02:31,472 INFO evaluator.py line 266 10873] Class_6-car Metrics: IoU=0.7507, accuracy=0.9092, precision=0.8116, F1=0.8576
[2026-07-21 10:02:31,472 INFO evaluator.py line 266 10873] Class_7-fence Metrics: IoU=0.0913, accuracy=0.1297, precision=0.2359, F1=0.1673
[2026-07-21 10:02:31,472 INFO evaluator.py line 321 10873] <<<<<<<<<<<<<<<<< End Evaluation <<<<<<<<<<<<<<<<<
[2026-07-21 10:02:31,473 INFO misc.py line 187 10873] Currently Best mIoU: 0.6576
[2026-07-21 10:02:31,473 INFO misc.py line 196 10873] Saving checkpoint to: exp/toronto3d/spunet-toronto3d/model/model_last.pth
[2026-07-21 10:03:00,051 INFO misc.py line 117 10873] Train: [18/100][1/50] Data 28.061 (28.061) Batch 28.315 (28.315) Remain 32:38:00 loss: 0.4138 Lr: 0.00577
[2026-07-21 10:03:00,379 INFO misc.py line 117 10873] Train: [18/100][2/50] Data 0.009 (0.009) Batch 0.318 (0.318) Remain 00:21:57 loss: 0.3801 Lr: 0.00576
[2026-07-21 10:03:01,223 INFO misc.py line 117 10873] Train: [18/100][3/50] Data 0.553 (0.553) Batch 0.853 (0.853) Remain 00:58:56 loss: 0.4694 Lr: 0.00576
[2026-07-21 10:03:01,523 INFO misc.py line 117 10873] Train: [18/100][4/50] Data 0.005 (0.005) Batch 0.302 (0.302) Remain 00:20:51 loss: 0.5388 Lr: 0.00576
[2026-07-21 10:03:01,846 INFO misc.py line 117 10873] Train: [18/100][5/50] Data 0.002 (0.004) Batch 0.324 (0.313) Remain 00:21:36 loss: 0.5098 Lr: 0.00576
[2026-07-21 10:03:02,094 INFO misc.py line 117 10873] Train: [18/100][6/50] Data 0.013 (0.007) Batch 0.247 (0.291) Remain 00:20:05 loss: 0.2853 Lr: 0.00576
[2026-07-21 10:03:02,326 INFO misc.py line 117 10873] Train: [18/100][7/50] Data 0.002 (0.006) Batch 0.232 (0.276) Remain 00:19:04 loss: 0.3487 Lr: 0.00576
[2026-07-21 10:03:02,563 INFO misc.py line 117 10873] Train: [18/100][8/50] Data 0.003 (0.005) Batch 0.237 (0.268) Remain 00:18:31 loss: 0.4680 Lr: 0.00576
[2026-07-21 10:03:02,787 INFO misc.py line 117 10873] Train: [18/100][9/50] Data 0.003 (0.005) Batch 0.224 (0.261) Remain 00:18:00 loss: 0.4526 Lr: 0.00576
[2026-07-21 10:03:03,041 INFO misc.py line 117 10873] Train: [18/100][10/50] Data 0.005 (0.005) Batch 0.254 (0.260) Remain 00:17:56 loss: 0.3827 Lr: 0.00576
[2026-07-21 10:03:03,294 INFO misc.py line 117 10873] Train: [18/100][11/50] Data 0.003 (0.005) Batch 0.253 (0.259) Remain 00:17:52 loss: 0.4091 Lr: 0.00576
[2026-07-21 10:03:03,538 INFO misc.py line 117 10873] Train: [18/100][12/50] Data 0.003 (0.004) Batch 0.243 (0.257) Remain 00:17:45 loss: 0.4516 Lr: 0.00576
[2026-07-21 10:03:04,201 INFO misc.py line 117 10873] Train: [18/100][13/50] Data 0.421 (0.046) Batch 0.664 (0.298) Remain 00:20:32 loss: 0.4605 Lr: 0.00576
[2026-07-21 10:03:04,460 INFO misc.py line 117 10873] Train: [18/100][14/50] Data 0.003 (0.042) Batch 0.257 (0.294) Remain 00:20:17 loss: 0.4327 Lr: 0.00576
[2026-07-21 10:03:04,712 INFO misc.py line 117 10873] Train: [18/100][15/50] Data 0.005 (0.039) Batch 0.253 (0.291) Remain 00:20:02 loss: 0.4070 Lr: 0.00575
[2026-07-21 10:03:04,961 INFO misc.py line 117 10873] Train: [18/100][16/50] Data 0.003 (0.036) Batch 0.248 (0.288) Remain 00:19:49 loss: 0.3328 Lr: 0.00575
[2026-07-21 10:03:05,200 INFO misc.py line 117 10873] Train: [18/100][17/50] Data 0.003 (0.034) Batch 0.240 (0.284) Remain 00:19:34 loss: 0.3530 Lr: 0.00575
[2026-07-21 10:03:05,462 INFO misc.py line 117 10873] Train: [18/100][18/50] Data 0.002 (0.032) Batch 0.262 (0.283) Remain 00:19:28 loss: 0.5996 Lr: 0.00575
[2026-07-21 10:03:05,768 INFO misc.py line 117 10873] Train: [18/100][19/50] Data 0.004 (0.030) Batch 0.306 (0.284) Remain 00:19:33 loss: 0.3777 Lr: 0.00575
[2026-07-21 10:03:06,015 INFO misc.py line 117 10873] Train: [18/100][20/50] Data 0.003 (0.028) Batch 0.247 (0.282) Remain 00:19:24 loss: 0.4867 Lr: 0.00575
[2026-07-21 10:03:06,269 INFO misc.py line 117 10873] Train: [18/100][21/50] Data 0.004 (0.027) Batch 0.254 (0.280) Remain 00:19:17 loss: 0.4760 Lr: 0.00575
[2026-07-21 10:03:06,512 INFO misc.py line 117 10873] Train: [18/100][22/50] Data 0.003 (0.026) Batch 0.242 (0.278) Remain 00:19:09 loss: 0.4952 Lr: 0.00575
[2026-07-21 10:03:06,752 INFO misc.py line 117 10873] Train: [18/100][23/50] Data 0.004 (0.025) Batch 0.241 (0.277) Remain 00:19:01 loss: 0.3325 Lr: 0.00575
[2026-07-21 10:03:07,046 INFO misc.py line 117 10873] Train: [18/100][24/50] Data 0.003 (0.024) Batch 0.294 (0.277) Remain 00:19:04 loss: 0.7768 Lr: 0.00575
[2026-07-21 10:03:07,296 INFO misc.py line 117 10873] Train: [18/100][25/50] Data 0.002 (0.023) Batch 0.250 (0.276) Remain 00:18:59 loss: 0.4303 Lr: 0.00575
[2026-07-21 10:03:07,581 INFO misc.py line 117 10873] Train: [18/100][26/50] Data 0.002 (0.022) Batch 0.285 (0.277) Remain 00:19:00 loss: 0.4733 Lr: 0.00575
[2026-07-21 10:03:07,828 INFO misc.py line 117 10873] Train: [18/100][27/50] Data 0.002 (0.021) Batch 0.247 (0.275) Remain 00:18:55 loss: 0.4429 Lr: 0.00574
[2026-07-21 10:03:08,086 INFO misc.py line 117 10873] Train: [18/100][28/50] Data 0.002 (0.020) Batch 0.258 (0.275) Remain 00:18:51 loss: 0.6295 Lr: 0.00574
[2026-07-21 10:03:23,856 INFO misc.py line 117 10873] Train: [18/100][29/50] Data 15.522 (0.616) Batch 15.770 (0.871) Remain 00:59:47 loss: 0.6770 Lr: 0.00574
[2026-07-21 10:03:24,100 INFO misc.py line 117 10873] Train: [18/100][30/50] Data 0.002 (0.594) Batch 0.244 (0.847) Remain 00:58:11 loss: 0.4468 Lr: 0.00574
[2026-07-21 10:03:24,613 INFO misc.py line 117 10873] Train: [18/100][31/50] Data 0.258 (0.582) Batch 0.513 (0.835) Remain 00:57:21 loss: 0.4470 Lr: 0.00574
[2026-07-21 10:03:25,679 INFO misc.py line 117 10873] Train: [18/100][32/50] Data 0.791 (0.589) Batch 1.067 (0.843) Remain 00:57:53 loss: 0.5571 Lr: 0.00574
[2026-07-21 10:03:25,920 INFO misc.py line 117 10873] Train: [18/100][33/50] Data 0.002 (0.569) Batch 0.241 (0.823) Remain 00:56:29 loss: 0.4147 Lr: 0.00574
[2026-07-21 10:03:26,168 INFO misc.py line 117 10873] Train: [18/100][34/50] Data 0.002 (0.551) Batch 0.248 (0.805) Remain 00:55:12 loss: 0.5233 Lr: 0.00574
[2026-07-21 10:03:26,399 INFO misc.py line 117 10873] Train: [18/100][35/50] Data 0.002 (0.534) Batch 0.232 (0.787) Remain 00:53:57 loss: 0.4942 Lr: 0.00574
[2026-07-21 10:03:26,624 INFO misc.py line 117 10873] Train: [18/100][36/50] Data 0.002 (0.518) Batch 0.225 (0.770) Remain 00:52:46 loss: 0.4363 Lr: 0.00574
[2026-07-21 10:03:26,847 INFO misc.py line 117 10873] Train: [18/100][37/50] Data 0.002 (0.503) Batch 0.222 (0.754) Remain 00:51:39 loss: 0.3656 Lr: 0.00574
[2026-07-21 10:03:27,068 INFO misc.py line 117 10873] Train: [18/100][38/50] Data 0.002 (0.488) Batch 0.221 (0.738) Remain 00:50:36 loss: 0.3713 Lr: 0.00574
[2026-07-21 10:03:28,453 INFO misc.py line 117 10873] Train: [18/100][39/50] Data 1.162 (0.507) Batch 1.385 (0.756) Remain 00:51:49 loss: 0.3979 Lr: 0.00574
[2026-07-21 10:03:28,696 INFO misc.py line 117 10873] Train: [18/100][40/50] Data 0.001 (0.493) Batch 0.243 (0.743) Remain 00:50:52 loss: 0.5830 Lr: 0.00573
[2026-07-21 10:03:28,926 INFO misc.py line 117 10873] Train: [18/100][41/50] Data 0.001 (0.480) Batch 0.230 (0.729) Remain 00:49:55 loss: 0.5365 Lr: 0.00573
[2026-07-21 10:03:29,141 INFO misc.py line 117 10873] Train: [18/100][42/50] Data 0.001 (0.468) Batch 0.215 (0.716) Remain 00:49:00 loss: 0.4854 Lr: 0.00573
[2026-07-21 10:03:29,368 INFO misc.py line 117 10873] Train: [18/100][43/50] Data 0.001 (0.456) Batch 0.228 (0.704) Remain 00:48:10 loss: 0.4959 Lr: 0.00573
[2026-07-21 10:03:29,583 INFO misc.py line 117 10873] Train: [18/100][44/50] Data 0.001 (0.445) Batch 0.214 (0.692) Remain 00:47:20 loss: 0.5229 Lr: 0.00573
[2026-07-21 10:03:29,813 INFO misc.py line 117 10873] Train: [18/100][45/50] Data 0.001 (0.435) Batch 0.230 (0.681) Remain 00:46:34 loss: 0.3719 Lr: 0.00573
[2026-07-21 10:03:30,054 INFO misc.py line 117 10873] Train: [18/100][46/50] Data 0.001 (0.425) Batch 0.241 (0.671) Remain 00:45:51 loss: 0.3932 Lr: 0.00573
[2026-07-21 10:03:30,273 INFO misc.py line 117 10873] Train: [18/100][47/50] Data 0.001 (0.415) Batch 0.219 (0.660) Remain 00:45:09 loss: 0.4922 Lr: 0.00573
[2026-07-21 10:03:30,504 INFO misc.py line 117 10873] Train: [18/100][48/50] Data 0.001 (0.406) Batch 0.231 (0.651) Remain 00:44:29 loss: 0.5512 Lr: 0.00573
[2026-07-21 10:03:30,734 INFO misc.py line 117 10873] Train: [18/100][49/50] Data 0.001 (0.397) Batch 0.229 (0.642) Remain 00:43:51 loss: 0.4726 Lr: 0.00573
[2026-07-21 10:03:30,965 INFO misc.py line 117 10873] Train: [18/100][50/50] Data 0.001 (0.389) Batch 0.232 (0.633) Remain 00:43:14 loss: 0.3185 Lr: 0.00573
[2026-07-21 10:03:30,966 INFO misc.py line 147 10873] Train result: loss: 0.4594 
[2026-07-21 10:03:30,966 INFO evaluator.py line 169 10873] >>>>>>>>>>>>>>>> Start Evaluation (Segmentation) >>>>>>>>>>>>>>>>
[2026-07-21 10:03:39,881 INFO evaluator.py line 228 10873] Test: [1/1] Loss 0.5948 
[2026-07-21 10:03:40,135 INFO evaluator.py line 257 10873] Val result: mIoU/macroF1/mAcc/mPrecision/allAcc 0.6653/0.7650/0.7593/0.7762/0.9353.
[2026-07-21 10:03:40,136 INFO evaluator.py line 266 10873] Class_0-road Metrics: IoU=0.9367, accuracy=0.9601, precision=0.9747, F1=0.9673
[2026-07-21 10:03:40,136 INFO evaluator.py line 266 10873] Class_1-road_marking Metrics: IoU=0.4073, accuracy=0.5880, precision=0.5699, F1=0.5788
[2026-07-21 10:03:40,136 INFO evaluator.py line 266 10873] Class_2-natural Metrics: IoU=0.9153, accuracy=0.9661, precision=0.9456, F1=0.9558
[2026-07-21 10:03:40,136 INFO evaluator.py line 266 10873] Class_3-building Metrics: IoU=0.8089, accuracy=0.8906, precision=0.8982, F1=0.8944
[2026-07-21 10:03:40,136 INFO evaluator.py line 266 10873] Class_4-utility_line Metrics: IoU=0.6833, accuracy=0.7485, precision=0.8869, F1=0.8118
[2026-07-21 10:03:40,136 INFO evaluator.py line 266 10873] Class_5-pole Metrics: IoU=0.6466, accuracy=0.7167, precision=0.8685, F1=0.7854
[2026-07-21 10:03:40,136 INFO evaluator.py line 266 10873] Class_6-car Metrics: IoU=0.7828, accuracy=0.9033, precision=0.8544, F1=0.8782
[2026-07-21 10:03:40,136 INFO evaluator.py line 266 10873] Class_7-fence Metrics: IoU=0.1417, accuracy=0.3011, precision=0.2112, F1=0.2483
[2026-07-21 10:03:40,137 INFO evaluator.py line 321 10873] <<<<<<<<<<<<<<<<< End Evaluation <<<<<<<<<<<<<<<<<
[2026-07-21 10:03:40,138 INFO misc.py line 182 10873] Best validation mIoU updated to: 0.6653
[2026-07-21 10:03:40,138 INFO misc.py line 187 10873] Currently Best mIoU: 0.6653
[2026-07-21 10:03:40,138 INFO misc.py line 196 10873] Saving checkpoint to: exp/toronto3d/spunet-toronto3d/model/model_last.pth
[2026-07-21 10:04:12,400 INFO misc.py line 117 10873] Train: [19/100][1/50] Data 29.138 (29.138) Batch 29.366 (29.366) Remain 33:26:11 loss: 0.4411 Lr: 0.00573
[2026-07-21 10:04:12,688 INFO misc.py line 117 10873] Train: [19/100][2/50] Data 0.020 (0.020) Batch 0.299 (0.299) Remain 00:20:24 loss: 0.3631 Lr: 0.00572
[2026-07-21 10:04:13,721 INFO misc.py line 117 10873] Train: [19/100][3/50] Data 0.773 (0.773) Batch 1.033 (1.033) Remain 01:10:32 loss: 0.4874 Lr: 0.00572
[2026-07-21 10:04:13,956 INFO misc.py line 117 10873] Train: [19/100][4/50] Data 0.003 (0.003) Batch 0.235 (0.235) Remain 00:16:02 loss: 0.5432 Lr: 0.00572
[2026-07-21 10:04:14,191 INFO misc.py line 117 10873] Train: [19/100][5/50] Data 0.003 (0.003) Batch 0.235 (0.235) Remain 00:16:01 loss: 0.4803 Lr: 0.00572
[2026-07-21 10:04:17,250 INFO misc.py line 117 10873] Train: [19/100][6/50] Data 2.802 (0.936) Batch 3.060 (1.177) Remain 01:20:16 loss: 0.5212 Lr: 0.00572
[2026-07-21 10:04:17,538 INFO misc.py line 117 10873] Train: [19/100][7/50] Data 0.003 (0.703) Batch 0.277 (0.952) Remain 01:04:55 loss: 0.7184 Lr: 0.00572
[2026-07-21 10:04:17,795 INFO misc.py line 117 10873] Train: [19/100][8/50] Data 0.013 (0.565) Batch 0.268 (0.815) Remain 00:55:34 loss: 0.3465 Lr: 0.00572
[2026-07-21 10:04:18,046 INFO misc.py line 117 10873] Train: [19/100][9/50] Data 0.002 (0.471) Batch 0.251 (0.721) Remain 00:49:09 loss: 0.4245 Lr: 0.00572
[2026-07-21 10:04:18,380 INFO misc.py line 117 10873] Train: [19/100][10/50] Data 0.014 (0.406) Batch 0.334 (0.666) Remain 00:45:22 loss: 0.3959 Lr: 0.00572
[2026-07-21 10:04:18,713 INFO misc.py line 117 10873] Train: [19/100][11/50] Data 0.002 (0.355) Batch 0.334 (0.624) Remain 00:42:31 loss: 0.4073 Lr: 0.00572
[2026-07-21 10:04:18,959 INFO misc.py line 117 10873] Train: [19/100][12/50] Data 0.002 (0.316) Batch 0.244 (0.582) Remain 00:39:38 loss: 0.3124 Lr: 0.00572
[2026-07-21 10:04:19,209 INFO misc.py line 117 10873] Train: [19/100][13/50] Data 0.004 (0.285) Batch 0.251 (0.549) Remain 00:37:22 loss: 0.4437 Lr: 0.00572
[2026-07-21 10:04:19,444 INFO misc.py line 117 10873] Train: [19/100][14/50] Data 0.004 (0.259) Batch 0.235 (0.520) Remain 00:35:25 loss: 0.3515 Lr: 0.00571
[2026-07-21 10:04:19,703 INFO misc.py line 117 10873] Train: [19/100][15/50] Data 0.003 (0.238) Batch 0.259 (0.499) Remain 00:33:56 loss: 0.4787 Lr: 0.00571
[2026-07-21 10:04:19,953 INFO misc.py line 117 10873] Train: [19/100][16/50] Data 0.002 (0.220) Batch 0.250 (0.479) Remain 00:32:37 loss: 0.3700 Lr: 0.00571
[2026-07-21 10:04:20,211 INFO misc.py line 117 10873] Train: [19/100][17/50] Data 0.003 (0.204) Batch 0.258 (0.464) Remain 00:31:32 loss: 0.5925 Lr: 0.00571
[2026-07-21 10:04:20,476 INFO misc.py line 117 10873] Train: [19/100][18/50] Data 0.003 (0.191) Batch 0.266 (0.450) Remain 00:30:38 loss: 0.5654 Lr: 0.00571
[2026-07-21 10:04:20,717 INFO misc.py line 117 10873] Train: [19/100][19/50] Data 0.003 (0.179) Batch 0.240 (0.437) Remain 00:29:44 loss: 0.5292 Lr: 0.00571
[2026-07-21 10:04:20,998 INFO misc.py line 117 10873] Train: [19/100][20/50] Data 0.003 (0.169) Batch 0.271 (0.427) Remain 00:29:04 loss: 0.5302 Lr: 0.00571
[2026-07-21 10:04:21,284 INFO misc.py line 117 10873] Train: [19/100][21/50] Data 0.013 (0.160) Batch 0.296 (0.420) Remain 00:28:33 loss: 0.3342 Lr: 0.00571
[2026-07-21 10:04:21,520 INFO misc.py line 117 10873] Train: [19/100][22/50] Data 0.003 (0.152) Batch 0.235 (0.410) Remain 00:27:53 loss: 0.4504 Lr: 0.00571
[2026-07-21 10:04:21,787 INFO misc.py line 117 10873] Train: [19/100][23/50] Data 0.004 (0.144) Batch 0.268 (0.403) Remain 00:27:24 loss: 0.5303 Lr: 0.00571
[2026-07-21 10:04:22,023 INFO misc.py line 117 10873] Train: [19/100][24/50] Data 0.006 (0.138) Batch 0.236 (0.395) Remain 00:26:51 loss: 0.3631 Lr: 0.00571
[2026-07-21 10:04:22,261 INFO misc.py line 117 10873] Train: [19/100][25/50] Data 0.002 (0.132) Batch 0.236 (0.388) Remain 00:26:21 loss: 0.3876 Lr: 0.00571
[2026-07-21 10:04:22,500 INFO misc.py line 117 10873] Train: [19/100][26/50] Data 0.004 (0.126) Batch 0.240 (0.382) Remain 00:25:55 loss: 0.4121 Lr: 0.00570
[2026-07-21 10:04:22,748 INFO misc.py line 117 10873] Train: [19/100][27/50] Data 0.004 (0.121) Batch 0.248 (0.376) Remain 00:25:31 loss: 0.4899 Lr: 0.00570
[2026-07-21 10:04:22,992 INFO misc.py line 117 10873] Train: [19/100][28/50] Data 0.003 (0.116) Batch 0.244 (0.371) Remain 00:25:10 loss: 0.4608 Lr: 0.00570
[2026-07-21 10:04:38,028 INFO misc.py line 117 10873] Train: [19/100][29/50] Data 14.804 (0.681) Batch 15.037 (0.935) Remain 01:03:26 loss: 0.3865 Lr: 0.00570
[2026-07-21 10:04:38,268 INFO misc.py line 117 10873] Train: [19/100][30/50] Data 0.002 (0.656) Batch 0.239 (0.909) Remain 01:01:40 loss: 0.5216 Lr: 0.00570
[2026-07-21 10:04:38,509 INFO misc.py line 117 10873] Train: [19/100][31/50] Data 0.002 (0.633) Batch 0.241 (0.885) Remain 01:00:02 loss: 0.4559 Lr: 0.00570
[2026-07-21 10:04:38,750 INFO misc.py line 117 10873] Train: [19/100][32/50] Data 0.002 (0.611) Batch 0.241 (0.863) Remain 00:58:31 loss: 0.4061 Lr: 0.00570
[2026-07-21 10:04:39,003 INFO misc.py line 117 10873] Train: [19/100][33/50] Data 0.002 (0.591) Batch 0.253 (0.843) Remain 00:57:07 loss: 0.3359 Lr: 0.00570
[2026-07-21 10:04:39,265 INFO misc.py line 117 10873] Train: [19/100][34/50] Data 0.002 (0.572) Batch 0.262 (0.824) Remain 00:55:50 loss: 0.4275 Lr: 0.00570
[2026-07-21 10:04:39,496 INFO misc.py line 117 10873] Train: [19/100][35/50] Data 0.002 (0.554) Batch 0.230 (0.805) Remain 00:54:34 loss: 0.4117 Lr: 0.00570
[2026-07-21 10:04:39,720 INFO misc.py line 117 10873] Train: [19/100][36/50] Data 0.002 (0.537) Batch 0.224 (0.788) Remain 00:53:21 loss: 0.2996 Lr: 0.00570
[2026-07-21 10:04:39,978 INFO misc.py line 117 10873] Train: [19/100][37/50] Data 0.002 (0.521) Batch 0.258 (0.772) Remain 00:52:17 loss: 0.4507 Lr: 0.00569
[2026-07-21 10:04:40,229 INFO misc.py line 117 10873] Train: [19/100][38/50] Data 0.002 (0.507) Batch 0.251 (0.757) Remain 00:51:16 loss: 0.4689 Lr: 0.00569
[2026-07-21 10:04:40,456 INFO misc.py line 117 10873] Train: [19/100][39/50] Data 0.001 (0.493) Batch 0.227 (0.743) Remain 00:50:15 loss: 0.3873 Lr: 0.00569
[2026-07-21 10:04:40,671 INFO misc.py line 117 10873] Train: [19/100][40/50] Data 0.001 (0.479) Batch 0.215 (0.728) Remain 00:49:17 loss: 0.4169 Lr: 0.00569
[2026-07-21 10:04:40,889 INFO misc.py line 117 10873] Train: [19/100][41/50] Data 0.001 (0.467) Batch 0.218 (0.715) Remain 00:48:22 loss: 0.3914 Lr: 0.00569
[2026-07-21 10:04:41,135 INFO misc.py line 117 10873] Train: [19/100][42/50] Data 0.001 (0.455) Batch 0.246 (0.703) Remain 00:47:32 loss: 0.4608 Lr: 0.00569
[2026-07-21 10:04:41,390 INFO misc.py line 117 10873] Train: [19/100][43/50] Data 0.001 (0.443) Batch 0.255 (0.692) Remain 00:46:46 loss: 0.4097 Lr: 0.00569
[2026-07-21 10:04:41,613 INFO misc.py line 117 10873] Train: [19/100][44/50] Data 0.001 (0.433) Batch 0.223 (0.680) Remain 00:45:59 loss: 0.3191 Lr: 0.00569
[2026-07-21 10:04:41,874 INFO misc.py line 117 10873] Train: [19/100][45/50] Data 0.001 (0.422) Batch 0.261 (0.670) Remain 00:45:18 loss: 0.4801 Lr: 0.00569
[2026-07-21 10:04:42,100 INFO misc.py line 117 10873] Train: [19/100][46/50] Data 0.001 (0.413) Batch 0.226 (0.660) Remain 00:44:35 loss: 0.3261 Lr: 0.00569
[2026-07-21 10:04:42,323 INFO misc.py line 117 10873] Train: [19/100][47/50] Data 0.001 (0.403) Batch 0.223 (0.650) Remain 00:43:54 loss: 0.3568 Lr: 0.00569
[2026-07-21 10:04:42,563 INFO misc.py line 117 10873] Train: [19/100][48/50] Data 0.001 (0.394) Batch 0.240 (0.641) Remain 00:43:17 loss: 0.4780 Lr: 0.00569
[2026-07-21 10:04:42,787 INFO misc.py line 117 10873] Train: [19/100][49/50] Data 0.002 (0.386) Batch 0.224 (0.632) Remain 00:42:39 loss: 0.2975 Lr: 0.00568
[2026-07-21 10:04:43,010 INFO misc.py line 117 10873] Train: [19/100][50/50] Data 0.001 (0.378) Batch 0.223 (0.623) Remain 00:42:03 loss: 0.4279 Lr: 0.00568
[2026-07-21 10:04:43,011 INFO misc.py line 147 10873] Train result: loss: 0.4329 
[2026-07-21 10:04:43,011 INFO evaluator.py line 169 10873] >>>>>>>>>>>>>>>> Start Evaluation (Segmentation) >>>>>>>>>>>>>>>>
[2026-07-21 10:04:51,799 INFO evaluator.py line 228 10873] Test: [1/1] Loss 0.5972 
[2026-07-21 10:04:52,036 INFO evaluator.py line 257 10873] Val result: mIoU/macroF1/mAcc/mPrecision/allAcc 0.6672/0.7695/0.7418/0.8161/0.9314.
[2026-07-21 10:04:52,036 INFO evaluator.py line 266 10873] Class_0-road Metrics: IoU=0.9304, accuracy=0.9523, precision=0.9759, F1=0.9639
[2026-07-21 10:04:52,036 INFO evaluator.py line 266 10873] Class_1-road_marking Metrics: IoU=0.4863, accuracy=0.5794, precision=0.7517, F1=0.6544
[2026-07-21 10:04:52,036 INFO evaluator.py line 266 10873] Class_2-natural Metrics: IoU=0.8958, accuracy=0.9737, precision=0.9180, F1=0.9450
[2026-07-21 10:04:52,036 INFO evaluator.py line 266 10873] Class_3-building Metrics: IoU=0.8183, accuracy=0.9063, precision=0.8939, F1=0.9001
[2026-07-21 10:04:52,036 INFO evaluator.py line 266 10873] Class_4-utility_line Metrics: IoU=0.7175, accuracy=0.7574, precision=0.9316, F1=0.8355
[2026-07-21 10:04:52,036 INFO evaluator.py line 266 10873] Class_5-pole Metrics: IoU=0.5850, accuracy=0.6068, precision=0.9422, F1=0.7382
[2026-07-21 10:04:52,037 INFO evaluator.py line 266 10873] Class_6-car Metrics: IoU=0.7561, accuracy=0.8193, precision=0.9074, F1=0.8611
[2026-07-21 10:04:52,037 INFO evaluator.py line 266 10873] Class_7-fence Metrics: IoU=0.1480, accuracy=0.3397, precision=0.2078, F1=0.2578
[2026-07-21 10:04:52,037 INFO evaluator.py line 321 10873] <<<<<<<<<<<<<<<<< End Evaluation <<<<<<<<<<<<<<<<<
[2026-07-21 10:04:52,038 INFO misc.py line 182 10873] Best validation mIoU updated to: 0.6672
[2026-07-21 10:04:52,038 INFO misc.py line 187 10873] Currently Best mIoU: 0.6672
[2026-07-21 10:04:52,038 INFO misc.py line 196 10873] Saving checkpoint to: exp/toronto3d/spunet-toronto3d/model/model_last.pth
[2026-07-21 10:05:21,253 INFO misc.py line 117 10873] Train: [20/100][1/50] Data 26.075 (26.075) Batch 26.326 (26.326) Remain 29:36:32 loss: 0.4122 Lr: 0.00568
[2026-07-21 10:05:23,116 INFO misc.py line 117 10873] Train: [20/100][2/50] Data 1.590 (1.590) Batch 1.863 (1.863) Remain 02:05:43 loss: 0.5229 Lr: 0.00568
[2026-07-21 10:05:24,413 INFO misc.py line 117 10873] Train: [20/100][3/50] Data 1.030 (1.030) Batch 1.296 (1.296) Remain 01:27:26 loss: 0.4888 Lr: 0.00568
[2026-07-21 10:05:25,075 INFO misc.py line 117 10873] Train: [20/100][4/50] Data 0.427 (0.427) Batch 0.662 (0.662) Remain 00:44:38 loss: 0.4514 Lr: 0.00568
[2026-07-21 10:05:25,329 INFO misc.py line 117 10873] Train: [20/100][5/50] Data 0.003 (0.215) Batch 0.254 (0.458) Remain 00:30:52 loss: 0.4572 Lr: 0.00568
[2026-07-21 10:05:25,606 INFO misc.py line 117 10873] Train: [20/100][6/50] Data 0.003 (0.144) Batch 0.278 (0.398) Remain 00:26:49 loss: 0.3755 Lr: 0.00568
[2026-07-21 10:05:25,871 INFO misc.py line 117 10873] Train: [20/100][7/50] Data 0.002 (0.109) Batch 0.263 (0.364) Remain 00:24:32 loss: 0.3140 Lr: 0.00568
[2026-07-21 10:05:26,141 INFO misc.py line 117 10873] Train: [20/100][8/50] Data 0.006 (0.088) Batch 0.271 (0.345) Remain 00:23:16 loss: 0.4618 Lr: 0.00568
[2026-07-21 10:05:26,407 INFO misc.py line 117 10873] Train: [20/100][9/50] Data 0.004 (0.074) Batch 0.267 (0.332) Remain 00:22:23 loss: 0.3200 Lr: 0.00568
[2026-07-21 10:05:26,665 INFO misc.py line 117 10873] Train: [20/100][10/50] Data 0.003 (0.064) Batch 0.258 (0.322) Remain 00:21:40 loss: 0.4191 Lr: 0.00567
[2026-07-21 10:05:26,902 INFO misc.py line 117 10873] Train: [20/100][11/50] Data 0.002 (0.056) Batch 0.237 (0.311) Remain 00:20:57 loss: 0.4092 Lr: 0.00567
[2026-07-21 10:05:27,183 INFO misc.py line 117 10873] Train: [20/100][12/50] Data 0.002 (0.050) Batch 0.280 (0.308) Remain 00:20:42 loss: 0.3328 Lr: 0.00567
[2026-07-21 10:05:27,417 INFO misc.py line 117 10873] Train: [20/100][13/50] Data 0.003 (0.045) Batch 0.234 (0.300) Remain 00:20:12 loss: 0.4028 Lr: 0.00567
[2026-07-21 10:05:27,679 INFO misc.py line 117 10873] Train: [20/100][14/50] Data 0.002 (0.042) Batch 0.262 (0.297) Remain 00:19:58 loss: 0.4924 Lr: 0.00567
[2026-07-21 10:05:27,940 INFO misc.py line 117 10873] Train: [20/100][15/50] Data 0.004 (0.038) Batch 0.262 (0.294) Remain 00:19:46 loss: 0.6074 Lr: 0.00567
[2026-07-21 10:05:28,184 INFO misc.py line 117 10873] Train: [20/100][16/50] Data 0.003 (0.036) Batch 0.245 (0.290) Remain 00:19:30 loss: 0.3738 Lr: 0.00567
[2026-07-21 10:05:28,433 INFO misc.py line 117 10873] Train: [20/100][17/50] Data 0.002 (0.033) Batch 0.248 (0.287) Remain 00:19:18 loss: 0.4357 Lr: 0.00567
[2026-07-21 10:05:28,677 INFO misc.py line 117 10873] Train: [20/100][18/50] Data 0.003 (0.031) Batch 0.244 (0.284) Remain 00:19:06 loss: 0.4180 Lr: 0.00567
[2026-07-21 10:05:28,950 INFO misc.py line 117 10873] Train: [20/100][19/50] Data 0.002 (0.029) Batch 0.274 (0.284) Remain 00:19:03 loss: 0.4680 Lr: 0.00567
[2026-07-21 10:05:29,193 INFO misc.py line 117 10873] Train: [20/100][20/50] Data 0.002 (0.028) Batch 0.243 (0.281) Remain 00:18:53 loss: 0.2735 Lr: 0.00567
[2026-07-21 10:05:29,430 INFO misc.py line 117 10873] Train: [20/100][21/50] Data 0.003 (0.026) Batch 0.236 (0.279) Remain 00:18:43 loss: 0.3602 Lr: 0.00566
[2026-07-21 10:05:29,688 INFO misc.py line 117 10873] Train: [20/100][22/50] Data 0.003 (0.025) Batch 0.258 (0.278) Remain 00:18:38 loss: 0.4644 Lr: 0.00566
[2026-07-21 10:05:29,925 INFO misc.py line 117 10873] Train: [20/100][23/50] Data 0.003 (0.024) Batch 0.236 (0.276) Remain 00:18:29 loss: 0.4003 Lr: 0.00566
[2026-07-21 10:05:30,174 INFO misc.py line 117 10873] Train: [20/100][24/50] Data 0.003 (0.023) Batch 0.250 (0.274) Remain 00:18:24 loss: 0.4128 Lr: 0.00566
[2026-07-21 10:05:30,417 INFO misc.py line 117 10873] Train: [20/100][25/50] Data 0.002 (0.022) Batch 0.243 (0.273) Remain 00:18:18 loss: 0.6892 Lr: 0.00566
[2026-07-21 10:05:30,678 INFO misc.py line 117 10873] Train: [20/100][26/50] Data 0.002 (0.021) Batch 0.261 (0.272) Remain 00:18:16 loss: 0.4591 Lr: 0.00566
[2026-07-21 10:05:30,980 INFO misc.py line 117 10873] Train: [20/100][27/50] Data 0.023 (0.021) Batch 0.302 (0.274) Remain 00:18:20 loss: 0.4836 Lr: 0.00566
[2026-07-21 10:05:31,209 INFO misc.py line 117 10873] Train: [20/100][28/50] Data 0.003 (0.021) Batch 0.230 (0.272) Remain 00:18:13 loss: 0.4789 Lr: 0.00566
[2026-07-21 10:05:47,060 INFO misc.py line 117 10873] Train: [20/100][29/50] Data 15.604 (0.620) Batch 15.851 (0.871) Remain 00:58:22 loss: 0.5623 Lr: 0.00566
[2026-07-21 10:05:48,220 INFO misc.py line 117 10873] Train: [20/100][30/50] Data 0.909 (0.631) Batch 1.159 (0.882) Remain 00:59:04 loss: 0.4556 Lr: 0.00566
[2026-07-21 10:05:48,478 INFO misc.py line 117 10873] Train: [20/100][31/50] Data 0.002 (0.608) Batch 0.258 (0.859) Remain 00:57:34 loss: 0.4184 Lr: 0.00566
[2026-07-21 10:05:48,761 INFO misc.py line 117 10873] Train: [20/100][32/50] Data 0.035 (0.588) Batch 0.284 (0.840) Remain 00:56:13 loss: 0.5268 Lr: 0.00565
[2026-07-21 10:05:49,026 INFO misc.py line 117 10873] Train: [20/100][33/50] Data 0.002 (0.569) Batch 0.265 (0.820) Remain 00:54:55 loss: 0.5648 Lr: 0.00565
[2026-07-21 10:05:50,967 INFO misc.py line 117 10873] Train: [20/100][34/50] Data 1.707 (0.606) Batch 1.941 (0.857) Remain 00:57:20 loss: 0.4953 Lr: 0.00565
[2026-07-21 10:05:51,189 INFO misc.py line 117 10873] Train: [20/100][35/50] Data 0.002 (0.587) Batch 0.222 (0.837) Remain 00:55:59 loss: 0.5166 Lr: 0.00565
[2026-07-21 10:05:51,406 INFO misc.py line 117 10873] Train: [20/100][36/50] Data 0.001 (0.569) Batch 0.217 (0.818) Remain 00:54:43 loss: 0.7217 Lr: 0.00565
[2026-07-21 10:05:51,632 INFO misc.py line 117 10873] Train: [20/100][37/50] Data 0.001 (0.552) Batch 0.225 (0.801) Remain 00:53:32 loss: 0.5401 Lr: 0.00565
[2026-07-21 10:05:51,859 INFO misc.py line 117 10873] Train: [20/100][38/50] Data 0.001 (0.537) Batch 0.227 (0.784) Remain 00:52:26 loss: 0.4736 Lr: 0.00565
[2026-07-21 10:05:52,073 INFO misc.py line 117 10873] Train: [20/100][39/50] Data 0.001 (0.522) Batch 0.215 (0.768) Remain 00:51:21 loss: 0.3948 Lr: 0.00565
[2026-07-21 10:05:52,302 INFO misc.py line 117 10873] Train: [20/100][40/50] Data 0.001 (0.508) Batch 0.229 (0.754) Remain 00:50:22 loss: 0.5454 Lr: 0.00565
[2026-07-21 10:05:52,522 INFO misc.py line 117 10873] Train: [20/100][41/50] Data 0.001 (0.494) Batch 0.220 (0.740) Remain 00:49:25 loss: 0.3601 Lr: 0.00565
[2026-07-21 10:05:52,756 INFO misc.py line 117 10873] Train: [20/100][42/50] Data 0.001 (0.482) Batch 0.233 (0.727) Remain 00:48:32 loss: 0.3956 Lr: 0.00565
[2026-07-21 10:05:52,990 INFO misc.py line 117 10873] Train: [20/100][43/50] Data 0.001 (0.470) Batch 0.234 (0.714) Remain 00:47:42 loss: 0.4663 Lr: 0.00564
[2026-07-21 10:05:53,207 INFO misc.py line 117 10873] Train: [20/100][44/50] Data 0.001 (0.458) Batch 0.217 (0.702) Remain 00:46:53 loss: 0.4230 Lr: 0.00564
[2026-07-21 10:05:53,433 INFO misc.py line 117 10873] Train: [20/100][45/50] Data 0.001 (0.447) Batch 0.226 (0.691) Remain 00:46:07 loss: 0.4795 Lr: 0.00564
[2026-07-21 10:05:53,652 INFO misc.py line 117 10873] Train: [20/100][46/50] Data 0.001 (0.437) Batch 0.219 (0.680) Remain 00:45:22 loss: 0.3320 Lr: 0.00564
[2026-07-21 10:05:53,909 INFO misc.py line 117 10873] Train: [20/100][47/50] Data 0.002 (0.427) Batch 0.257 (0.670) Remain 00:44:43 loss: 0.5229 Lr: 0.00564
[2026-07-21 10:05:54,138 INFO misc.py line 117 10873] Train: [20/100][48/50] Data 0.001 (0.418) Batch 0.229 (0.661) Remain 00:44:03 loss: 0.5692 Lr: 0.00564
[2026-07-21 10:05:54,370 INFO misc.py line 117 10873] Train: [20/100][49/50] Data 0.001 (0.409) Batch 0.232 (0.651) Remain 00:43:25 loss: 0.3047 Lr: 0.00564
[2026-07-21 10:05:54,611 INFO misc.py line 117 10873] Train: [20/100][50/50] Data 0.001 (0.400) Batch 0.240 (0.643) Remain 00:42:50 loss: 0.5083 Lr: 0.00564
[2026-07-21 10:05:54,611 INFO misc.py line 147 10873] Train result: loss: 0.4552 
[2026-07-21 10:05:54,611 INFO evaluator.py line 169 10873] >>>>>>>>>>>>>>>> Start Evaluation (Segmentation) >>>>>>>>>>>>>>>>
[2026-07-21 10:06:03,403 INFO evaluator.py line 228 10873] Test: [1/1] Loss 0.8704 
[2026-07-21 10:06:03,662 INFO evaluator.py line 257 10873] Val result: mIoU/macroF1/mAcc/mPrecision/allAcc 0.6108/0.7173/0.7510/0.7099/0.9043.
[2026-07-21 10:06:03,663 INFO evaluator.py line 266 10873] Class_0-road Metrics: IoU=0.8974, accuracy=0.9178, precision=0.9759, F1=0.9460
[2026-07-21 10:06:03,663 INFO evaluator.py line 266 10873] Class_1-road_marking Metrics: IoU=0.2955, accuracy=0.6431, precision=0.3534, F1=0.4561
[2026-07-21 10:06:03,663 INFO evaluator.py line 266 10873] Class_2-natural Metrics: IoU=0.8807, accuracy=0.8992, precision=0.9772, F1=0.9366
[2026-07-21 10:06:03,663 INFO evaluator.py line 266 10873] Class_3-building Metrics: IoU=0.7636, accuracy=0.9482, precision=0.7968, F1=0.8660
[2026-07-21 10:06:03,663 INFO evaluator.py line 266 10873] Class_4-utility_line Metrics: IoU=0.7275, accuracy=0.8178, precision=0.8682, F1=0.8422
[2026-07-21 10:06:03,663 INFO evaluator.py line 266 10873] Class_5-pole Metrics: IoU=0.5803, accuracy=0.6243, precision=0.8917, F1=0.7345
[2026-07-21 10:06:03,663 INFO evaluator.py line 266 10873] Class_6-car Metrics: IoU=0.6487, accuracy=0.9477, precision=0.6728, F1=0.7869
[2026-07-21 10:06:03,663 INFO evaluator.py line 266 10873] Class_7-fence Metrics: IoU=0.0929, accuracy=0.2101, precision=0.1429, F1=0.1701
[2026-07-21 10:06:03,664 INFO evaluator.py line 321 10873] <<<<<<<<<<<<<<<<< End Evaluation <<<<<<<<<<<<<<<<<
[2026-07-21 10:06:03,665 INFO misc.py line 187 10873] Currently Best mIoU: 0.6672
[2026-07-21 10:06:03,665 INFO misc.py line 196 10873] Saving checkpoint to: exp/toronto3d/spunet-toronto3d/model/model_last.pth
[2026-07-21 10:06:32,920 INFO misc.py line 117 10873] Train: [21/100][1/50] Data 28.739 (28.739) Batch 28.990 (28.990) Remain 32:12:10 loss: 0.3869 Lr: 0.00564
[2026-07-21 10:06:33,170 INFO misc.py line 117 10873] Train: [21/100][2/50] Data 0.002 (0.002) Batch 0.250 (0.250) Remain 00:16:37 loss: 0.3920 Lr: 0.00564
[2026-07-21 10:06:33,403 INFO misc.py line 117 10873] Train: [21/100][3/50] Data 0.004 (0.004) Batch 0.234 (0.234) Remain 00:15:35 loss: 0.4444 Lr: 0.00563
[2026-07-21 10:06:36,116 INFO misc.py line 117 10873] Train: [21/100][4/50] Data 2.452 (2.452) Batch 2.714 (2.714) Remain 03:00:43 loss: 0.4284 Lr: 0.00563
[2026-07-21 10:06:36,366 INFO misc.py line 117 10873] Train: [21/100][5/50] Data 0.002 (1.227) Batch 0.249 (1.481) Remain 01:38:38 loss: 0.4080 Lr: 0.00563
[2026-07-21 10:06:36,611 INFO misc.py line 117 10873] Train: [21/100][6/50] Data 0.003 (0.819) Batch 0.245 (1.069) Remain 01:11:10 loss: 0.4265 Lr: 0.00563
[2026-07-21 10:06:36,848 INFO misc.py line 117 10873] Train: [21/100][7/50] Data 0.003 (0.615) Batch 0.236 (0.861) Remain 00:57:18 loss: 0.4379 Lr: 0.00563
[2026-07-21 10:06:37,086 INFO misc.py line 117 10873] Train: [21/100][8/50] Data 0.003 (0.493) Batch 0.239 (0.737) Remain 00:49:00 loss: 0.4221 Lr: 0.00563
[2026-07-21 10:06:37,337 INFO misc.py line 117 10873] Train: [21/100][9/50] Data 0.004 (0.411) Batch 0.251 (0.656) Remain 00:43:36 loss: 0.5934 Lr: 0.00563
[2026-07-21 10:06:37,578 INFO misc.py line 117 10873] Train: [21/100][10/50] Data 0.003 (0.353) Batch 0.241 (0.596) Remain 00:39:40 loss: 0.4285 Lr: 0.00563
[2026-07-21 10:06:37,818 INFO misc.py line 117 10873] Train: [21/100][11/50] Data 0.003 (0.309) Batch 0.239 (0.552) Remain 00:36:41 loss: 0.3660 Lr: 0.00563
[2026-07-21 10:06:38,070 INFO misc.py line 117 10873] Train: [21/100][12/50] Data 0.005 (0.275) Batch 0.253 (0.519) Remain 00:34:27 loss: 0.3957 Lr: 0.00563
[2026-07-21 10:06:38,344 INFO misc.py line 117 10873] Train: [21/100][13/50] Data 0.003 (0.248) Batch 0.274 (0.494) Remain 00:32:50 loss: 0.5533 Lr: 0.00563
[2026-07-21 10:06:38,592 INFO misc.py line 117 10873] Train: [21/100][14/50] Data 0.002 (0.226) Batch 0.247 (0.472) Remain 00:31:19 loss: 0.2765 Lr: 0.00562
[2026-07-21 10:06:38,846 INFO misc.py line 117 10873] Train: [21/100][15/50] Data 0.003 (0.207) Batch 0.254 (0.454) Remain 00:30:07 loss: 0.4097 Lr: 0.00562
[2026-07-21 10:06:39,128 INFO misc.py line 117 10873] Train: [21/100][16/50] Data 0.003 (0.191) Batch 0.272 (0.440) Remain 00:29:11 loss: 0.3796 Lr: 0.00562
[2026-07-21 10:06:39,406 INFO misc.py line 117 10873] Train: [21/100][17/50] Data 0.013 (0.179) Batch 0.288 (0.429) Remain 00:28:27 loss: 0.4163 Lr: 0.00562
[2026-07-21 10:06:39,664 INFO misc.py line 117 10873] Train: [21/100][18/50] Data 0.014 (0.168) Batch 0.259 (0.417) Remain 00:27:42 loss: 0.5298 Lr: 0.00562
[2026-07-21 10:06:39,928 INFO misc.py line 117 10873] Train: [21/100][19/50] Data 0.002 (0.157) Batch 0.264 (0.408) Remain 00:27:03 loss: 0.3544 Lr: 0.00562
[2026-07-21 10:06:40,180 INFO misc.py line 117 10873] Train: [21/100][20/50] Data 0.002 (0.148) Batch 0.251 (0.399) Remain 00:26:26 loss: 0.3983 Lr: 0.00562
[2026-07-21 10:06:40,437 INFO misc.py line 117 10873] Train: [21/100][21/50] Data 0.003 (0.140) Batch 0.257 (0.391) Remain 00:25:54 loss: 0.7264 Lr: 0.00562
[2026-07-21 10:06:40,689 INFO misc.py line 117 10873] Train: [21/100][22/50] Data 0.003 (0.133) Batch 0.253 (0.383) Remain 00:25:25 loss: 0.4841 Lr: 0.00562
[2026-07-21 10:06:40,945 INFO misc.py line 117 10873] Train: [21/100][23/50] Data 0.002 (0.126) Batch 0.255 (0.377) Remain 00:24:59 loss: 0.5506 Lr: 0.00562
[2026-07-21 10:06:41,194 INFO misc.py line 117 10873] Train: [21/100][24/50] Data 0.003 (0.121) Batch 0.250 (0.371) Remain 00:24:35 loss: 0.4154 Lr: 0.00561
[2026-07-21 10:06:41,435 INFO misc.py line 117 10873] Train: [21/100][25/50] Data 0.003 (0.115) Batch 0.241 (0.365) Remain 00:24:11 loss: 0.3914 Lr: 0.00561
[2026-07-21 10:06:41,679 INFO misc.py line 117 10873] Train: [21/100][26/50] Data 0.004 (0.110) Batch 0.243 (0.360) Remain 00:23:49 loss: 0.3278 Lr: 0.00561
[2026-07-21 10:06:41,950 INFO misc.py line 117 10873] Train: [21/100][27/50] Data 0.004 (0.106) Batch 0.271 (0.356) Remain 00:23:34 loss: 0.5996 Lr: 0.00561
[2026-07-21 10:06:42,206 INFO misc.py line 117 10873] Train: [21/100][28/50] Data 0.003 (0.102) Batch 0.257 (0.352) Remain 00:23:18 loss: 0.4687 Lr: 0.00561
[2026-07-21 10:06:56,070 INFO misc.py line 117 10873] Train: [21/100][29/50] Data 13.616 (0.622) Batch 13.864 (0.872) Remain 00:57:41 loss: 0.4719 Lr: 0.00561
[2026-07-21 10:06:58,917 INFO misc.py line 117 10873] Train: [21/100][30/50] Data 2.626 (0.696) Batch 2.847 (0.945) Remain 01:02:31 loss: 0.3102 Lr: 0.00561
[2026-07-21 10:06:59,137 INFO misc.py line 117 10873] Train: [21/100][31/50] Data 0.002 (0.671) Batch 0.220 (0.919) Remain 01:00:47 loss: 0.4286 Lr: 0.00561
[2026-07-21 10:06:59,372 INFO misc.py line 117 10873] Train: [21/100][32/50] Data 0.002 (0.648) Batch 0.235 (0.895) Remain 00:59:13 loss: 0.4525 Lr: 0.00561
[2026-07-21 10:06:59,597 INFO misc.py line 117 10873] Train: [21/100][33/50] Data 0.001 (0.626) Batch 0.225 (0.873) Remain 00:57:43 loss: 0.4106 Lr: 0.00561
[2026-07-21 10:06:59,835 INFO misc.py line 117 10873] Train: [21/100][34/50] Data 0.001 (0.606) Batch 0.239 (0.853) Remain 00:56:21 loss: 0.5346 Lr: 0.00560
[2026-07-21 10:07:00,072 INFO misc.py line 117 10873] Train: [21/100][35/50] Data 0.001 (0.587) Batch 0.237 (0.833) Remain 00:55:04 loss: 0.4958 Lr: 0.00560
[2026-07-21 10:07:00,301 INFO misc.py line 117 10873] Train: [21/100][36/50] Data 0.002 (0.570) Batch 0.228 (0.815) Remain 00:53:51 loss: 0.6172 Lr: 0.00560
[2026-07-21 10:07:00,526 INFO misc.py line 117 10873] Train: [21/100][37/50] Data 0.002 (0.553) Batch 0.225 (0.798) Remain 00:52:41 loss: 0.4219 Lr: 0.00560
[2026-07-21 10:07:00,764 INFO misc.py line 117 10873] Train: [21/100][38/50] Data 0.002 (0.537) Batch 0.238 (0.782) Remain 00:51:37 loss: 0.4987 Lr: 0.00560
[2026-07-21 10:07:00,988 INFO misc.py line 117 10873] Train: [21/100][39/50] Data 0.001 (0.522) Batch 0.224 (0.766) Remain 00:50:35 loss: 0.4198 Lr: 0.00560
[2026-07-21 10:07:01,200 INFO misc.py line 117 10873] Train: [21/100][40/50] Data 0.002 (0.508) Batch 0.213 (0.751) Remain 00:49:35 loss: 0.3393 Lr: 0.00560
[2026-07-21 10:07:01,432 INFO misc.py line 117 10873] Train: [21/100][41/50] Data 0.001 (0.495) Batch 0.232 (0.738) Remain 00:48:40 loss: 0.4697 Lr: 0.00560
[2026-07-21 10:07:01,655 INFO misc.py line 117 10873] Train: [21/100][42/50] Data 0.002 (0.482) Batch 0.223 (0.724) Remain 00:47:47 loss: 0.4600 Lr: 0.00560
[2026-07-21 10:07:01,891 INFO misc.py line 117 10873] Train: [21/100][43/50] Data 0.001 (0.470) Batch 0.236 (0.712) Remain 00:46:58 loss: 0.3806 Lr: 0.00560
[2026-07-21 10:07:02,108 INFO misc.py line 117 10873] Train: [21/100][44/50] Data 0.001 (0.459) Batch 0.217 (0.700) Remain 00:46:09 loss: 0.4947 Lr: 0.00559
[2026-07-21 10:07:02,348 INFO misc.py line 117 10873] Train: [21/100][45/50] Data 0.002 (0.448) Batch 0.240 (0.689) Remain 00:45:25 loss: 0.3992 Lr: 0.00559
[2026-07-21 10:07:02,585 INFO misc.py line 117 10873] Train: [21/100][46/50] Data 0.001 (0.437) Batch 0.237 (0.679) Remain 00:44:43 loss: 0.4329 Lr: 0.00559
[2026-07-21 10:07:02,824 INFO misc.py line 117 10873] Train: [21/100][47/50] Data 0.002 (0.428) Batch 0.239 (0.669) Remain 00:44:03 loss: 0.3027 Lr: 0.00559
[2026-07-21 10:07:03,072 INFO misc.py line 117 10873] Train: [21/100][48/50] Data 0.001 (0.418) Batch 0.248 (0.659) Remain 00:43:25 loss: 0.6580 Lr: 0.00559
[2026-07-21 10:07:03,299 INFO misc.py line 117 10873] Train: [21/100][49/50] Data 0.002 (0.409) Batch 0.228 (0.650) Remain 00:42:47 loss: 0.4604 Lr: 0.00559
[2026-07-21 10:07:03,529 INFO misc.py line 117 10873] Train: [21/100][50/50] Data 0.001 (0.400) Batch 0.229 (0.641) Remain 00:42:11 loss: 0.3168 Lr: 0.00559
[2026-07-21 10:07:03,529 INFO misc.py line 147 10873] Train result: loss: 0.4438 
[2026-07-21 10:07:03,530 INFO evaluator.py line 169 10873] >>>>>>>>>>>>>>>> Start Evaluation (Segmentation) >>>>>>>>>>>>>>>>
[2026-07-21 10:07:12,402 INFO evaluator.py line 228 10873] Test: [1/1] Loss 0.5938 
[2026-07-21 10:07:12,666 INFO evaluator.py line 257 10873] Val result: mIoU/macroF1/mAcc/mPrecision/allAcc 0.6595/0.7615/0.7314/0.8514/0.9395.
[2026-07-21 10:07:12,667 INFO evaluator.py line 266 10873] Class_0-road Metrics: IoU=0.9396, accuracy=0.9673, precision=0.9705, F1=0.9689
[2026-07-21 10:07:12,667 INFO evaluator.py line 266 10873] Class_1-road_marking Metrics: IoU=0.3943, accuracy=0.4455, precision=0.7742, F1=0.5656
[2026-07-21 10:07:12,667 INFO evaluator.py line 266 10873] Class_2-natural Metrics: IoU=0.9244, accuracy=0.9417, precision=0.9805, F1=0.9607
[2026-07-21 10:07:12,667 INFO evaluator.py line 266 10873] Class_3-building Metrics: IoU=0.8150, accuracy=0.9663, precision=0.8388, F1=0.8980
[2026-07-21 10:07:12,667 INFO evaluator.py line 266 10873] Class_4-utility_line Metrics: IoU=0.6267, accuracy=0.6481, precision=0.9500, F1=0.7705
[2026-07-21 10:07:12,667 INFO evaluator.py line 266 10873] Class_5-pole Metrics: IoU=0.6420, accuracy=0.7909, precision=0.7733, F1=0.7820
[2026-07-21 10:07:12,667 INFO evaluator.py line 266 10873] Class_6-car Metrics: IoU=0.7761, accuracy=0.9223, precision=0.8305, F1=0.8740
[2026-07-21 10:07:12,667 INFO evaluator.py line 266 10873] Class_7-fence Metrics: IoU=0.1576, accuracy=0.1694, precision=0.6932, F1=0.2722
[2026-07-21 10:07:12,667 INFO evaluator.py line 321 10873] <<<<<<<<<<<<<<<<< End Evaluation <<<<<<<<<<<<<<<<<
[2026-07-21 10:07:12,668 INFO misc.py line 187 10873] Currently Best mIoU: 0.6672
[2026-07-21 10:07:12,668 INFO misc.py line 196 10873] Saving checkpoint to: exp/toronto3d/spunet-toronto3d/model/model_last.pth
[2026-07-21 10:07:39,995 INFO misc.py line 117 10873] Train: [22/100][1/50] Data 26.726 (26.726) Batch 27.062 (27.062) Remain 29:41:09 loss: 0.4543 Lr: 0.00559
[2026-07-21 10:07:42,723 INFO misc.py line 117 10873] Train: [22/100][2/50] Data 2.475 (2.475) Batch 2.728 (2.728) Remain 02:59:31 loss: 0.5410 Lr: 0.00559
[2026-07-21 10:07:42,989 INFO misc.py line 117 10873] Train: [22/100][3/50] Data 0.003 (0.003) Batch 0.266 (0.266) Remain 00:17:31 loss: 0.4097 Lr: 0.00559
[2026-07-21 10:07:43,260 INFO misc.py line 117 10873] Train: [22/100][4/50] Data 0.002 (0.002) Batch 0.270 (0.270) Remain 00:17:45 loss: 0.4871 Lr: 0.00558
[2026-07-21 10:07:43,509 INFO misc.py line 117 10873] Train: [22/100][5/50] Data 0.002 (0.002) Batch 0.250 (0.260) Remain 00:17:05 loss: 0.3947 Lr: 0.00558
[2026-07-21 10:07:43,815 INFO misc.py line 117 10873] Train: [22/100][6/50] Data 0.002 (0.002) Batch 0.305 (0.275) Remain 00:18:05 loss: 0.4579 Lr: 0.00558
[2026-07-21 10:07:44,090 INFO misc.py line 117 10873] Train: [22/100][7/50] Data 0.004 (0.003) Batch 0.275 (0.275) Remain 00:18:05 loss: 0.4092 Lr: 0.00558
[2026-07-21 10:07:44,335 INFO misc.py line 117 10873] Train: [22/100][8/50] Data 0.003 (0.003) Batch 0.244 (0.269) Remain 00:17:40 loss: 0.3471 Lr: 0.00558
[2026-07-21 10:07:44,611 INFO misc.py line 117 10873] Train: [22/100][9/50] Data 0.005 (0.003) Batch 0.276 (0.270) Remain 00:17:44 loss: 0.4303 Lr: 0.00558
[2026-07-21 10:07:44,870 INFO misc.py line 117 10873] Train: [22/100][10/50] Data 0.004 (0.003) Batch 0.260 (0.269) Remain 00:17:38 loss: 0.4157 Lr: 0.00558
[2026-07-21 10:07:45,200 INFO misc.py line 117 10873] Train: [22/100][11/50] Data 0.002 (0.003) Batch 0.329 (0.276) Remain 00:18:08 loss: 0.4546 Lr: 0.00558
[2026-07-21 10:07:45,510 INFO misc.py line 117 10873] Train: [22/100][12/50] Data 0.003 (0.003) Batch 0.310 (0.280) Remain 00:18:22 loss: 0.4827 Lr: 0.00558
[2026-07-21 10:07:45,756 INFO misc.py line 117 10873] Train: [22/100][13/50] Data 0.003 (0.003) Batch 0.247 (0.277) Remain 00:18:09 loss: 0.5534 Lr: 0.00558
[2026-07-21 10:07:46,017 INFO misc.py line 117 10873] Train: [22/100][14/50] Data 0.003 (0.003) Batch 0.261 (0.275) Remain 00:18:03 loss: 0.3664 Lr: 0.00557
[2026-07-21 10:07:46,270 INFO misc.py line 117 10873] Train: [22/100][15/50] Data 0.002 (0.003) Batch 0.252 (0.273) Remain 00:17:55 loss: 0.3910 Lr: 0.00557
[2026-07-21 10:07:46,545 INFO misc.py line 117 10873] Train: [22/100][16/50] Data 0.010 (0.003) Batch 0.275 (0.273) Remain 00:17:55 loss: 0.3467 Lr: 0.00557
[2026-07-21 10:07:46,808 INFO misc.py line 117 10873] Train: [22/100][17/50] Data 0.003 (0.003) Batch 0.264 (0.273) Remain 00:17:52 loss: 0.4617 Lr: 0.00557
[2026-07-21 10:07:47,050 INFO misc.py line 117 10873] Train: [22/100][18/50] Data 0.003 (0.003) Batch 0.242 (0.271) Remain 00:17:44 loss: 0.3764 Lr: 0.00557
[2026-07-21 10:07:47,311 INFO misc.py line 117 10873] Train: [22/100][19/50] Data 0.003 (0.003) Batch 0.261 (0.270) Remain 00:17:41 loss: 0.4269 Lr: 0.00557
[2026-07-21 10:07:47,578 INFO misc.py line 117 10873] Train: [22/100][20/50] Data 0.004 (0.003) Batch 0.268 (0.270) Remain 00:17:40 loss: 0.3912 Lr: 0.00557
[2026-07-21 10:07:47,844 INFO misc.py line 117 10873] Train: [22/100][21/50] Data 0.002 (0.003) Batch 0.265 (0.270) Remain 00:17:39 loss: 0.4861 Lr: 0.00557
[2026-07-21 10:07:48,091 INFO misc.py line 117 10873] Train: [22/100][22/50] Data 0.003 (0.003) Batch 0.246 (0.268) Remain 00:17:34 loss: 0.3929 Lr: 0.00557
[2026-07-21 10:07:48,347 INFO misc.py line 117 10873] Train: [22/100][23/50] Data 0.005 (0.003) Batch 0.257 (0.268) Remain 00:17:31 loss: 0.3004 Lr: 0.00557
[2026-07-21 10:07:48,587 INFO misc.py line 117 10873] Train: [22/100][24/50] Data 0.002 (0.003) Batch 0.240 (0.267) Remain 00:17:26 loss: 0.4347 Lr: 0.00556
[2026-07-21 10:07:48,825 INFO misc.py line 117 10873] Train: [22/100][25/50] Data 0.003 (0.003) Batch 0.238 (0.265) Remain 00:17:21 loss: 0.4051 Lr: 0.00556
[2026-07-21 10:07:49,065 INFO misc.py line 117 10873] Train: [22/100][26/50] Data 0.002 (0.003) Batch 0.240 (0.264) Remain 00:17:16 loss: 0.3256 Lr: 0.00556
[2026-07-21 10:07:49,344 INFO misc.py line 117 10873] Train: [22/100][27/50] Data 0.002 (0.003) Batch 0.280 (0.265) Remain 00:17:18 loss: 0.4727 Lr: 0.00556
[2026-07-21 10:07:49,601 INFO misc.py line 117 10873] Train: [22/100][28/50] Data 0.003 (0.003) Batch 0.257 (0.264) Remain 00:17:17 loss: 0.4043 Lr: 0.00556
[2026-07-21 10:08:06,647 INFO misc.py line 117 10873] Train: [22/100][29/50] Data 16.818 (0.650) Batch 17.046 (0.910) Remain 00:59:27 loss: 0.3470 Lr: 0.00556
[2026-07-21 10:08:08,815 INFO misc.py line 117 10873] Train: [22/100][30/50] Data 1.934 (0.697) Batch 2.167 (0.956) Remain 01:02:29 loss: 0.4699 Lr: 0.00556
[2026-07-21 10:08:09,034 INFO misc.py line 117 10873] Train: [22/100][31/50] Data 0.002 (0.673) Batch 0.220 (0.930) Remain 01:00:45 loss: 0.3968 Lr: 0.00556
[2026-07-21 10:08:09,261 INFO misc.py line 117 10873] Train: [22/100][32/50] Data 0.002 (0.649) Batch 0.227 (0.906) Remain 00:59:09 loss: 0.3841 Lr: 0.00556
[2026-07-21 10:08:09,494 INFO misc.py line 117 10873] Train: [22/100][33/50] Data 0.002 (0.628) Batch 0.233 (0.884) Remain 00:57:40 loss: 0.3773 Lr: 0.00556
[2026-07-21 10:08:09,730 INFO misc.py line 117 10873] Train: [22/100][34/50] Data 0.002 (0.608) Batch 0.236 (0.863) Remain 00:56:17 loss: 0.3516 Lr: 0.00555
[2026-07-21 10:08:09,964 INFO misc.py line 117 10873] Train: [22/100][35/50] Data 0.001 (0.589) Batch 0.234 (0.843) Remain 00:55:00 loss: 0.4765 Lr: 0.00555
[2026-07-21 10:08:10,213 INFO misc.py line 117 10873] Train: [22/100][36/50] Data 0.001 (0.571) Batch 0.249 (0.825) Remain 00:53:48 loss: 0.4995 Lr: 0.00555
[2026-07-21 10:08:10,452 INFO misc.py line 117 10873] Train: [22/100][37/50] Data 0.002 (0.554) Batch 0.239 (0.808) Remain 00:52:40 loss: 0.5389 Lr: 0.00555
[2026-07-21 10:08:10,688 INFO misc.py line 117 10873] Train: [22/100][38/50] Data 0.002 (0.538) Batch 0.236 (0.791) Remain 00:51:35 loss: 0.4057 Lr: 0.00555
[2026-07-21 10:08:10,926 INFO misc.py line 117 10873] Train: [22/100][39/50] Data 0.001 (0.523) Batch 0.239 (0.776) Remain 00:50:35 loss: 0.4823 Lr: 0.00555
[2026-07-21 10:08:11,149 INFO misc.py line 117 10873] Train: [22/100][40/50] Data 0.001 (0.509) Batch 0.222 (0.761) Remain 00:49:35 loss: 0.3034 Lr: 0.00555
[2026-07-21 10:08:11,375 INFO misc.py line 117 10873] Train: [22/100][41/50] Data 0.001 (0.496) Batch 0.226 (0.747) Remain 00:48:40 loss: 0.4871 Lr: 0.00555
[2026-07-21 10:08:11,607 INFO misc.py line 117 10873] Train: [22/100][42/50] Data 0.001 (0.483) Batch 0.232 (0.734) Remain 00:47:47 loss: 0.3841 Lr: 0.00555
[2026-07-21 10:08:11,817 INFO misc.py line 117 10873] Train: [22/100][43/50] Data 0.001 (0.471) Batch 0.210 (0.721) Remain 00:46:55 loss: 0.3331 Lr: 0.00554
[2026-07-21 10:08:12,052 INFO misc.py line 117 10873] Train: [22/100][44/50] Data 0.001 (0.460) Batch 0.235 (0.709) Remain 00:46:08 loss: 0.4789 Lr: 0.00554
[2026-07-21 10:08:12,289 INFO misc.py line 117 10873] Train: [22/100][45/50] Data 0.001 (0.449) Batch 0.237 (0.698) Remain 00:45:24 loss: 0.4675 Lr: 0.00554
[2026-07-21 10:08:12,510 INFO misc.py line 117 10873] Train: [22/100][46/50] Data 0.001 (0.438) Batch 0.221 (0.687) Remain 00:44:40 loss: 0.3742 Lr: 0.00554
[2026-07-21 10:08:12,760 INFO misc.py line 117 10873] Train: [22/100][47/50] Data 0.001 (0.429) Batch 0.250 (0.677) Remain 00:44:00 loss: 0.4648 Lr: 0.00554
[2026-07-21 10:08:13,000 INFO misc.py line 117 10873] Train: [22/100][48/50] Data 0.002 (0.419) Batch 0.240 (0.667) Remain 00:43:22 loss: 0.4700 Lr: 0.00554
[2026-07-21 10:08:13,236 INFO misc.py line 117 10873] Train: [22/100][49/50] Data 0.001 (0.410) Batch 0.236 (0.658) Remain 00:42:45 loss: 0.2827 Lr: 0.00554
[2026-07-21 10:08:13,468 INFO misc.py line 117 10873] Train: [22/100][50/50] Data 0.001 (0.401) Batch 0.232 (0.648) Remain 00:42:09 loss: 0.4069 Lr: 0.00554
[2026-07-21 10:08:13,468 INFO misc.py line 147 10873] Train result: loss: 0.4200 
[2026-07-21 10:08:13,468 INFO evaluator.py line 169 10873] >>>>>>>>>>>>>>>> Start Evaluation (Segmentation) >>>>>>>>>>>>>>>>
[2026-07-21 10:08:22,330 INFO evaluator.py line 228 10873] Test: [1/1] Loss 0.5708 
[2026-07-21 10:08:22,572 INFO evaluator.py line 257 10873] Val result: mIoU/macroF1/mAcc/mPrecision/allAcc 0.6715/0.7691/0.7527/0.7947/0.9380.
[2026-07-21 10:08:22,572 INFO evaluator.py line 266 10873] Class_0-road Metrics: IoU=0.9276, accuracy=0.9514, precision=0.9738, F1=0.9625
[2026-07-21 10:08:22,572 INFO evaluator.py line 266 10873] Class_1-road_marking Metrics: IoU=0.4428, accuracy=0.5426, precision=0.7065, F1=0.6138
[2026-07-21 10:08:22,572 INFO evaluator.py line 266 10873] Class_2-natural Metrics: IoU=0.9370, accuracy=0.9624, precision=0.9726, F1=0.9675
[2026-07-21 10:08:22,572 INFO evaluator.py line 266 10873] Class_3-building Metrics: IoU=0.8289, accuracy=0.9486, precision=0.8679, F1=0.9065
[2026-07-21 10:08:22,572 INFO evaluator.py line 266 10873] Class_4-utility_line Metrics: IoU=0.7198, accuracy=0.7494, precision=0.9479, F1=0.8371
[2026-07-21 10:08:22,572 INFO evaluator.py line 266 10873] Class_5-pole Metrics: IoU=0.6970, accuracy=0.7553, precision=0.9004, F1=0.8215
[2026-07-21 10:08:22,572 INFO evaluator.py line 266 10873] Class_6-car Metrics: IoU=0.6903, accuracy=0.8906, precision=0.7542, F1=0.8167
[2026-07-21 10:08:22,573 INFO evaluator.py line 266 10873] Class_7-fence Metrics: IoU=0.1283, accuracy=0.2212, precision=0.2341, F1=0.2274
[2026-07-21 10:08:22,573 INFO evaluator.py line 321 10873] <<<<<<<<<<<<<<<<< End Evaluation <<<<<<<<<<<<<<<<<
[2026-07-21 10:08:22,574 INFO misc.py line 182 10873] Best validation mIoU updated to: 0.6715
[2026-07-21 10:08:22,574 INFO misc.py line 187 10873] Currently Best mIoU: 0.6715
[2026-07-21 10:08:22,574 INFO misc.py line 196 10873] Saving checkpoint to: exp/toronto3d/spunet-toronto3d/model/model_last.pth
[2026-07-21 10:08:54,566 INFO misc.py line 117 10873] Train: [23/100][1/50] Data 28.869 (28.869) Batch 29.102 (29.102) Remain 31:31:09 loss: 0.3087 Lr: 0.00554
[2026-07-21 10:08:54,882 INFO misc.py line 117 10873] Train: [23/100][2/50] Data 0.014 (0.014) Batch 0.316 (0.316) Remain 00:20:32 loss: 0.4305 Lr: 0.00554
[2026-07-21 10:08:55,231 INFO misc.py line 117 10873] Train: [23/100][3/50] Data 0.008 (0.008) Batch 0.349 (0.349) Remain 00:22:41 loss: 0.4021 Lr: 0.00553
[2026-07-21 10:08:55,496 INFO misc.py line 117 10873] Train: [23/100][4/50] Data 0.002 (0.002) Batch 0.265 (0.265) Remain 00:17:11 loss: 0.4155 Lr: 0.00553
[2026-07-21 10:08:55,751 INFO misc.py line 117 10873] Train: [23/100][5/50] Data 0.014 (0.008) Batch 0.256 (0.260) Remain 00:16:53 loss: 0.3659 Lr: 0.00553
[2026-07-21 10:08:56,002 INFO misc.py line 117 10873] Train: [23/100][6/50] Data 0.003 (0.006) Batch 0.250 (0.257) Remain 00:16:40 loss: 0.3773 Lr: 0.00553
[2026-07-21 10:08:56,268 INFO misc.py line 117 10873] Train: [23/100][7/50] Data 0.004 (0.006) Batch 0.266 (0.259) Remain 00:16:49 loss: 0.4792 Lr: 0.00553
[2026-07-21 10:08:56,510 INFO misc.py line 117 10873] Train: [23/100][8/50] Data 0.002 (0.005) Batch 0.243 (0.256) Remain 00:16:35 loss: 0.3736 Lr: 0.00553
[2026-07-21 10:08:56,745 INFO misc.py line 117 10873] Train: [23/100][9/50] Data 0.003 (0.005) Batch 0.235 (0.252) Remain 00:16:21 loss: 0.3491 Lr: 0.00553
[2026-07-21 10:08:56,970 INFO misc.py line 117 10873] Train: [23/100][10/50] Data 0.002 (0.004) Batch 0.225 (0.248) Remain 00:16:06 loss: 0.3998 Lr: 0.00553
[2026-07-21 10:08:57,218 INFO misc.py line 117 10873] Train: [23/100][11/50] Data 0.003 (0.004) Batch 0.248 (0.248) Remain 00:16:05 loss: 0.3432 Lr: 0.00553
[2026-07-21 10:08:57,466 INFO misc.py line 117 10873] Train: [23/100][12/50] Data 0.004 (0.004) Batch 0.248 (0.248) Remain 00:16:05 loss: 0.3702 Lr: 0.00552
[2026-07-21 10:08:57,708 INFO misc.py line 117 10873] Train: [23/100][13/50] Data 0.003 (0.004) Batch 0.242 (0.248) Remain 00:16:02 loss: 0.3131 Lr: 0.00552
[2026-07-21 10:08:57,947 INFO misc.py line 117 10873] Train: [23/100][14/50] Data 0.002 (0.004) Batch 0.239 (0.247) Remain 00:15:59 loss: 0.3297 Lr: 0.00552
[2026-07-21 10:08:58,189 INFO misc.py line 117 10873] Train: [23/100][15/50] Data 0.003 (0.004) Batch 0.241 (0.246) Remain 00:15:57 loss: 0.4220 Lr: 0.00552
[2026-07-21 10:08:58,431 INFO misc.py line 117 10873] Train: [23/100][16/50] Data 0.003 (0.004) Batch 0.242 (0.246) Remain 00:15:56 loss: 0.3735 Lr: 0.00552
[2026-07-21 10:08:58,730 INFO misc.py line 117 10873] Train: [23/100][17/50] Data 0.002 (0.004) Batch 0.298 (0.250) Remain 00:16:10 loss: 0.3891 Lr: 0.00552
[2026-07-21 10:08:59,036 INFO misc.py line 117 10873] Train: [23/100][18/50] Data 0.004 (0.004) Batch 0.307 (0.254) Remain 00:16:24 loss: 0.4049 Lr: 0.00552
[2026-07-21 10:08:59,290 INFO misc.py line 117 10873] Train: [23/100][19/50] Data 0.003 (0.003) Batch 0.254 (0.254) Remain 00:16:24 loss: 0.4368 Lr: 0.00552
[2026-07-21 10:08:59,521 INFO misc.py line 117 10873] Train: [23/100][20/50] Data 0.003 (0.003) Batch 0.232 (0.252) Remain 00:16:19 loss: 0.2819 Lr: 0.00552
[2026-07-21 10:08:59,775 INFO misc.py line 117 10873] Train: [23/100][21/50] Data 0.003 (0.003) Batch 0.254 (0.252) Remain 00:16:19 loss: 0.4195 Lr: 0.00551
[2026-07-21 10:09:00,022 INFO misc.py line 117 10873] Train: [23/100][22/50] Data 0.003 (0.003) Batch 0.246 (0.252) Remain 00:16:17 loss: 0.3817 Lr: 0.00551
[2026-07-21 10:09:00,288 INFO misc.py line 117 10873] Train: [23/100][23/50] Data 0.004 (0.003) Batch 0.267 (0.253) Remain 00:16:20 loss: 0.4342 Lr: 0.00551
[2026-07-21 10:09:00,526 INFO misc.py line 117 10873] Train: [23/100][24/50] Data 0.002 (0.003) Batch 0.238 (0.252) Remain 00:16:17 loss: 0.3719 Lr: 0.00551
[2026-07-21 10:09:00,776 INFO misc.py line 117 10873] Train: [23/100][25/50] Data 0.003 (0.003) Batch 0.250 (0.252) Remain 00:16:16 loss: 0.3471 Lr: 0.00551
[2026-07-21 10:09:01,037 INFO misc.py line 117 10873] Train: [23/100][26/50] Data 0.003 (0.003) Batch 0.261 (0.252) Remain 00:16:17 loss: 0.5608 Lr: 0.00551
[2026-07-21 10:09:01,295 INFO misc.py line 117 10873] Train: [23/100][27/50] Data 0.003 (0.003) Batch 0.258 (0.253) Remain 00:16:18 loss: 0.3521 Lr: 0.00551
[2026-07-21 10:09:01,533 INFO misc.py line 117 10873] Train: [23/100][28/50] Data 0.003 (0.003) Batch 0.238 (0.252) Remain 00:16:16 loss: 0.4672 Lr: 0.00551
[2026-07-21 10:09:19,067 INFO misc.py line 117 10873] Train: [23/100][29/50] Data 17.293 (0.668) Batch 17.534 (0.917) Remain 00:59:08 loss: 0.3617 Lr: 0.00551
[2026-07-21 10:09:19,291 INFO misc.py line 117 10873] Train: [23/100][30/50] Data 0.002 (0.644) Batch 0.224 (0.891) Remain 00:57:28 loss: 0.5154 Lr: 0.00551
[2026-07-21 10:09:19,530 INFO misc.py line 117 10873] Train: [23/100][31/50] Data 0.002 (0.621) Batch 0.238 (0.868) Remain 00:55:57 loss: 0.3789 Lr: 0.00550
[2026-07-21 10:09:19,778 INFO misc.py line 117 10873] Train: [23/100][32/50] Data 0.002 (0.599) Batch 0.248 (0.846) Remain 00:54:34 loss: 0.3926 Lr: 0.00550
[2026-07-21 10:09:20,024 INFO misc.py line 117 10873] Train: [23/100][33/50] Data 0.002 (0.579) Batch 0.246 (0.826) Remain 00:53:15 loss: 0.4577 Lr: 0.00550
[2026-07-21 10:09:20,260 INFO misc.py line 117 10873] Train: [23/100][34/50] Data 0.002 (0.561) Batch 0.236 (0.807) Remain 00:52:01 loss: 0.4427 Lr: 0.00550
[2026-07-21 10:09:20,493 INFO misc.py line 117 10873] Train: [23/100][35/50] Data 0.002 (0.543) Batch 0.233 (0.789) Remain 00:50:51 loss: 0.4127 Lr: 0.00550
[2026-07-21 10:09:20,714 INFO misc.py line 117 10873] Train: [23/100][36/50] Data 0.002 (0.527) Batch 0.221 (0.772) Remain 00:49:43 loss: 0.4425 Lr: 0.00550
[2026-07-21 10:09:20,939 INFO misc.py line 117 10873] Train: [23/100][37/50] Data 0.002 (0.511) Batch 0.225 (0.756) Remain 00:48:40 loss: 0.5060 Lr: 0.00550
[2026-07-21 10:09:21,159 INFO misc.py line 117 10873] Train: [23/100][38/50] Data 0.002 (0.497) Batch 0.220 (0.741) Remain 00:47:41 loss: 0.3550 Lr: 0.00550
[2026-07-21 10:09:21,397 INFO misc.py line 117 10873] Train: [23/100][39/50] Data 0.002 (0.483) Batch 0.237 (0.727) Remain 00:46:46 loss: 0.4854 Lr: 0.00550
[2026-07-21 10:09:22,710 INFO misc.py line 117 10873] Train: [23/100][40/50] Data 1.089 (0.500) Batch 1.314 (0.743) Remain 00:47:46 loss: 0.3224 Lr: 0.00549
[2026-07-21 10:09:22,924 INFO misc.py line 117 10873] Train: [23/100][41/50] Data 0.002 (0.486) Batch 0.214 (0.729) Remain 00:46:52 loss: 0.4815 Lr: 0.00549
[2026-07-21 10:09:23,161 INFO misc.py line 117 10873] Train: [23/100][42/50] Data 0.002 (0.474) Batch 0.237 (0.716) Remain 00:46:02 loss: 0.4785 Lr: 0.00549
[2026-07-21 10:09:23,423 INFO misc.py line 117 10873] Train: [23/100][43/50] Data 0.001 (0.462) Batch 0.262 (0.705) Remain 00:45:18 loss: 0.5007 Lr: 0.00549
[2026-07-21 10:09:23,657 INFO misc.py line 117 10873] Train: [23/100][44/50] Data 0.001 (0.451) Batch 0.234 (0.693) Remain 00:44:33 loss: 0.3971 Lr: 0.00549
[2026-07-21 10:09:23,885 INFO misc.py line 117 10873] Train: [23/100][45/50] Data 0.002 (0.440) Batch 0.227 (0.682) Remain 00:43:50 loss: 0.4698 Lr: 0.00549
[2026-07-21 10:09:24,111 INFO misc.py line 117 10873] Train: [23/100][46/50] Data 0.002 (0.430) Batch 0.227 (0.672) Remain 00:43:08 loss: 0.4011 Lr: 0.00549
[2026-07-21 10:09:24,352 INFO misc.py line 117 10873] Train: [23/100][47/50] Data 0.001 (0.420) Batch 0.241 (0.662) Remain 00:42:30 loss: 0.4262 Lr: 0.00549
[2026-07-21 10:09:24,583 INFO misc.py line 117 10873] Train: [23/100][48/50] Data 0.002 (0.411) Batch 0.231 (0.652) Remain 00:41:52 loss: 0.5154 Lr: 0.00549
[2026-07-21 10:09:24,805 INFO misc.py line 117 10873] Train: [23/100][49/50] Data 0.001 (0.402) Batch 0.222 (0.643) Remain 00:41:15 loss: 0.4569 Lr: 0.00548
[2026-07-21 10:09:25,035 INFO misc.py line 117 10873] Train: [23/100][50/50] Data 0.001 (0.394) Batch 0.230 (0.634) Remain 00:40:41 loss: 0.5075 Lr: 0.00548
[2026-07-21 10:09:25,036 INFO misc.py line 147 10873] Train result: loss: 0.4122 
[2026-07-21 10:09:25,036 INFO evaluator.py line 169 10873] >>>>>>>>>>>>>>>> Start Evaluation (Segmentation) >>>>>>>>>>>>>>>>
[2026-07-21 10:09:33,814 INFO evaluator.py line 228 10873] Test: [1/1] Loss 0.6679 
[2026-07-21 10:09:34,076 INFO evaluator.py line 257 10873] Val result: mIoU/macroF1/mAcc/mPrecision/allAcc 0.6237/0.7387/0.7364/0.7711/0.9125.
[2026-07-21 10:09:34,076 INFO evaluator.py line 266 10873] Class_0-road Metrics: IoU=0.8842, accuracy=0.9111, precision=0.9678, F1=0.9386
[2026-07-21 10:09:34,076 INFO evaluator.py line 266 10873] Class_1-road_marking Metrics: IoU=0.4343, accuracy=0.5183, precision=0.7282, F1=0.6056
[2026-07-21 10:09:34,076 INFO evaluator.py line 266 10873] Class_2-natural Metrics: IoU=0.9181, accuracy=0.9327, precision=0.9832, F1=0.9573
[2026-07-21 10:09:34,076 INFO evaluator.py line 266 10873] Class_3-building Metrics: IoU=0.7997, accuracy=0.9599, precision=0.8273, F1=0.8887
[2026-07-21 10:09:34,076 INFO evaluator.py line 266 10873] Class_4-utility_line Metrics: IoU=0.5586, accuracy=0.5670, precision=0.9741, F1=0.7168
[2026-07-21 10:09:34,076 INFO evaluator.py line 266 10873] Class_5-pole Metrics: IoU=0.6891, accuracy=0.8130, precision=0.8189, F1=0.8159
[2026-07-21 10:09:34,076 INFO evaluator.py line 266 10873] Class_6-car Metrics: IoU=0.5382, accuracy=0.9168, precision=0.5658, F1=0.6998
[2026-07-21 10:09:34,076 INFO evaluator.py line 266 10873] Class_7-fence Metrics: IoU=0.1676, accuracy=0.2727, precision=0.3032, F1=0.2871
[2026-07-21 10:09:34,077 INFO evaluator.py line 321 10873] <<<<<<<<<<<<<<<<< End Evaluation <<<<<<<<<<<<<<<<<
[2026-07-21 10:09:34,078 INFO misc.py line 187 10873] Currently Best mIoU: 0.6715
[2026-07-21 10:09:34,078 INFO misc.py line 196 10873] Saving checkpoint to: exp/toronto3d/spunet-toronto3d/model/model_last.pth
[2026-07-21 10:10:01,037 INFO misc.py line 117 10873] Train: [24/100][1/50] Data 26.414 (26.414) Batch 26.697 (26.697) Remain 28:32:36 loss: 0.4562 Lr: 0.00548
[2026-07-21 10:10:01,276 INFO misc.py line 117 10873] Train: [24/100][2/50] Data 0.003 (0.003) Batch 0.239 (0.239) Remain 00:15:18 loss: 0.3353 Lr: 0.00548
[2026-07-21 10:10:01,560 INFO misc.py line 117 10873] Train: [24/100][3/50] Data 0.004 (0.004) Batch 0.285 (0.285) Remain 00:18:16 loss: 0.3121 Lr: 0.00548
[2026-07-21 10:10:01,828 INFO misc.py line 117 10873] Train: [24/100][4/50] Data 0.002 (0.002) Batch 0.267 (0.267) Remain 00:17:05 loss: 0.3747 Lr: 0.00548
[2026-07-21 10:10:05,276 INFO misc.py line 117 10873] Train: [24/100][5/50] Data 3.163 (1.582) Batch 3.449 (1.858) Remain 01:59:02 loss: 0.3134 Lr: 0.00548
[2026-07-21 10:10:07,646 INFO misc.py line 117 10873] Train: [24/100][6/50] Data 2.129 (1.765) Batch 2.370 (2.029) Remain 02:09:57 loss: 0.3988 Lr: 0.00548
[2026-07-21 10:10:07,888 INFO misc.py line 117 10873] Train: [24/100][7/50] Data 0.002 (1.324) Batch 0.241 (1.582) Remain 01:41:18 loss: 0.4257 Lr: 0.00548
[2026-07-21 10:10:08,123 INFO misc.py line 117 10873] Train: [24/100][8/50] Data 0.003 (1.060) Batch 0.235 (1.312) Remain 01:24:02 loss: 0.3836 Lr: 0.00547
[2026-07-21 10:10:08,379 INFO misc.py line 117 10873] Train: [24/100][9/50] Data 0.003 (0.884) Batch 0.253 (1.136) Remain 01:12:43 loss: 0.4177 Lr: 0.00547
[2026-07-21 10:10:08,666 INFO misc.py line 117 10873] Train: [24/100][10/50] Data 0.019 (0.760) Batch 0.290 (1.015) Remain 01:04:58 loss: 0.3214 Lr: 0.00547
[2026-07-21 10:10:08,927 INFO misc.py line 117 10873] Train: [24/100][11/50] Data 0.002 (0.665) Batch 0.261 (0.921) Remain 00:58:54 loss: 0.5208 Lr: 0.00547
[2026-07-21 10:10:09,167 INFO misc.py line 117 10873] Train: [24/100][12/50] Data 0.003 (0.592) Batch 0.240 (0.845) Remain 00:54:03 loss: 0.5053 Lr: 0.00547
[2026-07-21 10:10:09,464 INFO misc.py line 117 10873] Train: [24/100][13/50] Data 0.003 (0.533) Batch 0.297 (0.790) Remain 00:50:32 loss: 0.4855 Lr: 0.00547
[2026-07-21 10:10:09,706 INFO misc.py line 117 10873] Train: [24/100][14/50] Data 0.003 (0.485) Batch 0.242 (0.740) Remain 00:47:20 loss: 0.3754 Lr: 0.00547
[2026-07-21 10:10:09,949 INFO misc.py line 117 10873] Train: [24/100][15/50] Data 0.003 (0.445) Batch 0.243 (0.699) Remain 00:44:40 loss: 0.4472 Lr: 0.00547
[2026-07-21 10:10:10,193 INFO misc.py line 117 10873] Train: [24/100][16/50] Data 0.003 (0.411) Batch 0.244 (0.664) Remain 00:42:26 loss: 0.4308 Lr: 0.00547
[2026-07-21 10:10:10,459 INFO misc.py line 117 10873] Train: [24/100][17/50] Data 0.002 (0.381) Batch 0.254 (0.635) Remain 00:40:33 loss: 0.5595 Lr: 0.00546
[2026-07-21 10:10:10,788 INFO misc.py line 117 10873] Train: [24/100][18/50] Data 0.013 (0.357) Batch 0.340 (0.615) Remain 00:39:17 loss: 0.3195 Lr: 0.00546
[2026-07-21 10:10:11,036 INFO misc.py line 117 10873] Train: [24/100][19/50] Data 0.003 (0.335) Batch 0.248 (0.592) Remain 00:37:48 loss: 0.3169 Lr: 0.00546
[2026-07-21 10:10:11,279 INFO misc.py line 117 10873] Train: [24/100][20/50] Data 0.003 (0.315) Batch 0.243 (0.572) Remain 00:36:29 loss: 0.4479 Lr: 0.00546
[2026-07-21 10:10:11,539 INFO misc.py line 117 10873] Train: [24/100][21/50] Data 0.003 (0.298) Batch 0.260 (0.554) Remain 00:35:22 loss: 0.4987 Lr: 0.00546
[2026-07-21 10:10:11,775 INFO misc.py line 117 10873] Train: [24/100][22/50] Data 0.003 (0.282) Batch 0.235 (0.538) Remain 00:34:17 loss: 0.4415 Lr: 0.00546
[2026-07-21 10:10:12,036 INFO misc.py line 117 10873] Train: [24/100][23/50] Data 0.004 (0.268) Batch 0.262 (0.524) Remain 00:33:24 loss: 0.3485 Lr: 0.00546
[2026-07-21 10:10:12,285 INFO misc.py line 117 10873] Train: [24/100][24/50] Data 0.002 (0.256) Batch 0.249 (0.511) Remain 00:32:33 loss: 0.3827 Lr: 0.00546
[2026-07-21 10:10:12,535 INFO misc.py line 117 10873] Train: [24/100][25/50] Data 0.002 (0.244) Batch 0.250 (0.499) Remain 00:31:48 loss: 0.5546 Lr: 0.00545
[2026-07-21 10:10:12,774 INFO misc.py line 117 10873] Train: [24/100][26/50] Data 0.002 (0.234) Batch 0.239 (0.488) Remain 00:31:04 loss: 0.4705 Lr: 0.00545
[2026-07-21 10:10:13,126 INFO misc.py line 117 10873] Train: [24/100][27/50] Data 0.003 (0.224) Batch 0.352 (0.482) Remain 00:30:42 loss: 0.5379 Lr: 0.00545
[2026-07-21 10:10:13,365 INFO misc.py line 117 10873] Train: [24/100][28/50] Data 0.003 (0.215) Batch 0.239 (0.472) Remain 00:30:04 loss: 0.4255 Lr: 0.00545
[2026-07-21 10:10:26,942 INFO misc.py line 117 10873] Train: [24/100][29/50] Data 13.313 (0.719) Batch 13.578 (0.976) Remain 01:02:10 loss: 0.5545 Lr: 0.00545
[2026-07-21 10:10:27,204 INFO misc.py line 117 10873] Train: [24/100][30/50] Data 0.007 (0.693) Batch 0.262 (0.950) Remain 01:00:28 loss: 0.5034 Lr: 0.00545
[2026-07-21 10:10:28,201 INFO misc.py line 117 10873] Train: [24/100][31/50] Data 0.775 (0.696) Batch 0.997 (0.951) Remain 01:00:33 loss: 0.4157 Lr: 0.00545
[2026-07-21 10:10:28,459 INFO misc.py line 117 10873] Train: [24/100][32/50] Data 0.002 (0.672) Batch 0.258 (0.928) Remain 00:59:01 loss: 0.4127 Lr: 0.00545
[2026-07-21 10:10:29,506 INFO misc.py line 117 10873] Train: [24/100][33/50] Data 0.815 (0.676) Batch 1.047 (0.932) Remain 00:59:15 loss: 0.4144 Lr: 0.00545
[2026-07-21 10:10:30,215 INFO misc.py line 117 10873] Train: [24/100][34/50] Data 0.500 (0.671) Batch 0.709 (0.924) Remain 00:58:47 loss: 0.3138 Lr: 0.00544
[2026-07-21 10:10:30,436 INFO misc.py line 117 10873] Train: [24/100][35/50] Data 0.002 (0.650) Batch 0.222 (0.902) Remain 00:57:22 loss: 0.3546 Lr: 0.00544
[2026-07-21 10:10:30,657 INFO misc.py line 117 10873] Train: [24/100][36/50] Data 0.002 (0.630) Batch 0.221 (0.882) Remain 00:56:02 loss: 0.3655 Lr: 0.00544
[2026-07-21 10:10:30,881 INFO misc.py line 117 10873] Train: [24/100][37/50] Data 0.001 (0.612) Batch 0.224 (0.862) Remain 00:54:48 loss: 0.4891 Lr: 0.00544
[2026-07-21 10:10:31,103 INFO misc.py line 117 10873] Train: [24/100][38/50] Data 0.001 (0.594) Batch 0.222 (0.844) Remain 00:53:37 loss: 0.3521 Lr: 0.00544
[2026-07-21 10:10:31,326 INFO misc.py line 117 10873] Train: [24/100][39/50] Data 0.001 (0.578) Batch 0.223 (0.827) Remain 00:52:31 loss: 0.4772 Lr: 0.00544
[2026-07-21 10:10:31,542 INFO misc.py line 117 10873] Train: [24/100][40/50] Data 0.001 (0.562) Batch 0.216 (0.810) Remain 00:51:27 loss: 0.3375 Lr: 0.00544
[2026-07-21 10:10:31,769 INFO misc.py line 117 10873] Train: [24/100][41/50] Data 0.001 (0.547) Batch 0.227 (0.795) Remain 00:50:28 loss: 0.3533 Lr: 0.00544
[2026-07-21 10:10:32,029 INFO misc.py line 117 10873] Train: [24/100][42/50] Data 0.001 (0.533) Batch 0.260 (0.781) Remain 00:49:35 loss: 0.4998 Lr: 0.00544
[2026-07-21 10:10:32,263 INFO misc.py line 117 10873] Train: [24/100][43/50] Data 0.001 (0.520) Batch 0.234 (0.768) Remain 00:48:42 loss: 0.4239 Lr: 0.00543
[2026-07-21 10:10:32,484 INFO misc.py line 117 10873] Train: [24/100][44/50] Data 0.001 (0.507) Batch 0.222 (0.754) Remain 00:47:50 loss: 0.3125 Lr: 0.00543
[2026-07-21 10:10:32,742 INFO misc.py line 117 10873] Train: [24/100][45/50] Data 0.001 (0.495) Batch 0.257 (0.742) Remain 00:47:04 loss: 0.5305 Lr: 0.00543
[2026-07-21 10:10:32,974 INFO misc.py line 117 10873] Train: [24/100][46/50] Data 0.001 (0.484) Batch 0.232 (0.731) Remain 00:46:19 loss: 0.4283 Lr: 0.00543
[2026-07-21 10:10:33,207 INFO misc.py line 117 10873] Train: [24/100][47/50] Data 0.001 (0.473) Batch 0.233 (0.719) Remain 00:45:35 loss: 0.4468 Lr: 0.00543
[2026-07-21 10:10:33,425 INFO misc.py line 117 10873] Train: [24/100][48/50] Data 0.001 (0.462) Batch 0.218 (0.708) Remain 00:44:52 loss: 0.4083 Lr: 0.00543
[2026-07-21 10:10:33,648 INFO misc.py line 117 10873] Train: [24/100][49/50] Data 0.001 (0.452) Batch 0.222 (0.698) Remain 00:44:11 loss: 0.4780 Lr: 0.00543
[2026-07-21 10:10:33,886 INFO misc.py line 117 10873] Train: [24/100][50/50] Data 0.001 (0.443) Batch 0.238 (0.688) Remain 00:43:33 loss: 0.4634 Lr: 0.00543
[2026-07-21 10:10:33,886 INFO misc.py line 147 10873] Train result: loss: 0.4229 
[2026-07-21 10:10:33,887 INFO evaluator.py line 169 10873] >>>>>>>>>>>>>>>> Start Evaluation (Segmentation) >>>>>>>>>>>>>>>>
[2026-07-21 10:10:42,746 INFO evaluator.py line 228 10873] Test: [1/1] Loss 0.9392 
[2026-07-21 10:10:43,019 INFO evaluator.py line 257 10873] Val result: mIoU/macroF1/mAcc/mPrecision/allAcc 0.5990/0.7120/0.7346/0.7263/0.8457.
[2026-07-21 10:10:43,020 INFO evaluator.py line 266 10873] Class_0-road Metrics: IoU=0.7390, accuracy=0.7663, precision=0.9539, F1=0.8499
[2026-07-21 10:10:43,020 INFO evaluator.py line 266 10873] Class_1-road_marking Metrics: IoU=0.2550, accuracy=0.5515, precision=0.3218, F1=0.4064
[2026-07-21 10:10:43,020 INFO evaluator.py line 266 10873] Class_2-natural Metrics: IoU=0.7550, accuracy=0.9411, precision=0.7924, F1=0.8604
[2026-07-21 10:10:43,020 INFO evaluator.py line 266 10873] Class_3-building Metrics: IoU=0.7950, accuracy=0.9166, precision=0.8571, F1=0.8858
[2026-07-21 10:10:43,020 INFO evaluator.py line 266 10873] Class_4-utility_line Metrics: IoU=0.6614, accuracy=0.7049, precision=0.9146, F1=0.7962
[2026-07-21 10:10:43,020 INFO evaluator.py line 266 10873] Class_5-pole Metrics: IoU=0.7016, accuracy=0.7627, precision=0.8975, F1=0.8246
[2026-07-21 10:10:43,020 INFO evaluator.py line 266 10873] Class_6-car Metrics: IoU=0.7740, accuracy=0.8127, precision=0.9422, F1=0.8726
[2026-07-21 10:10:43,020 INFO evaluator.py line 266 10873] Class_7-fence Metrics: IoU=0.1109, accuracy=0.4211, precision=0.1309, F1=0.1997
[2026-07-21 10:10:43,021 INFO evaluator.py line 321 10873] <<<<<<<<<<<<<<<<< End Evaluation <<<<<<<<<<<<<<<<<
[2026-07-21 10:10:43,021 INFO misc.py line 187 10873] Currently Best mIoU: 0.6715
[2026-07-21 10:10:43,022 INFO misc.py line 196 10873] Saving checkpoint to: exp/toronto3d/spunet-toronto3d/model/model_last.pth
[2026-07-21 10:11:12,061 INFO misc.py line 117 10873] Train: [25/100][1/50] Data 28.492 (28.492) Batch 28.770 (28.770) Remain 30:21:37 loss: 0.3964 Lr: 0.00542
[2026-07-21 10:11:12,340 INFO misc.py line 117 10873] Train: [25/100][2/50] Data 0.011 (0.011) Batch 0.280 (0.280) Remain 00:17:42 loss: 0.4072 Lr: 0.00542
[2026-07-21 10:11:14,212 INFO misc.py line 117 10873] Train: [25/100][3/50] Data 1.614 (1.614) Batch 1.871 (1.871) Remain 01:58:25 loss: 0.3805 Lr: 0.00542
[2026-07-21 10:11:14,453 INFO misc.py line 117 10873] Train: [25/100][4/50] Data 0.005 (0.005) Batch 0.242 (0.242) Remain 00:15:19 loss: 0.3441 Lr: 0.00542
[2026-07-21 10:11:14,695 INFO misc.py line 117 10873] Train: [25/100][5/50] Data 0.002 (0.004) Batch 0.242 (0.242) Remain 00:15:18 loss: 0.3258 Lr: 0.00542
[2026-07-21 10:11:14,964 INFO misc.py line 117 10873] Train: [25/100][6/50] Data 0.003 (0.003) Batch 0.270 (0.251) Remain 00:15:52 loss: 0.8317 Lr: 0.00542
[2026-07-21 10:11:15,268 INFO misc.py line 117 10873] Train: [25/100][7/50] Data 0.003 (0.003) Batch 0.303 (0.264) Remain 00:16:41 loss: 0.3300 Lr: 0.00542
[2026-07-21 10:11:15,517 INFO misc.py line 117 10873] Train: [25/100][8/50] Data 0.005 (0.004) Batch 0.251 (0.261) Remain 00:16:30 loss: 0.5246 Lr: 0.00542
[2026-07-21 10:11:15,770 INFO misc.py line 117 10873] Train: [25/100][9/50] Data 0.002 (0.003) Batch 0.252 (0.260) Remain 00:16:25 loss: 0.4736 Lr: 0.00542
[2026-07-21 10:11:16,021 INFO misc.py line 117 10873] Train: [25/100][10/50] Data 0.003 (0.003) Batch 0.250 (0.258) Remain 00:16:19 loss: 0.8107 Lr: 0.00541
[2026-07-21 10:11:16,295 INFO misc.py line 117 10873] Train: [25/100][11/50] Data 0.003 (0.003) Batch 0.274 (0.260) Remain 00:16:26 loss: 0.4171 Lr: 0.00541
[2026-07-21 10:11:16,546 INFO misc.py line 117 10873] Train: [25/100][12/50] Data 0.003 (0.003) Batch 0.251 (0.259) Remain 00:16:22 loss: 0.4446 Lr: 0.00541
[2026-07-21 10:11:16,780 INFO misc.py line 117 10873] Train: [25/100][13/50] Data 0.003 (0.003) Batch 0.234 (0.257) Remain 00:16:12 loss: 0.4247 Lr: 0.00541
[2026-07-21 10:11:17,009 INFO misc.py line 117 10873] Train: [25/100][14/50] Data 0.003 (0.003) Batch 0.229 (0.254) Remain 00:16:03 loss: 0.3116 Lr: 0.00541
[2026-07-21 10:11:17,264 INFO misc.py line 117 10873] Train: [25/100][15/50] Data 0.002 (0.003) Batch 0.254 (0.254) Remain 00:16:02 loss: 0.5030 Lr: 0.00541
[2026-07-21 10:11:17,527 INFO misc.py line 117 10873] Train: [25/100][16/50] Data 0.003 (0.003) Batch 0.264 (0.255) Remain 00:16:05 loss: 0.6708 Lr: 0.00541
[2026-07-21 10:11:17,767 INFO misc.py line 117 10873] Train: [25/100][17/50] Data 0.002 (0.003) Batch 0.240 (0.254) Remain 00:16:00 loss: 0.5003 Lr: 0.00541
[2026-07-21 10:11:18,013 INFO misc.py line 117 10873] Train: [25/100][18/50] Data 0.004 (0.003) Batch 0.246 (0.253) Remain 00:15:58 loss: 0.4024 Lr: 0.00540
[2026-07-21 10:11:18,271 INFO misc.py line 117 10873] Train: [25/100][19/50] Data 0.003 (0.003) Batch 0.258 (0.254) Remain 00:15:59 loss: 0.5273 Lr: 0.00540
[2026-07-21 10:11:18,519 INFO misc.py line 117 10873] Train: [25/100][20/50] Data 0.003 (0.003) Batch 0.249 (0.253) Remain 00:15:58 loss: 0.4853 Lr: 0.00540
[2026-07-21 10:11:18,786 INFO misc.py line 117 10873] Train: [25/100][21/50] Data 0.002 (0.003) Batch 0.267 (0.254) Remain 00:16:00 loss: 0.4147 Lr: 0.00540
[2026-07-21 10:11:19,047 INFO misc.py line 117 10873] Train: [25/100][22/50] Data 0.003 (0.003) Batch 0.261 (0.255) Remain 00:16:01 loss: 0.5123 Lr: 0.00540
[2026-07-21 10:11:19,282 INFO misc.py line 117 10873] Train: [25/100][23/50] Data 0.003 (0.003) Batch 0.235 (0.254) Remain 00:15:57 loss: 0.4731 Lr: 0.00540
[2026-07-21 10:11:19,523 INFO misc.py line 117 10873] Train: [25/100][24/50] Data 0.003 (0.003) Batch 0.241 (0.253) Remain 00:15:55 loss: 0.4291 Lr: 0.00540
[2026-07-21 10:11:19,762 INFO misc.py line 117 10873] Train: [25/100][25/50] Data 0.003 (0.003) Batch 0.239 (0.252) Remain 00:15:52 loss: 0.4210 Lr: 0.00540
[2026-07-21 10:11:20,002 INFO misc.py line 117 10873] Train: [25/100][26/50] Data 0.003 (0.003) Batch 0.240 (0.252) Remain 00:15:50 loss: 0.3651 Lr: 0.00540
[2026-07-21 10:11:20,254 INFO misc.py line 117 10873] Train: [25/100][27/50] Data 0.003 (0.003) Batch 0.253 (0.252) Remain 00:15:50 loss: 0.4370 Lr: 0.00539
[2026-07-21 10:11:20,500 INFO misc.py line 117 10873] Train: [25/100][28/50] Data 0.003 (0.003) Batch 0.245 (0.252) Remain 00:15:48 loss: 0.3768 Lr: 0.00539
[2026-07-21 10:11:37,439 INFO misc.py line 117 10873] Train: [25/100][29/50] Data 16.701 (0.645) Batch 16.940 (0.893) Remain 00:56:09 loss: 0.4561 Lr: 0.00539
[2026-07-21 10:11:37,662 INFO misc.py line 117 10873] Train: [25/100][30/50] Data 0.002 (0.621) Batch 0.223 (0.869) Remain 00:54:34 loss: 0.4776 Lr: 0.00539
[2026-07-21 10:11:38,994 INFO misc.py line 117 10873] Train: [25/100][31/50] Data 1.090 (0.638) Batch 1.332 (0.885) Remain 00:55:35 loss: 0.3788 Lr: 0.00539
[2026-07-21 10:11:39,237 INFO misc.py line 117 10873] Train: [25/100][32/50] Data 0.002 (0.616) Batch 0.244 (0.863) Remain 00:54:11 loss: 0.3334 Lr: 0.00539
[2026-07-21 10:11:39,482 INFO misc.py line 117 10873] Train: [25/100][33/50] Data 0.001 (0.596) Batch 0.245 (0.842) Remain 00:52:53 loss: 0.4588 Lr: 0.00539
[2026-07-21 10:11:39,702 INFO misc.py line 117 10873] Train: [25/100][34/50] Data 0.002 (0.576) Batch 0.221 (0.822) Remain 00:51:36 loss: 0.2757 Lr: 0.00539
[2026-07-21 10:11:39,950 INFO misc.py line 117 10873] Train: [25/100][35/50] Data 0.001 (0.559) Batch 0.248 (0.804) Remain 00:50:28 loss: 0.4541 Lr: 0.00538
[2026-07-21 10:11:40,187 INFO misc.py line 117 10873] Train: [25/100][36/50] Data 0.001 (0.542) Batch 0.236 (0.787) Remain 00:49:22 loss: 0.4523 Lr: 0.00538
[2026-07-21 10:11:40,402 INFO misc.py line 117 10873] Train: [25/100][37/50] Data 0.001 (0.526) Batch 0.216 (0.770) Remain 00:48:18 loss: 0.3186 Lr: 0.00538
[2026-07-21 10:11:40,654 INFO misc.py line 117 10873] Train: [25/100][38/50] Data 0.001 (0.511) Batch 0.252 (0.756) Remain 00:47:22 loss: 0.5077 Lr: 0.00538
[2026-07-21 10:11:40,882 INFO misc.py line 117 10873] Train: [25/100][39/50] Data 0.001 (0.497) Batch 0.228 (0.741) Remain 00:46:26 loss: 0.3677 Lr: 0.00538
[2026-07-21 10:11:41,100 INFO misc.py line 117 10873] Train: [25/100][40/50] Data 0.001 (0.483) Batch 0.218 (0.727) Remain 00:45:32 loss: 0.3371 Lr: 0.00538
[2026-07-21 10:11:41,343 INFO misc.py line 117 10873] Train: [25/100][41/50] Data 0.001 (0.470) Batch 0.243 (0.714) Remain 00:44:44 loss: 0.4241 Lr: 0.00538
[2026-07-21 10:11:41,564 INFO misc.py line 117 10873] Train: [25/100][42/50] Data 0.001 (0.458) Batch 0.220 (0.701) Remain 00:43:55 loss: 0.2879 Lr: 0.00538
[2026-07-21 10:11:41,779 INFO misc.py line 117 10873] Train: [25/100][43/50] Data 0.001 (0.447) Batch 0.215 (0.689) Remain 00:43:09 loss: 0.3195 Lr: 0.00537
[2026-07-21 10:11:42,010 INFO misc.py line 117 10873] Train: [25/100][44/50] Data 0.002 (0.436) Batch 0.231 (0.678) Remain 00:42:26 loss: 0.4691 Lr: 0.00537
[2026-07-21 10:11:42,278 INFO misc.py line 117 10873] Train: [25/100][45/50] Data 0.001 (0.426) Batch 0.268 (0.668) Remain 00:41:49 loss: 0.5516 Lr: 0.00537
[2026-07-21 10:11:42,497 INFO misc.py line 117 10873] Train: [25/100][46/50] Data 0.001 (0.416) Batch 0.219 (0.658) Remain 00:41:09 loss: 0.4194 Lr: 0.00537
[2026-07-21 10:11:42,713 INFO misc.py line 117 10873] Train: [25/100][47/50] Data 0.001 (0.407) Batch 0.216 (0.648) Remain 00:40:31 loss: 0.3361 Lr: 0.00537
[2026-07-21 10:11:42,938 INFO misc.py line 117 10873] Train: [25/100][48/50] Data 0.001 (0.397) Batch 0.226 (0.638) Remain 00:39:55 loss: 0.3826 Lr: 0.00537
[2026-07-21 10:11:43,161 INFO misc.py line 117 10873] Train: [25/100][49/50] Data 0.001 (0.389) Batch 0.223 (0.629) Remain 00:39:20 loss: 0.3980 Lr: 0.00537
[2026-07-21 10:11:43,383 INFO misc.py line 117 10873] Train: [25/100][50/50] Data 0.001 (0.381) Batch 0.222 (0.621) Remain 00:38:47 loss: 0.5371 Lr: 0.00537
[2026-07-21 10:11:43,383 INFO misc.py line 147 10873] Train result: loss: 0.4377 
[2026-07-21 10:11:43,383 INFO evaluator.py line 169 10873] >>>>>>>>>>>>>>>> Start Evaluation (Segmentation) >>>>>>>>>>>>>>>>
[2026-07-21 10:11:52,151 INFO evaluator.py line 228 10873] Test: [1/1] Loss 0.6943 
[2026-07-21 10:11:52,415 INFO evaluator.py line 257 10873] Val result: mIoU/macroF1/mAcc/mPrecision/allAcc 0.6483/0.7554/0.7498/0.7654/0.9227.
[2026-07-21 10:11:52,415 INFO evaluator.py line 266 10873] Class_0-road Metrics: IoU=0.9247, accuracy=0.9490, precision=0.9730, F1=0.9609
[2026-07-21 10:11:52,415 INFO evaluator.py line 266 10873] Class_1-road_marking Metrics: IoU=0.3477, accuracy=0.5569, precision=0.4807, F1=0.5160
[2026-07-21 10:11:52,415 INFO evaluator.py line 266 10873] Class_2-natural Metrics: IoU=0.8736, accuracy=0.9645, precision=0.9026, F1=0.9326
[2026-07-21 10:11:52,415 INFO evaluator.py line 266 10873] Class_3-building Metrics: IoU=0.8365, accuracy=0.8887, precision=0.9344, F1=0.9110
[2026-07-21 10:11:52,416 INFO evaluator.py line 266 10873] Class_4-utility_line Metrics: IoU=0.7648, accuracy=0.8265, precision=0.9111, F1=0.8667
[2026-07-21 10:11:52,416 INFO evaluator.py line 266 10873] Class_5-pole Metrics: IoU=0.5980, accuracy=0.7318, precision=0.7658, F1=0.7485
[2026-07-21 10:11:52,416 INFO evaluator.py line 266 10873] Class_6-car Metrics: IoU=0.6512, accuracy=0.7227, precision=0.8680, F1=0.7887
[2026-07-21 10:11:52,416 INFO evaluator.py line 266 10873] Class_7-fence Metrics: IoU=0.1897, accuracy=0.3581, precision=0.2875, F1=0.3190
[2026-07-21 10:11:52,416 INFO evaluator.py line 321 10873] <<<<<<<<<<<<<<<<< End Evaluation <<<<<<<<<<<<<<<<<
[2026-07-21 10:11:52,417 INFO misc.py line 187 10873] Currently Best mIoU: 0.6715
[2026-07-21 10:11:52,417 INFO misc.py line 196 10873] Saving checkpoint to: exp/toronto3d/spunet-toronto3d/model/model_last.pth
[2026-07-21 10:12:19,125 INFO misc.py line 117 10873] Train: [26/100][1/50] Data 25.894 (25.894) Batch 26.151 (26.151) Remain 27:14:01 loss: 0.4944 Lr: 0.00537
[2026-07-21 10:12:20,569 INFO misc.py line 117 10873] Train: [26/100][2/50] Data 1.182 (1.182) Batch 1.443 (1.443) Remain 01:30:09 loss: 0.3745 Lr: 0.00536
[2026-07-21 10:12:21,069 INFO misc.py line 117 10873] Train: [26/100][3/50] Data 0.256 (0.256) Batch 0.501 (0.501) Remain 00:31:17 loss: 0.3614 Lr: 0.00536
[2026-07-21 10:12:23,805 INFO misc.py line 117 10873] Train: [26/100][4/50] Data 2.459 (2.459) Batch 2.736 (2.736) Remain 02:50:48 loss: 0.3213 Lr: 0.00536
[2026-07-21 10:12:24,404 INFO misc.py line 117 10873] Train: [26/100][5/50] Data 0.350 (1.405) Batch 0.599 (1.668) Remain 01:44:05 loss: 0.3930 Lr: 0.00536
[2026-07-21 10:12:24,640 INFO misc.py line 117 10873] Train: [26/100][6/50] Data 0.002 (0.937) Batch 0.237 (1.191) Remain 01:14:17 loss: 0.2791 Lr: 0.00536
[2026-07-21 10:12:24,870 INFO misc.py line 117 10873] Train: [26/100][7/50] Data 0.002 (0.703) Batch 0.228 (0.950) Remain 00:59:16 loss: 0.3730 Lr: 0.00536
[2026-07-21 10:12:25,105 INFO misc.py line 117 10873] Train: [26/100][8/50] Data 0.004 (0.563) Batch 0.236 (0.807) Remain 00:50:20 loss: 0.3307 Lr: 0.00536
[2026-07-21 10:12:25,410 INFO misc.py line 117 10873] Train: [26/100][9/50] Data 0.003 (0.470) Batch 0.305 (0.723) Remain 00:45:06 loss: 0.4091 Lr: 0.00536
[2026-07-21 10:12:25,688 INFO misc.py line 117 10873] Train: [26/100][10/50] Data 0.003 (0.403) Batch 0.278 (0.660) Remain 00:41:07 loss: 0.3096 Lr: 0.00535
[2026-07-21 10:12:25,934 INFO misc.py line 117 10873] Train: [26/100][11/50] Data 0.002 (0.353) Batch 0.246 (0.608) Remain 00:37:53 loss: 0.4348 Lr: 0.00535
[2026-07-21 10:12:26,199 INFO misc.py line 117 10873] Train: [26/100][12/50] Data 0.003 (0.314) Batch 0.266 (0.570) Remain 00:35:30 loss: 0.3384 Lr: 0.00535
[2026-07-21 10:12:26,502 INFO misc.py line 117 10873] Train: [26/100][13/50] Data 0.002 (0.283) Batch 0.303 (0.543) Remain 00:33:50 loss: 0.3306 Lr: 0.00535
[2026-07-21 10:12:26,741 INFO misc.py line 117 10873] Train: [26/100][14/50] Data 0.003 (0.258) Batch 0.239 (0.516) Remain 00:32:06 loss: 0.3512 Lr: 0.00535
[2026-07-21 10:12:26,987 INFO misc.py line 117 10873] Train: [26/100][15/50] Data 0.003 (0.236) Batch 0.246 (0.493) Remain 00:30:41 loss: 0.3104 Lr: 0.00535
[2026-07-21 10:12:27,249 INFO misc.py line 117 10873] Train: [26/100][16/50] Data 0.003 (0.218) Batch 0.263 (0.475) Remain 00:29:35 loss: 0.4308 Lr: 0.00535
[2026-07-21 10:12:27,536 INFO misc.py line 117 10873] Train: [26/100][17/50] Data 0.003 (0.203) Batch 0.286 (0.462) Remain 00:28:44 loss: 0.6142 Lr: 0.00535
[2026-07-21 10:12:27,802 INFO misc.py line 117 10873] Train: [26/100][18/50] Data 0.002 (0.190) Batch 0.265 (0.449) Remain 00:27:54 loss: 0.4405 Lr: 0.00534
[2026-07-21 10:12:28,064 INFO misc.py line 117 10873] Train: [26/100][19/50] Data 0.004 (0.178) Batch 0.264 (0.437) Remain 00:27:11 loss: 0.4491 Lr: 0.00534
[2026-07-21 10:12:28,309 INFO misc.py line 117 10873] Train: [26/100][20/50] Data 0.002 (0.168) Batch 0.243 (0.426) Remain 00:26:28 loss: 0.3220 Lr: 0.00534
[2026-07-21 10:12:28,550 INFO misc.py line 117 10873] Train: [26/100][21/50] Data 0.003 (0.159) Batch 0.242 (0.416) Remain 00:25:49 loss: 0.3847 Lr: 0.00534
[2026-07-21 10:12:28,809 INFO misc.py line 117 10873] Train: [26/100][22/50] Data 0.003 (0.150) Batch 0.259 (0.407) Remain 00:25:18 loss: 0.4051 Lr: 0.00534
[2026-07-21 10:12:29,074 INFO misc.py line 117 10873] Train: [26/100][23/50] Data 0.003 (0.143) Batch 0.265 (0.400) Remain 00:24:51 loss: 0.3775 Lr: 0.00534
[2026-07-21 10:12:29,320 INFO misc.py line 117 10873] Train: [26/100][24/50] Data 0.006 (0.136) Batch 0.245 (0.393) Remain 00:24:23 loss: 0.4437 Lr: 0.00534
[2026-07-21 10:12:29,585 INFO misc.py line 117 10873] Train: [26/100][25/50] Data 0.002 (0.130) Batch 0.265 (0.387) Remain 00:24:01 loss: 0.4325 Lr: 0.00534
[2026-07-21 10:12:29,834 INFO misc.py line 117 10873] Train: [26/100][26/50] Data 0.003 (0.125) Batch 0.249 (0.381) Remain 00:23:39 loss: 0.3745 Lr: 0.00533
[2026-07-21 10:12:30,106 INFO misc.py line 117 10873] Train: [26/100][27/50] Data 0.017 (0.120) Batch 0.272 (0.377) Remain 00:23:21 loss: 0.4965 Lr: 0.00533
[2026-07-21 10:12:30,360 INFO misc.py line 117 10873] Train: [26/100][28/50] Data 0.003 (0.116) Batch 0.252 (0.372) Remain 00:23:02 loss: 0.3370 Lr: 0.00533
[2026-07-21 10:12:44,042 INFO misc.py line 117 10873] Train: [26/100][29/50] Data 13.431 (0.628) Batch 13.685 (0.884) Remain 00:54:47 loss: 0.3522 Lr: 0.00533
[2026-07-21 10:12:44,801 INFO misc.py line 117 10873] Train: [26/100][30/50] Data 0.486 (0.622) Batch 0.758 (0.879) Remain 00:54:29 loss: 0.5019 Lr: 0.00533
[2026-07-21 10:12:45,121 INFO misc.py line 117 10873] Train: [26/100][31/50] Data 0.078 (0.603) Batch 0.321 (0.859) Remain 00:53:14 loss: 0.4271 Lr: 0.00533
[2026-07-21 10:12:49,111 INFO misc.py line 117 10873] Train: [26/100][32/50] Data 3.761 (0.712) Batch 3.990 (0.967) Remain 00:59:55 loss: 0.3093 Lr: 0.00533
[2026-07-21 10:12:49,353 INFO misc.py line 117 10873] Train: [26/100][33/50] Data 0.001 (0.688) Batch 0.242 (0.943) Remain 00:58:24 loss: 0.3773 Lr: 0.00533
[2026-07-21 10:12:49,579 INFO misc.py line 117 10873] Train: [26/100][34/50] Data 0.001 (0.666) Batch 0.226 (0.920) Remain 00:56:57 loss: 0.3141 Lr: 0.00532
[2026-07-21 10:12:49,818 INFO misc.py line 117 10873] Train: [26/100][35/50] Data 0.002 (0.645) Batch 0.239 (0.898) Remain 00:55:37 loss: 0.4705 Lr: 0.00532
[2026-07-21 10:12:50,053 INFO misc.py line 117 10873] Train: [26/100][36/50] Data 0.001 (0.626) Batch 0.235 (0.878) Remain 00:54:22 loss: 0.3858 Lr: 0.00532
[2026-07-21 10:12:50,288 INFO misc.py line 117 10873] Train: [26/100][37/50] Data 0.002 (0.607) Batch 0.234 (0.859) Remain 00:53:10 loss: 0.4353 Lr: 0.00532
[2026-07-21 10:12:50,519 INFO misc.py line 117 10873] Train: [26/100][38/50] Data 0.001 (0.590) Batch 0.231 (0.841) Remain 00:52:03 loss: 0.5612 Lr: 0.00532
[2026-07-21 10:12:50,743 INFO misc.py line 117 10873] Train: [26/100][39/50] Data 0.001 (0.574) Batch 0.225 (0.824) Remain 00:50:59 loss: 0.3668 Lr: 0.00532
[2026-07-21 10:12:50,979 INFO misc.py line 117 10873] Train: [26/100][40/50] Data 0.001 (0.558) Batch 0.236 (0.808) Remain 00:49:59 loss: 0.3658 Lr: 0.00532
[2026-07-21 10:12:51,215 INFO misc.py line 117 10873] Train: [26/100][41/50] Data 0.001 (0.544) Batch 0.236 (0.793) Remain 00:49:02 loss: 0.4561 Lr: 0.00532
[2026-07-21 10:12:51,475 INFO misc.py line 117 10873] Train: [26/100][42/50] Data 0.001 (0.530) Batch 0.260 (0.780) Remain 00:48:10 loss: 0.5027 Lr: 0.00531
[2026-07-21 10:12:51,706 INFO misc.py line 117 10873] Train: [26/100][43/50] Data 0.001 (0.517) Batch 0.231 (0.766) Remain 00:47:19 loss: 0.3328 Lr: 0.00531
[2026-07-21 10:12:51,944 INFO misc.py line 117 10873] Train: [26/100][44/50] Data 0.001 (0.504) Batch 0.239 (0.753) Remain 00:46:30 loss: 0.3765 Lr: 0.00531
[2026-07-21 10:12:52,163 INFO misc.py line 117 10873] Train: [26/100][45/50] Data 0.001 (0.492) Batch 0.219 (0.740) Remain 00:45:43 loss: 0.3728 Lr: 0.00531
[2026-07-21 10:12:52,399 INFO misc.py line 117 10873] Train: [26/100][46/50] Data 0.001 (0.481) Batch 0.236 (0.729) Remain 00:44:58 loss: 0.4010 Lr: 0.00531
[2026-07-21 10:12:52,646 INFO misc.py line 117 10873] Train: [26/100][47/50] Data 0.002 (0.470) Batch 0.246 (0.718) Remain 00:44:17 loss: 0.3376 Lr: 0.00531
[2026-07-21 10:12:52,864 INFO misc.py line 117 10873] Train: [26/100][48/50] Data 0.001 (0.459) Batch 0.218 (0.707) Remain 00:43:35 loss: 0.4507 Lr: 0.00531
[2026-07-21 10:12:53,102 INFO misc.py line 117 10873] Train: [26/100][49/50] Data 0.001 (0.449) Batch 0.238 (0.696) Remain 00:42:57 loss: 0.3188 Lr: 0.00531
[2026-07-21 10:12:53,338 INFO misc.py line 117 10873] Train: [26/100][50/50] Data 0.001 (0.440) Batch 0.236 (0.687) Remain 00:42:20 loss: 0.4950 Lr: 0.00530
[2026-07-21 10:12:53,338 INFO misc.py line 147 10873] Train result: loss: 0.3966 
[2026-07-21 10:12:53,338 INFO evaluator.py line 169 10873] >>>>>>>>>>>>>>>> Start Evaluation (Segmentation) >>>>>>>>>>>>>>>>
[2026-07-21 10:13:01,901 INFO evaluator.py line 228 10873] Test: [1/1] Loss 0.6243 
[2026-07-21 10:13:02,180 INFO evaluator.py line 257 10873] Val result: mIoU/macroF1/mAcc/mPrecision/allAcc 0.6496/0.7517/0.7128/0.8130/0.9385.
[2026-07-21 10:13:02,180 INFO evaluator.py line 266 10873] Class_0-road Metrics: IoU=0.9356, accuracy=0.9579, precision=0.9758, F1=0.9668
[2026-07-21 10:13:02,180 INFO evaluator.py line 266 10873] Class_1-road_marking Metrics: IoU=0.4215, accuracy=0.5230, precision=0.6848, F1=0.5931
[2026-07-21 10:13:02,180 INFO evaluator.py line 266 10873] Class_2-natural Metrics: IoU=0.9226, accuracy=0.9760, precision=0.9440, F1=0.9597
[2026-07-21 10:13:02,180 INFO evaluator.py line 266 10873] Class_3-building Metrics: IoU=0.8349, accuracy=0.9587, precision=0.8661, F1=0.9100
[2026-07-21 10:13:02,180 INFO evaluator.py line 266 10873] Class_4-utility_line Metrics: IoU=0.6859, accuracy=0.7658, precision=0.8680, F1=0.8137
[2026-07-21 10:13:02,181 INFO evaluator.py line 266 10873] Class_5-pole Metrics: IoU=0.5298, accuracy=0.5486, precision=0.9393, F1=0.6926
[2026-07-21 10:13:02,181 INFO evaluator.py line 266 10873] Class_6-car Metrics: IoU=0.7376, accuracy=0.7910, precision=0.9161, F1=0.8490
[2026-07-21 10:13:02,181 INFO evaluator.py line 266 10873] Class_7-fence Metrics: IoU=0.1291, accuracy=0.1812, precision=0.3100, F1=0.2287
[2026-07-21 10:13:02,181 INFO evaluator.py line 321 10873] <<<<<<<<<<<<<<<<< End Evaluation <<<<<<<<<<<<<<<<<
[2026-07-21 10:13:02,182 INFO misc.py line 187 10873] Currently Best mIoU: 0.6715
[2026-07-21 10:13:02,182 INFO misc.py line 196 10873] Saving checkpoint to: exp/toronto3d/spunet-toronto3d/model/model_last.pth
[2026-07-21 10:13:34,667 INFO misc.py line 117 10873] Train: [27/100][1/50] Data 31.972 (31.972) Batch 32.221 (32.221) Remain 33:06:26 loss: 0.4172 Lr: 0.00530
[2026-07-21 10:13:34,960 INFO misc.py line 117 10873] Train: [27/100][2/50] Data 0.003 (0.003) Batch 0.292 (0.292) Remain 00:17:59 loss: 0.4668 Lr: 0.00530
[2026-07-21 10:13:35,250 INFO misc.py line 117 10873] Train: [27/100][3/50] Data 0.011 (0.011) Batch 0.291 (0.291) Remain 00:17:56 loss: 0.4036 Lr: 0.00530
[2026-07-21 10:13:35,565 INFO misc.py line 117 10873] Train: [27/100][4/50] Data 0.003 (0.003) Batch 0.315 (0.315) Remain 00:19:25 loss: 0.3861 Lr: 0.00530
[2026-07-21 10:13:35,897 INFO misc.py line 117 10873] Train: [27/100][5/50] Data 0.016 (0.009) Batch 0.332 (0.324) Remain 00:19:56 loss: 0.3519 Lr: 0.00530
[2026-07-21 10:13:36,219 INFO misc.py line 117 10873] Train: [27/100][6/50] Data 0.022 (0.014) Batch 0.322 (0.323) Remain 00:19:53 loss: 0.5176 Lr: 0.00530
[2026-07-21 10:13:36,466 INFO misc.py line 117 10873] Train: [27/100][7/50] Data 0.003 (0.011) Batch 0.248 (0.304) Remain 00:18:43 loss: 0.4150 Lr: 0.00530
[2026-07-21 10:13:36,697 INFO misc.py line 117 10873] Train: [27/100][8/50] Data 0.002 (0.009) Batch 0.230 (0.289) Remain 00:17:48 loss: 0.4908 Lr: 0.00529
[2026-07-21 10:13:36,967 INFO misc.py line 117 10873] Train: [27/100][9/50] Data 0.003 (0.008) Batch 0.270 (0.286) Remain 00:17:36 loss: 0.4251 Lr: 0.00529
[2026-07-21 10:13:37,238 INFO misc.py line 117 10873] Train: [27/100][10/50] Data 0.003 (0.007) Batch 0.271 (0.284) Remain 00:17:28 loss: 0.4507 Lr: 0.00529
[2026-07-21 10:13:37,486 INFO misc.py line 117 10873] Train: [27/100][11/50] Data 0.003 (0.007) Batch 0.248 (0.280) Remain 00:17:11 loss: 0.3961 Lr: 0.00529
[2026-07-21 10:13:37,734 INFO misc.py line 117 10873] Train: [27/100][12/50] Data 0.002 (0.006) Batch 0.248 (0.276) Remain 00:16:58 loss: 0.4419 Lr: 0.00529
[2026-07-21 10:13:37,975 INFO misc.py line 117 10873] Train: [27/100][13/50] Data 0.002 (0.006) Batch 0.240 (0.272) Remain 00:16:44 loss: 0.3782 Lr: 0.00529
[2026-07-21 10:13:38,215 INFO misc.py line 117 10873] Train: [27/100][14/50] Data 0.003 (0.006) Batch 0.241 (0.270) Remain 00:16:33 loss: 0.3550 Lr: 0.00529
[2026-07-21 10:13:38,468 INFO misc.py line 117 10873] Train: [27/100][15/50] Data 0.002 (0.005) Batch 0.253 (0.268) Remain 00:16:28 loss: 0.4502 Lr: 0.00528
[2026-07-21 10:13:38,717 INFO misc.py line 117 10873] Train: [27/100][16/50] Data 0.003 (0.005) Batch 0.250 (0.267) Remain 00:16:22 loss: 0.3605 Lr: 0.00528
[2026-07-21 10:13:38,965 INFO misc.py line 117 10873] Train: [27/100][17/50] Data 0.002 (0.005) Batch 0.247 (0.265) Remain 00:16:17 loss: 0.4532 Lr: 0.00528
[2026-07-21 10:13:39,215 INFO misc.py line 117 10873] Train: [27/100][18/50] Data 0.003 (0.005) Batch 0.250 (0.264) Remain 00:16:13 loss: 0.3979 Lr: 0.00528
[2026-07-21 10:13:39,470 INFO misc.py line 117 10873] Train: [27/100][19/50] Data 0.003 (0.005) Batch 0.255 (0.264) Remain 00:16:10 loss: 0.3577 Lr: 0.00528
[2026-07-21 10:13:39,716 INFO misc.py line 117 10873] Train: [27/100][20/50] Data 0.002 (0.005) Batch 0.247 (0.263) Remain 00:16:06 loss: 0.4652 Lr: 0.00528
[2026-07-21 10:13:39,954 INFO misc.py line 117 10873] Train: [27/100][21/50] Data 0.003 (0.004) Batch 0.238 (0.261) Remain 00:16:01 loss: 0.4345 Lr: 0.00528
[2026-07-21 10:13:40,194 INFO misc.py line 117 10873] Train: [27/100][22/50] Data 0.002 (0.004) Batch 0.239 (0.260) Remain 00:15:56 loss: 0.3343 Lr: 0.00528
[2026-07-21 10:13:40,452 INFO misc.py line 117 10873] Train: [27/100][23/50] Data 0.003 (0.004) Batch 0.259 (0.260) Remain 00:15:56 loss: 0.2775 Lr: 0.00527
[2026-07-21 10:13:40,684 INFO misc.py line 117 10873] Train: [27/100][24/50] Data 0.002 (0.004) Batch 0.231 (0.259) Remain 00:15:51 loss: 0.3015 Lr: 0.00527
[2026-07-21 10:13:40,969 INFO misc.py line 117 10873] Train: [27/100][25/50] Data 0.004 (0.004) Batch 0.284 (0.260) Remain 00:15:55 loss: 0.4118 Lr: 0.00527
[2026-07-21 10:13:41,212 INFO misc.py line 117 10873] Train: [27/100][26/50] Data 0.003 (0.004) Batch 0.245 (0.259) Remain 00:15:52 loss: 0.4012 Lr: 0.00527
[2026-07-21 10:13:41,466 INFO misc.py line 117 10873] Train: [27/100][27/50] Data 0.002 (0.004) Batch 0.254 (0.259) Remain 00:15:51 loss: 0.3263 Lr: 0.00527
[2026-07-21 10:13:41,707 INFO misc.py line 117 10873] Train: [27/100][28/50] Data 0.002 (0.004) Batch 0.240 (0.258) Remain 00:15:48 loss: 0.2782 Lr: 0.00527
[2026-07-21 10:13:59,167 INFO misc.py line 117 10873] Train: [27/100][29/50] Data 17.235 (0.667) Batch 17.461 (0.920) Remain 00:56:17 loss: 0.3985 Lr: 0.00527
[2026-07-21 10:13:59,384 INFO misc.py line 117 10873] Train: [27/100][30/50] Data 0.002 (0.642) Batch 0.216 (0.894) Remain 00:54:40 loss: 0.3191 Lr: 0.00527
[2026-07-21 10:13:59,607 INFO misc.py line 117 10873] Train: [27/100][31/50] Data 0.001 (0.619) Batch 0.223 (0.870) Remain 00:53:11 loss: 0.3831 Lr: 0.00526
[2026-07-21 10:13:59,830 INFO misc.py line 117 10873] Train: [27/100][32/50] Data 0.001 (0.598) Batch 0.223 (0.848) Remain 00:51:48 loss: 0.3700 Lr: 0.00526
[2026-07-21 10:14:00,065 INFO misc.py line 117 10873] Train: [27/100][33/50] Data 0.001 (0.578) Batch 0.236 (0.827) Remain 00:50:33 loss: 0.4359 Lr: 0.00526
[2026-07-21 10:14:00,297 INFO misc.py line 117 10873] Train: [27/100][34/50] Data 0.002 (0.559) Batch 0.231 (0.808) Remain 00:49:22 loss: 0.4065 Lr: 0.00526
[2026-07-21 10:14:00,538 INFO misc.py line 117 10873] Train: [27/100][35/50] Data 0.002 (0.542) Batch 0.241 (0.790) Remain 00:48:16 loss: 0.3205 Lr: 0.00526
[2026-07-21 10:14:00,788 INFO misc.py line 117 10873] Train: [27/100][36/50] Data 0.001 (0.526) Batch 0.251 (0.774) Remain 00:47:15 loss: 0.3635 Lr: 0.00526
[2026-07-21 10:14:01,008 INFO misc.py line 117 10873] Train: [27/100][37/50] Data 0.001 (0.510) Batch 0.220 (0.758) Remain 00:46:15 loss: 0.3755 Lr: 0.00526
[2026-07-21 10:14:01,247 INFO misc.py line 117 10873] Train: [27/100][38/50] Data 0.001 (0.496) Batch 0.238 (0.743) Remain 00:45:20 loss: 0.3899 Lr: 0.00525
[2026-07-21 10:14:01,482 INFO misc.py line 117 10873] Train: [27/100][39/50] Data 0.001 (0.482) Batch 0.235 (0.729) Remain 00:44:27 loss: 0.4989 Lr: 0.00525
[2026-07-21 10:14:01,707 INFO misc.py line 117 10873] Train: [27/100][40/50] Data 0.001 (0.469) Batch 0.224 (0.715) Remain 00:43:37 loss: 0.4358 Lr: 0.00525
[2026-07-21 10:14:01,936 INFO misc.py line 117 10873] Train: [27/100][41/50] Data 0.001 (0.457) Batch 0.229 (0.702) Remain 00:42:49 loss: 0.3470 Lr: 0.00525
[2026-07-21 10:14:02,157 INFO misc.py line 117 10873] Train: [27/100][42/50] Data 0.001 (0.445) Batch 0.221 (0.690) Remain 00:42:03 loss: 0.2764 Lr: 0.00525
[2026-07-21 10:14:02,379 INFO misc.py line 117 10873] Train: [27/100][43/50] Data 0.001 (0.434) Batch 0.222 (0.678) Remain 00:41:20 loss: 0.2968 Lr: 0.00525
[2026-07-21 10:14:02,606 INFO misc.py line 117 10873] Train: [27/100][44/50] Data 0.001 (0.423) Batch 0.227 (0.667) Remain 00:40:39 loss: 0.3603 Lr: 0.00525
[2026-07-21 10:14:02,844 INFO misc.py line 117 10873] Train: [27/100][45/50] Data 0.001 (0.413) Batch 0.239 (0.657) Remain 00:40:01 loss: 0.3696 Lr: 0.00525
[2026-07-21 10:14:03,065 INFO misc.py line 117 10873] Train: [27/100][46/50] Data 0.001 (0.404) Batch 0.220 (0.647) Remain 00:39:23 loss: 0.4001 Lr: 0.00524
[2026-07-21 10:14:03,292 INFO misc.py line 117 10873] Train: [27/100][47/50] Data 0.001 (0.395) Batch 0.227 (0.637) Remain 00:38:48 loss: 0.3799 Lr: 0.00524
[2026-07-21 10:14:03,522 INFO misc.py line 117 10873] Train: [27/100][48/50] Data 0.001 (0.386) Batch 0.230 (0.628) Remain 00:38:14 loss: 0.3759 Lr: 0.00524
[2026-07-21 10:14:03,748 INFO misc.py line 117 10873] Train: [27/100][49/50] Data 0.001 (0.377) Batch 0.226 (0.620) Remain 00:37:41 loss: 0.3423 Lr: 0.00524
[2026-07-21 10:14:03,977 INFO misc.py line 117 10873] Train: [27/100][50/50] Data 0.001 (0.369) Batch 0.229 (0.611) Remain 00:37:10 loss: 0.3684 Lr: 0.00524
[2026-07-21 10:14:03,977 INFO misc.py line 147 10873] Train result: loss: 0.3872 
[2026-07-21 10:14:03,978 INFO evaluator.py line 169 10873] >>>>>>>>>>>>>>>> Start Evaluation (Segmentation) >>>>>>>>>>>>>>>>
[2026-07-21 10:14:12,536 INFO evaluator.py line 228 10873] Test: [1/1] Loss 0.6628 
[2026-07-21 10:14:12,802 INFO evaluator.py line 257 10873] Val result: mIoU/macroF1/mAcc/mPrecision/allAcc 0.6340/0.7428/0.7088/0.8264/0.9305.
[2026-07-21 10:14:12,802 INFO evaluator.py line 266 10873] Class_0-road Metrics: IoU=0.9367, accuracy=0.9616, precision=0.9731, F1=0.9673
[2026-07-21 10:14:12,802 INFO evaluator.py line 266 10873] Class_1-road_marking Metrics: IoU=0.4194, accuracy=0.4551, precision=0.8424, F1=0.5910
[2026-07-21 10:14:12,802 INFO evaluator.py line 266 10873] Class_2-natural Metrics: IoU=0.9155, accuracy=0.9701, precision=0.9421, F1=0.9559
[2026-07-21 10:14:12,802 INFO evaluator.py line 266 10873] Class_3-building Metrics: IoU=0.7969, accuracy=0.9385, precision=0.8408, F1=0.8870
[2026-07-21 10:14:12,802 INFO evaluator.py line 266 10873] Class_4-utility_line Metrics: IoU=0.6354, accuracy=0.6571, precision=0.9506, F1=0.7771
[2026-07-21 10:14:12,802 INFO evaluator.py line 266 10873] Class_5-pole Metrics: IoU=0.5423, accuracy=0.5657, precision=0.9289, F1=0.7032
[2026-07-21 10:14:12,802 INFO evaluator.py line 266 10873] Class_6-car Metrics: IoU=0.6836, accuracy=0.7060, precision=0.9556, F1=0.8121
[2026-07-21 10:14:12,802 INFO evaluator.py line 266 10873] Class_7-fence Metrics: IoU=0.1421, accuracy=0.4161, precision=0.1775, F1=0.2488
[2026-07-21 10:14:12,803 INFO evaluator.py line 321 10873] <<<<<<<<<<<<<<<<< End Evaluation <<<<<<<<<<<<<<<<<
[2026-07-21 10:14:12,804 INFO misc.py line 187 10873] Currently Best mIoU: 0.6715
[2026-07-21 10:14:12,804 INFO misc.py line 196 10873] Saving checkpoint to: exp/toronto3d/spunet-toronto3d/model/model_last.pth
[2026-07-21 10:14:42,359 INFO misc.py line 117 10873] Train: [28/100][1/50] Data 29.035 (29.035) Batch 29.288 (29.288) Remain 29:41:12 loss: 0.3933 Lr: 0.00524
[2026-07-21 10:14:42,620 INFO misc.py line 117 10873] Train: [28/100][2/50] Data 0.012 (0.012) Batch 0.262 (0.262) Remain 00:15:55 loss: 0.3675 Lr: 0.00524
[2026-07-21 10:14:44,376 INFO misc.py line 117 10873] Train: [28/100][3/50] Data 1.515 (1.515) Batch 1.756 (1.756) Remain 01:46:43 loss: 0.3379 Lr: 0.00524
[2026-07-21 10:14:44,628 INFO misc.py line 117 10873] Train: [28/100][4/50] Data 0.003 (0.003) Batch 0.252 (0.252) Remain 00:15:18 loss: 0.3645 Lr: 0.00523
[2026-07-21 10:14:44,864 INFO misc.py line 117 10873] Train: [28/100][5/50] Data 0.004 (0.003) Batch 0.235 (0.244) Remain 00:14:48 loss: 0.3257 Lr: 0.00523
[2026-07-21 10:14:45,112 INFO misc.py line 117 10873] Train: [28/100][6/50] Data 0.004 (0.004) Batch 0.249 (0.245) Remain 00:14:54 loss: 0.3344 Lr: 0.00523
[2026-07-21 10:14:45,354 INFO misc.py line 117 10873] Train: [28/100][7/50] Data 0.003 (0.003) Batch 0.243 (0.245) Remain 00:14:51 loss: 0.3517 Lr: 0.00523
[2026-07-21 10:14:45,593 INFO misc.py line 117 10873] Train: [28/100][8/50] Data 0.003 (0.003) Batch 0.239 (0.244) Remain 00:14:46 loss: 0.2439 Lr: 0.00523
[2026-07-21 10:14:45,848 INFO misc.py line 117 10873] Train: [28/100][9/50] Data 0.003 (0.003) Batch 0.255 (0.245) Remain 00:14:53 loss: 0.4089 Lr: 0.00523
[2026-07-21 10:14:46,119 INFO misc.py line 117 10873] Train: [28/100][10/50] Data 0.002 (0.003) Batch 0.271 (0.249) Remain 00:15:06 loss: 0.4811 Lr: 0.00523
[2026-07-21 10:14:46,372 INFO misc.py line 117 10873] Train: [28/100][11/50] Data 0.003 (0.003) Batch 0.253 (0.249) Remain 00:15:07 loss: 0.3529 Lr: 0.00522
[2026-07-21 10:14:46,626 INFO misc.py line 117 10873] Train: [28/100][12/50] Data 0.003 (0.003) Batch 0.254 (0.250) Remain 00:15:09 loss: 0.3793 Lr: 0.00522
[2026-07-21 10:14:46,888 INFO misc.py line 117 10873] Train: [28/100][13/50] Data 0.004 (0.003) Batch 0.263 (0.251) Remain 00:15:13 loss: 0.4167 Lr: 0.00522
[2026-07-21 10:14:47,154 INFO misc.py line 117 10873] Train: [28/100][14/50] Data 0.003 (0.003) Batch 0.265 (0.253) Remain 00:15:18 loss: 0.4628 Lr: 0.00522
[2026-07-21 10:14:47,423 INFO misc.py line 117 10873] Train: [28/100][15/50] Data 0.003 (0.003) Batch 0.269 (0.254) Remain 00:15:23 loss: 0.3287 Lr: 0.00522
[2026-07-21 10:14:47,713 INFO misc.py line 117 10873] Train: [28/100][16/50] Data 0.002 (0.003) Batch 0.289 (0.257) Remain 00:15:32 loss: 0.5076 Lr: 0.00522
[2026-07-21 10:14:47,973 INFO misc.py line 117 10873] Train: [28/100][17/50] Data 0.004 (0.003) Batch 0.261 (0.257) Remain 00:15:33 loss: 0.3634 Lr: 0.00522
[2026-07-21 10:14:48,217 INFO misc.py line 117 10873] Train: [28/100][18/50] Data 0.003 (0.003) Batch 0.243 (0.256) Remain 00:15:30 loss: 0.3147 Lr: 0.00522
[2026-07-21 10:14:48,475 INFO misc.py line 117 10873] Train: [28/100][19/50] Data 0.003 (0.003) Batch 0.258 (0.256) Remain 00:15:30 loss: 0.3213 Lr: 0.00521
[2026-07-21 10:14:48,727 INFO misc.py line 117 10873] Train: [28/100][20/50] Data 0.003 (0.003) Batch 0.252 (0.256) Remain 00:15:29 loss: 0.2976 Lr: 0.00521
[2026-07-21 10:14:48,986 INFO misc.py line 117 10873] Train: [28/100][21/50] Data 0.003 (0.003) Batch 0.259 (0.256) Remain 00:15:29 loss: 0.3610 Lr: 0.00521
[2026-07-21 10:14:49,225 INFO misc.py line 117 10873] Train: [28/100][22/50] Data 0.003 (0.003) Batch 0.240 (0.255) Remain 00:15:26 loss: 0.5215 Lr: 0.00521
[2026-07-21 10:14:49,457 INFO misc.py line 117 10873] Train: [28/100][23/50] Data 0.003 (0.003) Batch 0.231 (0.254) Remain 00:15:21 loss: 0.3716 Lr: 0.00521
[2026-07-21 10:14:49,704 INFO misc.py line 117 10873] Train: [28/100][24/50] Data 0.002 (0.003) Batch 0.247 (0.254) Remain 00:15:19 loss: 0.4735 Lr: 0.00521
[2026-07-21 10:14:49,946 INFO misc.py line 117 10873] Train: [28/100][25/50] Data 0.003 (0.003) Batch 0.243 (0.253) Remain 00:15:17 loss: 0.3250 Lr: 0.00521
[2026-07-21 10:14:50,228 INFO misc.py line 117 10873] Train: [28/100][26/50] Data 0.002 (0.003) Batch 0.271 (0.254) Remain 00:15:20 loss: 0.3672 Lr: 0.00520
[2026-07-21 10:14:50,528 INFO misc.py line 117 10873] Train: [28/100][27/50] Data 0.012 (0.003) Batch 0.310 (0.256) Remain 00:15:28 loss: 0.4406 Lr: 0.00520
[2026-07-21 10:14:50,772 INFO misc.py line 117 10873] Train: [28/100][28/50] Data 0.003 (0.003) Batch 0.244 (0.256) Remain 00:15:26 loss: 0.3898 Lr: 0.00520
[2026-07-21 10:15:07,046 INFO misc.py line 117 10873] Train: [28/100][29/50] Data 16.043 (0.620) Batch 16.274 (0.872) Remain 00:52:37 loss: 0.3125 Lr: 0.00520
[2026-07-21 10:15:07,299 INFO misc.py line 117 10873] Train: [28/100][30/50] Data 0.002 (0.597) Batch 0.252 (0.849) Remain 00:51:13 loss: 0.3175 Lr: 0.00520
[2026-07-21 10:15:07,794 INFO misc.py line 117 10873] Train: [28/100][31/50] Data 0.244 (0.585) Batch 0.495 (0.836) Remain 00:50:26 loss: 0.3097 Lr: 0.00520
[2026-07-21 10:15:08,038 INFO misc.py line 117 10873] Train: [28/100][32/50] Data 0.003 (0.565) Batch 0.245 (0.816) Remain 00:49:12 loss: 0.4792 Lr: 0.00520
[2026-07-21 10:15:08,277 INFO misc.py line 117 10873] Train: [28/100][33/50] Data 0.002 (0.546) Batch 0.239 (0.797) Remain 00:48:01 loss: 0.5281 Lr: 0.00520
[2026-07-21 10:15:08,516 INFO misc.py line 117 10873] Train: [28/100][34/50] Data 0.002 (0.528) Batch 0.239 (0.779) Remain 00:46:55 loss: 0.4396 Lr: 0.00519
[2026-07-21 10:15:08,753 INFO misc.py line 117 10873] Train: [28/100][35/50] Data 0.001 (0.512) Batch 0.237 (0.762) Remain 00:45:53 loss: 0.4445 Lr: 0.00519
[2026-07-21 10:15:08,995 INFO misc.py line 117 10873] Train: [28/100][36/50] Data 0.001 (0.496) Batch 0.243 (0.746) Remain 00:44:56 loss: 0.5167 Lr: 0.00519
[2026-07-21 10:15:09,224 INFO misc.py line 117 10873] Train: [28/100][37/50] Data 0.001 (0.482) Batch 0.229 (0.731) Remain 00:44:00 loss: 0.3090 Lr: 0.00519
[2026-07-21 10:15:09,451 INFO misc.py line 117 10873] Train: [28/100][38/50] Data 0.001 (0.468) Batch 0.227 (0.716) Remain 00:43:07 loss: 0.2929 Lr: 0.00519
[2026-07-21 10:15:09,688 INFO misc.py line 117 10873] Train: [28/100][39/50] Data 0.001 (0.455) Batch 0.238 (0.703) Remain 00:42:19 loss: 0.3048 Lr: 0.00519
[2026-07-21 10:15:09,919 INFO misc.py line 117 10873] Train: [28/100][40/50] Data 0.001 (0.443) Batch 0.231 (0.690) Remain 00:41:32 loss: 0.3607 Lr: 0.00519
[2026-07-21 10:15:10,149 INFO misc.py line 117 10873] Train: [28/100][41/50] Data 0.001 (0.431) Batch 0.230 (0.678) Remain 00:40:47 loss: 0.4232 Lr: 0.00518
[2026-07-21 10:15:10,359 INFO misc.py line 117 10873] Train: [28/100][42/50] Data 0.001 (0.420) Batch 0.210 (0.666) Remain 00:40:03 loss: 0.2800 Lr: 0.00518
[2026-07-21 10:15:10,596 INFO misc.py line 117 10873] Train: [28/100][43/50] Data 0.001 (0.410) Batch 0.237 (0.656) Remain 00:39:24 loss: 0.4038 Lr: 0.00518
[2026-07-21 10:15:10,831 INFO misc.py line 117 10873] Train: [28/100][44/50] Data 0.001 (0.400) Batch 0.235 (0.645) Remain 00:38:46 loss: 0.4111 Lr: 0.00518
[2026-07-21 10:15:11,046 INFO misc.py line 117 10873] Train: [28/100][45/50] Data 0.001 (0.390) Batch 0.214 (0.635) Remain 00:38:09 loss: 0.3869 Lr: 0.00518
[2026-07-21 10:15:11,289 INFO misc.py line 117 10873] Train: [28/100][46/50] Data 0.001 (0.381) Batch 0.243 (0.626) Remain 00:37:35 loss: 0.4110 Lr: 0.00518
[2026-07-21 10:15:11,502 INFO misc.py line 117 10873] Train: [28/100][47/50] Data 0.001 (0.373) Batch 0.213 (0.617) Remain 00:37:01 loss: 0.3089 Lr: 0.00518
[2026-07-21 10:15:11,747 INFO misc.py line 117 10873] Train: [28/100][48/50] Data 0.001 (0.364) Batch 0.244 (0.608) Remain 00:36:30 loss: 0.4947 Lr: 0.00517
[2026-07-21 10:15:11,978 INFO misc.py line 117 10873] Train: [28/100][49/50] Data 0.001 (0.356) Batch 0.231 (0.600) Remain 00:36:00 loss: 0.3120 Lr: 0.00517
[2026-07-21 10:15:12,195 INFO misc.py line 117 10873] Train: [28/100][50/50] Data 0.001 (0.349) Batch 0.217 (0.592) Remain 00:35:30 loss: 0.3899 Lr: 0.00517
[2026-07-21 10:15:12,196 INFO misc.py line 147 10873] Train result: loss: 0.3808 
[2026-07-21 10:15:12,196 INFO evaluator.py line 169 10873] >>>>>>>>>>>>>>>> Start Evaluation (Segmentation) >>>>>>>>>>>>>>>>
[2026-07-21 10:15:20,736 INFO evaluator.py line 228 10873] Test: [1/1] Loss 0.5847 
[2026-07-21 10:15:20,997 INFO evaluator.py line 257 10873] Val result: mIoU/macroF1/mAcc/mPrecision/allAcc 0.6949/0.7989/0.7555/0.8625/0.9382.
[2026-07-21 10:15:20,997 INFO evaluator.py line 266 10873] Class_0-road Metrics: IoU=0.9286, accuracy=0.9556, precision=0.9705, F1=0.9630
[2026-07-21 10:15:20,997 INFO evaluator.py line 266 10873] Class_1-road_marking Metrics: IoU=0.4858, accuracy=0.5594, precision=0.7867, F1=0.6539
[2026-07-21 10:15:20,997 INFO evaluator.py line 266 10873] Class_2-natural Metrics: IoU=0.9306, accuracy=0.9603, precision=0.9678, F1=0.9640
[2026-07-21 10:15:20,997 INFO evaluator.py line 266 10873] Class_3-building Metrics: IoU=0.7881, accuracy=0.9615, precision=0.8138, F1=0.8815
[2026-07-21 10:15:20,998 INFO evaluator.py line 266 10873] Class_4-utility_line Metrics: IoU=0.7135, accuracy=0.7311, precision=0.9674, F1=0.8328
[2026-07-21 10:15:20,998 INFO evaluator.py line 266 10873] Class_5-pole Metrics: IoU=0.6232, accuracy=0.6654, precision=0.9075, F1=0.7679
[2026-07-21 10:15:20,998 INFO evaluator.py line 266 10873] Class_6-car Metrics: IoU=0.8157, accuracy=0.8527, precision=0.9495, F1=0.8985
[2026-07-21 10:15:20,998 INFO evaluator.py line 266 10873] Class_7-fence Metrics: IoU=0.2733, accuracy=0.3576, precision=0.5371, F1=0.4293
[2026-07-21 10:15:20,998 INFO evaluator.py line 321 10873] <<<<<<<<<<<<<<<<< End Evaluation <<<<<<<<<<<<<<<<<
[2026-07-21 10:15:20,999 INFO misc.py line 182 10873] Best validation mIoU updated to: 0.6949
[2026-07-21 10:15:20,999 INFO misc.py line 187 10873] Currently Best mIoU: 0.6949
[2026-07-21 10:15:20,999 INFO misc.py line 196 10873] Saving checkpoint to: exp/toronto3d/spunet-toronto3d/model/model_last.pth
[2026-07-21 10:15:51,564 INFO misc.py line 117 10873] Train: [29/100][1/50] Data 27.390 (27.390) Batch 27.684 (27.684) Remain 27:40:35 loss: 0.4182 Lr: 0.00517
[2026-07-21 10:15:53,385 INFO misc.py line 117 10873] Train: [29/100][2/50] Data 1.526 (1.526) Batch 1.822 (1.822) Remain 01:49:15 loss: 0.3321 Lr: 0.00517
[2026-07-21 10:15:53,723 INFO misc.py line 117 10873] Train: [29/100][3/50] Data 0.024 (0.024) Batch 0.338 (0.338) Remain 00:20:14 loss: 0.4391 Lr: 0.00517
[2026-07-21 10:15:53,969 INFO misc.py line 117 10873] Train: [29/100][4/50] Data 0.003 (0.003) Batch 0.246 (0.246) Remain 00:14:44 loss: 0.3218 Lr: 0.00517
[2026-07-21 10:15:54,259 INFO misc.py line 117 10873] Train: [29/100][5/50] Data 0.005 (0.004) Batch 0.291 (0.268) Remain 00:16:04 loss: 0.4277 Lr: 0.00517
[2026-07-21 10:15:54,522 INFO misc.py line 117 10873] Train: [29/100][6/50] Data 0.003 (0.004) Batch 0.263 (0.267) Remain 00:15:58 loss: 0.3956 Lr: 0.00516
[2026-07-21 10:15:54,796 INFO misc.py line 117 10873] Train: [29/100][7/50] Data 0.003 (0.003) Batch 0.274 (0.268) Remain 00:16:04 loss: 0.3707 Lr: 0.00516
[2026-07-21 10:15:55,025 INFO misc.py line 117 10873] Train: [29/100][8/50] Data 0.003 (0.003) Batch 0.229 (0.261) Remain 00:15:36 loss: 0.3400 Lr: 0.00516
[2026-07-21 10:15:55,273 INFO misc.py line 117 10873] Train: [29/100][9/50] Data 0.003 (0.003) Batch 0.248 (0.259) Remain 00:15:28 loss: 0.2213 Lr: 0.00516
[2026-07-21 10:15:55,504 INFO misc.py line 117 10873] Train: [29/100][10/50] Data 0.002 (0.003) Batch 0.230 (0.254) Remain 00:15:13 loss: 0.3868 Lr: 0.00516
[2026-07-21 10:15:55,770 INFO misc.py line 117 10873] Train: [29/100][11/50] Data 0.002 (0.003) Batch 0.266 (0.256) Remain 00:15:18 loss: 0.3671 Lr: 0.00516
[2026-07-21 10:15:56,037 INFO misc.py line 117 10873] Train: [29/100][12/50] Data 0.003 (0.003) Batch 0.268 (0.257) Remain 00:15:22 loss: 0.3277 Lr: 0.00516
[2026-07-21 10:15:56,287 INFO misc.py line 117 10873] Train: [29/100][13/50] Data 0.003 (0.003) Batch 0.250 (0.256) Remain 00:15:19 loss: 0.4609 Lr: 0.00515
[2026-07-21 10:15:56,523 INFO misc.py line 117 10873] Train: [29/100][14/50] Data 0.002 (0.003) Batch 0.236 (0.255) Remain 00:15:12 loss: 0.3980 Lr: 0.00515
[2026-07-21 10:15:56,752 INFO misc.py line 117 10873] Train: [29/100][15/50] Data 0.002 (0.003) Batch 0.230 (0.253) Remain 00:15:05 loss: 0.3458 Lr: 0.00515
[2026-07-21 10:15:56,996 INFO misc.py line 117 10873] Train: [29/100][16/50] Data 0.002 (0.003) Batch 0.244 (0.252) Remain 00:15:02 loss: 0.4433 Lr: 0.00515
[2026-07-21 10:15:57,247 INFO misc.py line 117 10873] Train: [29/100][17/50] Data 0.003 (0.003) Batch 0.251 (0.252) Remain 00:15:02 loss: 0.3578 Lr: 0.00515
[2026-07-21 10:15:57,489 INFO misc.py line 117 10873] Train: [29/100][18/50] Data 0.002 (0.003) Batch 0.243 (0.251) Remain 00:14:59 loss: 0.3753 Lr: 0.00515
[2026-07-21 10:15:57,731 INFO misc.py line 117 10873] Train: [29/100][19/50] Data 0.003 (0.003) Batch 0.242 (0.251) Remain 00:14:57 loss: 0.3216 Lr: 0.00515
[2026-07-21 10:15:58,001 INFO misc.py line 117 10873] Train: [29/100][20/50] Data 0.002 (0.003) Batch 0.269 (0.252) Remain 00:15:00 loss: 0.4233 Lr: 0.00514
[2026-07-21 10:15:58,320 INFO misc.py line 117 10873] Train: [29/100][21/50] Data 0.002 (0.003) Batch 0.320 (0.255) Remain 00:15:14 loss: 0.3531 Lr: 0.00514
[2026-07-21 10:15:58,614 INFO misc.py line 117 10873] Train: [29/100][22/50] Data 0.002 (0.003) Batch 0.294 (0.257) Remain 00:15:21 loss: 0.4310 Lr: 0.00514
[2026-07-21 10:15:58,855 INFO misc.py line 117 10873] Train: [29/100][23/50] Data 0.002 (0.003) Batch 0.241 (0.257) Remain 00:15:18 loss: 0.3742 Lr: 0.00514
[2026-07-21 10:15:59,113 INFO misc.py line 117 10873] Train: [29/100][24/50] Data 0.002 (0.003) Batch 0.257 (0.257) Remain 00:15:17 loss: 0.2865 Lr: 0.00514
[2026-07-21 10:15:59,373 INFO misc.py line 117 10873] Train: [29/100][25/50] Data 0.003 (0.003) Batch 0.261 (0.257) Remain 00:15:18 loss: 0.2808 Lr: 0.00514
[2026-07-21 10:15:59,619 INFO misc.py line 117 10873] Train: [29/100][26/50] Data 0.003 (0.003) Batch 0.245 (0.256) Remain 00:15:16 loss: 0.3630 Lr: 0.00514
[2026-07-21 10:15:59,878 INFO misc.py line 117 10873] Train: [29/100][27/50] Data 0.004 (0.003) Batch 0.260 (0.256) Remain 00:15:16 loss: 0.3065 Lr: 0.00513
[2026-07-21 10:16:00,117 INFO misc.py line 117 10873] Train: [29/100][28/50] Data 0.002 (0.003) Batch 0.239 (0.256) Remain 00:15:13 loss: 0.3098 Lr: 0.00513
[2026-07-21 10:16:17,704 INFO misc.py line 117 10873] Train: [29/100][29/50] Data 17.359 (0.670) Batch 17.588 (0.922) Remain 00:54:53 loss: 0.4774 Lr: 0.00513
[2026-07-21 10:16:17,934 INFO misc.py line 117 10873] Train: [29/100][30/50] Data 0.002 (0.645) Batch 0.231 (0.897) Remain 00:53:21 loss: 0.2772 Lr: 0.00513
[2026-07-21 10:16:18,166 INFO misc.py line 117 10873] Train: [29/100][31/50] Data 0.002 (0.622) Batch 0.232 (0.873) Remain 00:51:55 loss: 0.3587 Lr: 0.00513
[2026-07-21 10:16:18,391 INFO misc.py line 117 10873] Train: [29/100][32/50] Data 0.001 (0.601) Batch 0.225 (0.851) Remain 00:50:35 loss: 0.2979 Lr: 0.00513
[2026-07-21 10:16:18,628 INFO misc.py line 117 10873] Train: [29/100][33/50] Data 0.001 (0.581) Batch 0.237 (0.830) Remain 00:49:21 loss: 0.3509 Lr: 0.00513
[2026-07-21 10:16:18,852 INFO misc.py line 117 10873] Train: [29/100][34/50] Data 0.001 (0.562) Batch 0.224 (0.811) Remain 00:48:10 loss: 0.3294 Lr: 0.00512
[2026-07-21 10:16:19,072 INFO misc.py line 117 10873] Train: [29/100][35/50] Data 0.001 (0.545) Batch 0.220 (0.792) Remain 00:47:04 loss: 0.3255 Lr: 0.00512
[2026-07-21 10:16:19,310 INFO misc.py line 117 10873] Train: [29/100][36/50] Data 0.001 (0.528) Batch 0.239 (0.775) Remain 00:46:03 loss: 0.2880 Lr: 0.00512
[2026-07-21 10:16:19,539 INFO misc.py line 117 10873] Train: [29/100][37/50] Data 0.001 (0.513) Batch 0.229 (0.759) Remain 00:45:05 loss: 0.2843 Lr: 0.00512
[2026-07-21 10:16:19,765 INFO misc.py line 117 10873] Train: [29/100][38/50] Data 0.001 (0.498) Batch 0.226 (0.744) Remain 00:44:10 loss: 0.2550 Lr: 0.00512
[2026-07-21 10:16:19,996 INFO misc.py line 117 10873] Train: [29/100][39/50] Data 0.001 (0.484) Batch 0.231 (0.730) Remain 00:43:18 loss: 0.4063 Lr: 0.00512
[2026-07-21 10:16:20,247 INFO misc.py line 117 10873] Train: [29/100][40/50] Data 0.002 (0.471) Batch 0.250 (0.717) Remain 00:42:32 loss: 0.4260 Lr: 0.00512
[2026-07-21 10:16:20,472 INFO misc.py line 117 10873] Train: [29/100][41/50] Data 0.002 (0.459) Batch 0.225 (0.704) Remain 00:41:45 loss: 0.3728 Lr: 0.00512
[2026-07-21 10:16:20,713 INFO misc.py line 117 10873] Train: [29/100][42/50] Data 0.001 (0.447) Batch 0.241 (0.692) Remain 00:41:02 loss: 0.3874 Lr: 0.00511
[2026-07-21 10:16:20,942 INFO misc.py line 117 10873] Train: [29/100][43/50] Data 0.001 (0.436) Batch 0.229 (0.681) Remain 00:40:20 loss: 0.3329 Lr: 0.00511
[2026-07-21 10:16:21,164 INFO misc.py line 117 10873] Train: [29/100][44/50] Data 0.001 (0.426) Batch 0.222 (0.669) Remain 00:39:40 loss: 0.2906 Lr: 0.00511
[2026-07-21 10:16:21,386 INFO misc.py line 117 10873] Train: [29/100][45/50] Data 0.001 (0.415) Batch 0.222 (0.659) Remain 00:39:01 loss: 0.3470 Lr: 0.00511
[2026-07-21 10:16:21,626 INFO misc.py line 117 10873] Train: [29/100][46/50] Data 0.001 (0.406) Batch 0.239 (0.649) Remain 00:38:26 loss: 0.3508 Lr: 0.00511
[2026-07-21 10:16:21,840 INFO misc.py line 117 10873] Train: [29/100][47/50] Data 0.001 (0.397) Batch 0.215 (0.639) Remain 00:37:50 loss: 0.3592 Lr: 0.00511
[2026-07-21 10:16:22,070 INFO misc.py line 117 10873] Train: [29/100][48/50] Data 0.001 (0.388) Batch 0.230 (0.630) Remain 00:37:17 loss: 0.4522 Lr: 0.00511
[2026-07-21 10:16:22,308 INFO misc.py line 117 10873] Train: [29/100][49/50] Data 0.001 (0.379) Batch 0.238 (0.621) Remain 00:36:46 loss: 0.3466 Lr: 0.00510
[2026-07-21 10:16:22,530 INFO misc.py line 117 10873] Train: [29/100][50/50] Data 0.001 (0.371) Batch 0.222 (0.613) Remain 00:36:15 loss: 0.3657 Lr: 0.00510
[2026-07-21 10:16:22,531 INFO misc.py line 147 10873] Train result: loss: 0.3572 
[2026-07-21 10:16:22,531 INFO evaluator.py line 169 10873] >>>>>>>>>>>>>>>> Start Evaluation (Segmentation) >>>>>>>>>>>>>>>>
[2026-07-21 10:16:31,093 INFO evaluator.py line 228 10873] Test: [1/1] Loss 0.6246 
[2026-07-21 10:16:31,346 INFO evaluator.py line 257 10873] Val result: mIoU/macroF1/mAcc/mPrecision/allAcc 0.6444/0.7351/0.7308/0.7884/0.9349.
[2026-07-21 10:16:31,346 INFO evaluator.py line 266 10873] Class_0-road Metrics: IoU=0.9375, accuracy=0.9639, precision=0.9717, F1=0.9678
[2026-07-21 10:16:31,346 INFO evaluator.py line 266 10873] Class_1-road_marking Metrics: IoU=0.3655, accuracy=0.5238, precision=0.5475, F1=0.5354
[2026-07-21 10:16:31,346 INFO evaluator.py line 266 10873] Class_2-natural Metrics: IoU=0.9435, accuracy=0.9778, precision=0.9642, F1=0.9709
[2026-07-21 10:16:31,346 INFO evaluator.py line 266 10873] Class_3-building Metrics: IoU=0.7876, accuracy=0.8859, precision=0.8765, F1=0.8812
[2026-07-21 10:16:31,346 INFO evaluator.py line 266 10873] Class_4-utility_line Metrics: IoU=0.7833, accuracy=0.8086, precision=0.9616, F1=0.8785
[2026-07-21 10:16:31,346 INFO evaluator.py line 266 10873] Class_5-pole Metrics: IoU=0.3830, accuracy=0.3951, precision=0.9261, F1=0.5539
[2026-07-21 10:16:31,346 INFO evaluator.py line 266 10873] Class_6-car Metrics: IoU=0.8644, accuracy=0.9018, precision=0.9542, F1=0.9273
[2026-07-21 10:16:31,347 INFO evaluator.py line 266 10873] Class_7-fence Metrics: IoU=0.0904, accuracy=0.3899, precision=0.1053, F1=0.1658
[2026-07-21 10:16:31,347 INFO evaluator.py line 321 10873] <<<<<<<<<<<<<<<<< End Evaluation <<<<<<<<<<<<<<<<<
[2026-07-21 10:16:31,348 INFO misc.py line 187 10873] Currently Best mIoU: 0.6949
[2026-07-21 10:16:31,348 INFO misc.py line 196 10873] Saving checkpoint to: exp/toronto3d/spunet-toronto3d/model/model_last.pth
[2026-07-21 10:16:57,795 INFO misc.py line 117 10873] Train: [30/100][1/50] Data 25.862 (25.862) Batch 26.177 (26.177) Remain 25:48:23 loss: 0.4506 Lr: 0.00510
[2026-07-21 10:16:58,075 INFO misc.py line 117 10873] Train: [30/100][2/50] Data 0.015 (0.015) Batch 0.279 (0.279) Remain 00:16:29 loss: 0.2691 Lr: 0.00510
[2026-07-21 10:16:59,605 INFO misc.py line 117 10873] Train: [30/100][3/50] Data 1.232 (1.232) Batch 1.531 (1.531) Remain 01:30:29 loss: 0.3052 Lr: 0.00510
[2026-07-21 10:16:59,882 INFO misc.py line 117 10873] Train: [30/100][4/50] Data 0.003 (0.003) Batch 0.278 (0.278) Remain 00:16:24 loss: 0.2618 Lr: 0.00510
[2026-07-21 10:17:01,706 INFO misc.py line 117 10873] Train: [30/100][5/50] Data 1.527 (0.765) Batch 1.824 (1.051) Remain 01:02:05 loss: 0.3304 Lr: 0.00510
[2026-07-21 10:17:02,000 INFO misc.py line 117 10873] Train: [30/100][6/50] Data 0.002 (0.511) Batch 0.294 (0.799) Remain 00:47:09 loss: 0.3838 Lr: 0.00509
[2026-07-21 10:17:02,273 INFO misc.py line 117 10873] Train: [30/100][7/50] Data 0.003 (0.384) Batch 0.273 (0.667) Remain 00:39:23 loss: 0.3524 Lr: 0.00509
[2026-07-21 10:17:02,523 INFO misc.py line 117 10873] Train: [30/100][8/50] Data 0.003 (0.307) Batch 0.249 (0.584) Remain 00:34:27 loss: 0.5266 Lr: 0.00509
[2026-07-21 10:17:02,764 INFO misc.py line 117 10873] Train: [30/100][9/50] Data 0.003 (0.257) Batch 0.241 (0.526) Remain 00:31:04 loss: 0.3207 Lr: 0.00509
[2026-07-21 10:17:03,028 INFO misc.py line 117 10873] Train: [30/100][10/50] Data 0.004 (0.220) Batch 0.264 (0.489) Remain 00:28:50 loss: 0.3909 Lr: 0.00509
[2026-07-21 10:17:03,272 INFO misc.py line 117 10873] Train: [30/100][11/50] Data 0.004 (0.193) Batch 0.245 (0.458) Remain 00:27:02 loss: 0.3222 Lr: 0.00509
[2026-07-21 10:17:03,517 INFO misc.py line 117 10873] Train: [30/100][12/50] Data 0.002 (0.172) Batch 0.245 (0.435) Remain 00:25:37 loss: 0.4215 Lr: 0.00509
[2026-07-21 10:17:03,777 INFO misc.py line 117 10873] Train: [30/100][13/50] Data 0.002 (0.155) Batch 0.260 (0.417) Remain 00:24:35 loss: 0.3739 Lr: 0.00508
[2026-07-21 10:17:04,076 INFO misc.py line 117 10873] Train: [30/100][14/50] Data 0.012 (0.142) Batch 0.297 (0.406) Remain 00:23:56 loss: 0.3072 Lr: 0.00508
[2026-07-21 10:17:04,347 INFO misc.py line 117 10873] Train: [30/100][15/50] Data 0.004 (0.131) Batch 0.272 (0.395) Remain 00:23:16 loss: 0.4154 Lr: 0.00508
[2026-07-21 10:17:04,621 INFO misc.py line 117 10873] Train: [30/100][16/50] Data 0.003 (0.121) Batch 0.275 (0.386) Remain 00:22:43 loss: 0.3464 Lr: 0.00508
[2026-07-21 10:17:04,866 INFO misc.py line 117 10873] Train: [30/100][17/50] Data 0.003 (0.112) Batch 0.245 (0.376) Remain 00:22:07 loss: 0.3592 Lr: 0.00508
[2026-07-21 10:17:05,109 INFO misc.py line 117 10873] Train: [30/100][18/50] Data 0.002 (0.105) Batch 0.243 (0.367) Remain 00:21:35 loss: 0.3955 Lr: 0.00508
[2026-07-21 10:17:05,365 INFO misc.py line 117 10873] Train: [30/100][19/50] Data 0.003 (0.099) Batch 0.256 (0.360) Remain 00:21:11 loss: 0.3749 Lr: 0.00508
[2026-07-21 10:17:05,643 INFO misc.py line 117 10873] Train: [30/100][20/50] Data 0.002 (0.093) Batch 0.279 (0.355) Remain 00:20:53 loss: 0.3642 Lr: 0.00507
[2026-07-21 10:17:05,928 INFO misc.py line 117 10873] Train: [30/100][21/50] Data 0.003 (0.088) Batch 0.274 (0.351) Remain 00:20:37 loss: 0.3873 Lr: 0.00507
[2026-07-21 10:17:06,198 INFO misc.py line 117 10873] Train: [30/100][22/50] Data 0.012 (0.084) Batch 0.279 (0.347) Remain 00:20:24 loss: 0.4157 Lr: 0.00507
[2026-07-21 10:17:06,438 INFO misc.py line 117 10873] Train: [30/100][23/50] Data 0.005 (0.080) Batch 0.241 (0.342) Remain 00:20:05 loss: 0.3323 Lr: 0.00507
[2026-07-21 10:17:06,681 INFO misc.py line 117 10873] Train: [30/100][24/50] Data 0.003 (0.076) Batch 0.243 (0.337) Remain 00:19:48 loss: 0.5524 Lr: 0.00507
[2026-07-21 10:17:06,916 INFO misc.py line 117 10873] Train: [30/100][25/50] Data 0.002 (0.073) Batch 0.235 (0.332) Remain 00:19:31 loss: 0.3251 Lr: 0.00507
[2026-07-21 10:17:07,167 INFO misc.py line 117 10873] Train: [30/100][26/50] Data 0.002 (0.070) Batch 0.251 (0.329) Remain 00:19:18 loss: 0.3641 Lr: 0.00507
[2026-07-21 10:17:07,415 INFO misc.py line 117 10873] Train: [30/100][27/50] Data 0.003 (0.067) Batch 0.248 (0.325) Remain 00:19:06 loss: 0.3445 Lr: 0.00506
[2026-07-21 10:17:07,658 INFO misc.py line 117 10873] Train: [30/100][28/50] Data 0.003 (0.065) Batch 0.243 (0.322) Remain 00:18:54 loss: 0.3462 Lr: 0.00506
[2026-07-21 10:17:20,723 INFO misc.py line 117 10873] Train: [30/100][29/50] Data 12.834 (0.556) Batch 13.065 (0.812) Remain 00:47:39 loss: 0.3903 Lr: 0.00506
[2026-07-21 10:17:21,396 INFO misc.py line 117 10873] Train: [30/100][30/50] Data 0.410 (0.550) Batch 0.672 (0.807) Remain 00:47:20 loss: 0.3218 Lr: 0.00506
[2026-07-21 10:17:23,071 INFO misc.py line 117 10873] Train: [30/100][31/50] Data 1.436 (0.582) Batch 1.676 (0.838) Remain 00:49:09 loss: 0.4227 Lr: 0.00506
[2026-07-21 10:17:27,897 INFO misc.py line 117 10873] Train: [30/100][32/50] Data 4.610 (0.721) Batch 4.826 (0.976) Remain 00:57:12 loss: 0.3416 Lr: 0.00506
[2026-07-21 10:17:28,136 INFO misc.py line 117 10873] Train: [30/100][33/50] Data 0.002 (0.697) Batch 0.239 (0.951) Remain 00:55:44 loss: 0.3701 Lr: 0.00506
[2026-07-21 10:17:28,349 INFO misc.py line 117 10873] Train: [30/100][34/50] Data 0.001 (0.674) Batch 0.214 (0.927) Remain 00:54:20 loss: 0.2939 Lr: 0.00505
[2026-07-21 10:17:28,570 INFO misc.py line 117 10873] Train: [30/100][35/50] Data 0.001 (0.653) Batch 0.221 (0.905) Remain 00:53:01 loss: 0.3505 Lr: 0.00505
[2026-07-21 10:17:28,800 INFO misc.py line 117 10873] Train: [30/100][36/50] Data 0.002 (0.634) Batch 0.230 (0.885) Remain 00:51:48 loss: 0.2859 Lr: 0.00505
[2026-07-21 10:17:29,020 INFO misc.py line 117 10873] Train: [30/100][37/50] Data 0.002 (0.615) Batch 0.221 (0.865) Remain 00:50:39 loss: 0.2908 Lr: 0.00505
[2026-07-21 10:17:29,254 INFO misc.py line 117 10873] Train: [30/100][38/50] Data 0.001 (0.598) Batch 0.234 (0.847) Remain 00:49:35 loss: 0.3789 Lr: 0.00505
[2026-07-21 10:17:29,473 INFO misc.py line 117 10873] Train: [30/100][39/50] Data 0.001 (0.581) Batch 0.219 (0.830) Remain 00:48:33 loss: 0.2477 Lr: 0.00505
[2026-07-21 10:17:29,684 INFO misc.py line 117 10873] Train: [30/100][40/50] Data 0.001 (0.565) Batch 0.211 (0.813) Remain 00:47:33 loss: 0.3679 Lr: 0.00505
[2026-07-21 10:17:29,906 INFO misc.py line 117 10873] Train: [30/100][41/50] Data 0.001 (0.550) Batch 0.222 (0.797) Remain 00:46:38 loss: 0.3140 Lr: 0.00504
[2026-07-21 10:17:30,128 INFO misc.py line 117 10873] Train: [30/100][42/50] Data 0.001 (0.536) Batch 0.221 (0.783) Remain 00:45:45 loss: 0.2193 Lr: 0.00504
[2026-07-21 10:17:30,346 INFO misc.py line 117 10873] Train: [30/100][43/50] Data 0.002 (0.523) Batch 0.218 (0.769) Remain 00:44:55 loss: 0.3185 Lr: 0.00504
[2026-07-21 10:17:30,574 INFO misc.py line 117 10873] Train: [30/100][44/50] Data 0.002 (0.510) Batch 0.228 (0.755) Remain 00:44:08 loss: 0.3525 Lr: 0.00504
[2026-07-21 10:17:30,807 INFO misc.py line 117 10873] Train: [30/100][45/50] Data 0.001 (0.498) Batch 0.233 (0.743) Remain 00:43:23 loss: 0.3924 Lr: 0.00504
[2026-07-21 10:17:31,021 INFO misc.py line 117 10873] Train: [30/100][46/50] Data 0.001 (0.487) Batch 0.213 (0.731) Remain 00:42:40 loss: 0.2861 Lr: 0.00504
[2026-07-21 10:17:31,254 INFO misc.py line 117 10873] Train: [30/100][47/50] Data 0.001 (0.476) Batch 0.233 (0.719) Remain 00:41:59 loss: 0.3450 Lr: 0.00503
[2026-07-21 10:17:31,479 INFO misc.py line 117 10873] Train: [30/100][48/50] Data 0.001 (0.465) Batch 0.225 (0.708) Remain 00:41:20 loss: 0.3690 Lr: 0.00503
[2026-07-21 10:17:31,722 INFO misc.py line 117 10873] Train: [30/100][49/50] Data 0.001 (0.455) Batch 0.243 (0.698) Remain 00:40:44 loss: 0.3796 Lr: 0.00503
[2026-07-21 10:17:31,951 INFO misc.py line 117 10873] Train: [30/100][50/50] Data 0.001 (0.445) Batch 0.229 (0.688) Remain 00:40:08 loss: 0.2933 Lr: 0.00503
[2026-07-21 10:17:31,951 INFO misc.py line 147 10873] Train result: loss: 0.3534 
[2026-07-21 10:17:31,952 INFO evaluator.py line 169 10873] >>>>>>>>>>>>>>>> Start Evaluation (Segmentation) >>>>>>>>>>>>>>>>
[2026-07-21 10:17:40,555 INFO evaluator.py line 228 10873] Test: [1/1] Loss 0.5410 
[2026-07-21 10:17:40,822 INFO evaluator.py line 257 10873] Val result: mIoU/macroF1/mAcc/mPrecision/allAcc 0.6867/0.7762/0.7998/0.7915/0.9410.
[2026-07-21 10:17:40,823 INFO evaluator.py line 266 10873] Class_0-road Metrics: IoU=0.9417, accuracy=0.9693, precision=0.9706, F1=0.9700
[2026-07-21 10:17:40,823 INFO evaluator.py line 266 10873] Class_1-road_marking Metrics: IoU=0.4309, accuracy=0.6965, precision=0.5304, F1=0.6022
[2026-07-21 10:17:40,823 INFO evaluator.py line 266 10873] Class_2-natural Metrics: IoU=0.9481, accuracy=0.9720, precision=0.9748, F1=0.9734
[2026-07-21 10:17:40,823 INFO evaluator.py line 266 10873] Class_3-building Metrics: IoU=0.8053, accuracy=0.8680, precision=0.9176, F1=0.8921
[2026-07-21 10:17:40,823 INFO evaluator.py line 266 10873] Class_4-utility_line Metrics: IoU=0.7202, accuracy=0.7348, precision=0.9730, F1=0.8373
[2026-07-21 10:17:40,823 INFO evaluator.py line 266 10873] Class_5-pole Metrics: IoU=0.6445, accuracy=0.7053, precision=0.8820, F1=0.7838
[2026-07-21 10:17:40,823 INFO evaluator.py line 266 10873] Class_6-car Metrics: IoU=0.8845, accuracy=0.9271, precision=0.9506, F1=0.9387
[2026-07-21 10:17:40,823 INFO evaluator.py line 266 10873] Class_7-fence Metrics: IoU=0.1187, accuracy=0.5252, precision=0.1330, F1=0.2122
[2026-07-21 10:17:40,824 INFO evaluator.py line 321 10873] <<<<<<<<<<<<<<<<< End Evaluation <<<<<<<<<<<<<<<<<
[2026-07-21 10:17:40,824 INFO misc.py line 187 10873] Currently Best mIoU: 0.6949
[2026-07-21 10:17:40,825 INFO misc.py line 196 10873] Saving checkpoint to: exp/toronto3d/spunet-toronto3d/model/model_last.pth
[2026-07-21 10:18:09,339 INFO misc.py line 117 10873] Train: [31/100][1/50] Data 27.978 (27.978) Batch 28.239 (28.239) Remain 27:26:47 loss: 0.3411 Lr: 0.00503
[2026-07-21 10:18:09,625 INFO misc.py line 117 10873] Train: [31/100][2/50] Data 0.012 (0.012) Batch 0.297 (0.297) Remain 00:17:17 loss: 0.3758 Lr: 0.00503
[2026-07-21 10:18:09,879 INFO misc.py line 117 10873] Train: [31/100][3/50] Data 0.003 (0.003) Batch 0.254 (0.254) Remain 00:14:48 loss: 0.3450 Lr: 0.00503
[2026-07-21 10:18:10,157 INFO misc.py line 117 10873] Train: [31/100][4/50] Data 0.003 (0.003) Batch 0.278 (0.278) Remain 00:16:10 loss: 0.2789 Lr: 0.00502
[2026-07-21 10:18:10,433 INFO misc.py line 117 10873] Train: [31/100][5/50] Data 0.023 (0.013) Batch 0.275 (0.276) Remain 00:16:05 loss: 0.3861 Lr: 0.00502
[2026-07-21 10:18:10,681 INFO misc.py line 117 10873] Train: [31/100][6/50] Data 0.005 (0.010) Batch 0.249 (0.267) Remain 00:15:34 loss: 0.3507 Lr: 0.00502
[2026-07-21 10:18:13,994 INFO misc.py line 117 10873] Train: [31/100][7/50] Data 3.040 (0.768) Batch 3.312 (1.029) Remain 00:59:52 loss: 0.2647 Lr: 0.00502
[2026-07-21 10:18:14,266 INFO misc.py line 117 10873] Train: [31/100][8/50] Data 0.006 (0.615) Batch 0.272 (0.877) Remain 00:51:03 loss: 0.2736 Lr: 0.00502
[2026-07-21 10:18:14,529 INFO misc.py line 117 10873] Train: [31/100][9/50] Data 0.003 (0.513) Batch 0.263 (0.775) Remain 00:45:05 loss: 0.2904 Lr: 0.00502
[2026-07-21 10:18:14,772 INFO misc.py line 117 10873] Train: [31/100][10/50] Data 0.002 (0.440) Batch 0.243 (0.699) Remain 00:40:39 loss: 0.4714 Lr: 0.00502
[2026-07-21 10:18:15,025 INFO misc.py line 117 10873] Train: [31/100][11/50] Data 0.003 (0.386) Batch 0.253 (0.643) Remain 00:37:24 loss: 0.3753 Lr: 0.00501
[2026-07-21 10:18:15,260 INFO misc.py line 117 10873] Train: [31/100][12/50] Data 0.003 (0.343) Batch 0.235 (0.598) Remain 00:34:45 loss: 0.3111 Lr: 0.00501
[2026-07-21 10:18:15,523 INFO misc.py line 117 10873] Train: [31/100][13/50] Data 0.002 (0.309) Batch 0.263 (0.564) Remain 00:32:47 loss: 0.4888 Lr: 0.00501
[2026-07-21 10:18:15,760 INFO misc.py line 117 10873] Train: [31/100][14/50] Data 0.003 (0.281) Batch 0.238 (0.535) Remain 00:31:03 loss: 0.3230 Lr: 0.00501
[2026-07-21 10:18:15,991 INFO misc.py line 117 10873] Train: [31/100][15/50] Data 0.003 (0.258) Batch 0.230 (0.509) Remain 00:29:34 loss: 0.3391 Lr: 0.00501
[2026-07-21 10:18:16,254 INFO misc.py line 117 10873] Train: [31/100][16/50] Data 0.004 (0.238) Batch 0.263 (0.490) Remain 00:28:28 loss: 0.3694 Lr: 0.00501
[2026-07-21 10:18:16,486 INFO misc.py line 117 10873] Train: [31/100][17/50] Data 0.004 (0.222) Batch 0.232 (0.472) Remain 00:27:23 loss: 0.3058 Lr: 0.00501
[2026-07-21 10:18:16,768 INFO misc.py line 117 10873] Train: [31/100][18/50] Data 0.003 (0.207) Batch 0.282 (0.459) Remain 00:26:38 loss: 0.3702 Lr: 0.00500
[2026-07-21 10:18:17,006 INFO misc.py line 117 10873] Train: [31/100][19/50] Data 0.003 (0.194) Batch 0.238 (0.445) Remain 00:25:50 loss: 0.4288 Lr: 0.00500
[2026-07-21 10:18:17,246 INFO misc.py line 117 10873] Train: [31/100][20/50] Data 0.003 (0.183) Batch 0.240 (0.433) Remain 00:25:07 loss: 0.3509 Lr: 0.00500
[2026-07-21 10:18:17,502 INFO misc.py line 117 10873] Train: [31/100][21/50] Data 0.014 (0.174) Batch 0.256 (0.423) Remain 00:24:33 loss: 0.3320 Lr: 0.00500
[2026-07-21 10:18:17,735 INFO misc.py line 117 10873] Train: [31/100][22/50] Data 0.002 (0.165) Batch 0.233 (0.413) Remain 00:23:58 loss: 0.3799 Lr: 0.00500
[2026-07-21 10:18:17,978 INFO misc.py line 117 10873] Train: [31/100][23/50] Data 0.002 (0.156) Batch 0.243 (0.405) Remain 00:23:27 loss: 0.2659 Lr: 0.00500
[2026-07-21 10:18:18,232 INFO misc.py line 117 10873] Train: [31/100][24/50] Data 0.002 (0.149) Batch 0.254 (0.398) Remain 00:23:02 loss: 0.3770 Lr: 0.00500
[2026-07-21 10:18:18,466 INFO misc.py line 117 10873] Train: [31/100][25/50] Data 0.003 (0.142) Batch 0.234 (0.390) Remain 00:22:36 loss: 0.3077 Lr: 0.00499
[2026-07-21 10:18:18,727 INFO misc.py line 117 10873] Train: [31/100][26/50] Data 0.004 (0.136) Batch 0.262 (0.385) Remain 00:22:16 loss: 0.4032 Lr: 0.00499
[2026-07-21 10:18:18,975 INFO misc.py line 117 10873] Train: [31/100][27/50] Data 0.003 (0.131) Batch 0.248 (0.379) Remain 00:21:56 loss: 0.4185 Lr: 0.00499
[2026-07-21 10:18:19,224 INFO misc.py line 117 10873] Train: [31/100][28/50] Data 0.003 (0.126) Batch 0.248 (0.374) Remain 00:21:37 loss: 0.4671 Lr: 0.00499
[2026-07-21 10:18:34,663 INFO misc.py line 117 10873] Train: [31/100][29/50] Data 15.183 (0.705) Batch 15.439 (0.953) Remain 00:55:08 loss: 0.3724 Lr: 0.00499
[2026-07-21 10:18:34,903 INFO misc.py line 117 10873] Train: [31/100][30/50] Data 0.003 (0.679) Batch 0.240 (0.927) Remain 00:53:36 loss: 0.4305 Lr: 0.00499
[2026-07-21 10:18:35,150 INFO misc.py line 117 10873] Train: [31/100][31/50] Data 0.002 (0.655) Batch 0.247 (0.903) Remain 00:52:10 loss: 0.4272 Lr: 0.00498
[2026-07-21 10:18:35,373 INFO misc.py line 117 10873] Train: [31/100][32/50] Data 0.002 (0.632) Batch 0.223 (0.879) Remain 00:50:48 loss: 0.4263 Lr: 0.00498
[2026-07-21 10:18:35,611 INFO misc.py line 117 10873] Train: [31/100][33/50] Data 0.002 (0.611) Batch 0.237 (0.858) Remain 00:49:33 loss: 0.3994 Lr: 0.00498
[2026-07-21 10:18:35,847 INFO misc.py line 117 10873] Train: [31/100][34/50] Data 0.003 (0.592) Batch 0.238 (0.838) Remain 00:48:23 loss: 0.3561 Lr: 0.00498
[2026-07-21 10:18:37,519 INFO misc.py line 117 10873] Train: [31/100][35/50] Data 1.445 (0.618) Batch 1.672 (0.864) Remain 00:49:52 loss: 0.2201 Lr: 0.00498
[2026-07-21 10:18:37,733 INFO misc.py line 117 10873] Train: [31/100][36/50] Data 0.001 (0.600) Batch 0.214 (0.844) Remain 00:48:43 loss: 0.3730 Lr: 0.00498
[2026-07-21 10:18:37,955 INFO misc.py line 117 10873] Train: [31/100][37/50] Data 0.001 (0.582) Batch 0.222 (0.826) Remain 00:47:39 loss: 0.3318 Lr: 0.00498
[2026-07-21 10:18:38,180 INFO misc.py line 117 10873] Train: [31/100][38/50] Data 0.001 (0.565) Batch 0.225 (0.809) Remain 00:46:39 loss: 0.3939 Lr: 0.00497
[2026-07-21 10:18:38,410 INFO misc.py line 117 10873] Train: [31/100][39/50] Data 0.001 (0.550) Batch 0.230 (0.793) Remain 00:45:42 loss: 0.3666 Lr: 0.00497
[2026-07-21 10:18:38,642 INFO misc.py line 117 10873] Train: [31/100][40/50] Data 0.001 (0.535) Batch 0.232 (0.777) Remain 00:44:49 loss: 0.3579 Lr: 0.00497
[2026-07-21 10:18:38,857 INFO misc.py line 117 10873] Train: [31/100][41/50] Data 0.001 (0.521) Batch 0.214 (0.763) Remain 00:43:57 loss: 0.5439 Lr: 0.00497
[2026-07-21 10:18:39,089 INFO misc.py line 117 10873] Train: [31/100][42/50] Data 0.001 (0.507) Batch 0.233 (0.749) Remain 00:43:10 loss: 0.3910 Lr: 0.00497
[2026-07-21 10:18:39,314 INFO misc.py line 117 10873] Train: [31/100][43/50] Data 0.001 (0.495) Batch 0.225 (0.736) Remain 00:42:23 loss: 0.3061 Lr: 0.00497
[2026-07-21 10:18:39,544 INFO misc.py line 117 10873] Train: [31/100][44/50] Data 0.001 (0.483) Batch 0.230 (0.724) Remain 00:41:40 loss: 0.3892 Lr: 0.00497
[2026-07-21 10:18:39,784 INFO misc.py line 117 10873] Train: [31/100][45/50] Data 0.001 (0.471) Batch 0.240 (0.712) Remain 00:41:00 loss: 0.4016 Lr: 0.00496
[2026-07-21 10:18:40,035 INFO misc.py line 117 10873] Train: [31/100][46/50] Data 0.001 (0.460) Batch 0.252 (0.701) Remain 00:40:22 loss: 0.4896 Lr: 0.00496
[2026-07-21 10:18:40,278 INFO misc.py line 117 10873] Train: [31/100][47/50] Data 0.001 (0.450) Batch 0.243 (0.691) Remain 00:39:45 loss: 0.4318 Lr: 0.00496
[2026-07-21 10:18:40,500 INFO misc.py line 117 10873] Train: [31/100][48/50] Data 0.001 (0.440) Batch 0.221 (0.680) Remain 00:39:08 loss: 0.3015 Lr: 0.00496
[2026-07-21 10:18:40,732 INFO misc.py line 117 10873] Train: [31/100][49/50] Data 0.001 (0.430) Batch 0.232 (0.671) Remain 00:38:34 loss: 0.3269 Lr: 0.00496
[2026-07-21 10:18:40,960 INFO misc.py line 117 10873] Train: [31/100][50/50] Data 0.001 (0.421) Batch 0.228 (0.661) Remain 00:38:01 loss: 0.3846 Lr: 0.00496
[2026-07-21 10:18:40,960 INFO misc.py line 147 10873] Train result: loss: 0.3683 
[2026-07-21 10:18:40,960 INFO evaluator.py line 169 10873] >>>>>>>>>>>>>>>> Start Evaluation (Segmentation) >>>>>>>>>>>>>>>>
[2026-07-21 10:18:49,477 INFO evaluator.py line 228 10873] Test: [1/1] Loss 0.5705 
[2026-07-21 10:18:49,743 INFO evaluator.py line 257 10873] Val result: mIoU/macroF1/mAcc/mPrecision/allAcc 0.6794/0.7717/0.7665/0.8274/0.9420.
[2026-07-21 10:18:49,744 INFO evaluator.py line 266 10873] Class_0-road Metrics: IoU=0.9484, accuracy=0.9763, precision=0.9707, F1=0.9735
[2026-07-21 10:18:49,744 INFO evaluator.py line 266 10873] Class_1-road_marking Metrics: IoU=0.4429, accuracy=0.5058, precision=0.7807, F1=0.6139
[2026-07-21 10:18:49,744 INFO evaluator.py line 266 10873] Class_2-natural Metrics: IoU=0.9426, accuracy=0.9737, precision=0.9672, F1=0.9704
[2026-07-21 10:18:49,744 INFO evaluator.py line 266 10873] Class_3-building Metrics: IoU=0.8206, accuracy=0.9043, precision=0.8987, F1=0.9015
[2026-07-21 10:18:49,744 INFO evaluator.py line 266 10873] Class_4-utility_line Metrics: IoU=0.7758, accuracy=0.7933, precision=0.9724, F1=0.8738
[2026-07-21 10:18:49,744 INFO evaluator.py line 266 10873] Class_5-pole Metrics: IoU=0.5807, accuracy=0.6059, precision=0.9333, F1=0.7348
[2026-07-21 10:18:49,744 INFO evaluator.py line 266 10873] Class_6-car Metrics: IoU=0.8042, accuracy=0.8299, precision=0.9630, F1=0.8915
[2026-07-21 10:18:49,744 INFO evaluator.py line 266 10873] Class_7-fence Metrics: IoU=0.1199, accuracy=0.5427, precision=0.1334, F1=0.2142
[2026-07-21 10:18:49,744 INFO evaluator.py line 321 10873] <<<<<<<<<<<<<<<<< End Evaluation <<<<<<<<<<<<<<<<<
[2026-07-21 10:18:49,745 INFO misc.py line 187 10873] Currently Best mIoU: 0.6949
[2026-07-21 10:18:49,745 INFO misc.py line 196 10873] Saving checkpoint to: exp/toronto3d/spunet-toronto3d/model/model_last.pth
[2026-07-21 10:19:22,081 INFO misc.py line 117 10873] Train: [32/100][1/50] Data 31.829 (31.829) Batch 32.074 (32.074) Remain 30:43:41 loss: 0.3892 Lr: 0.00495
[2026-07-21 10:19:22,384 INFO misc.py line 117 10873] Train: [32/100][2/50] Data 0.003 (0.003) Batch 0.304 (0.304) Remain 00:17:27 loss: 0.3517 Lr: 0.00495
[2026-07-21 10:19:22,633 INFO misc.py line 117 10873] Train: [32/100][3/50] Data 0.002 (0.002) Batch 0.249 (0.249) Remain 00:14:17 loss: 0.3855 Lr: 0.00495
[2026-07-21 10:19:22,887 INFO misc.py line 117 10873] Train: [32/100][4/50] Data 0.003 (0.003) Batch 0.253 (0.253) Remain 00:14:32 loss: 0.4270 Lr: 0.00495
[2026-07-21 10:19:23,130 INFO misc.py line 117 10873] Train: [32/100][5/50] Data 0.003 (0.003) Batch 0.244 (0.248) Remain 00:14:15 loss: 0.3491 Lr: 0.00495
[2026-07-21 10:19:23,396 INFO misc.py line 117 10873] Train: [32/100][6/50] Data 0.002 (0.003) Batch 0.266 (0.254) Remain 00:14:35 loss: 0.3606 Lr: 0.00495
[2026-07-21 10:19:23,629 INFO misc.py line 117 10873] Train: [32/100][7/50] Data 0.003 (0.003) Batch 0.233 (0.249) Remain 00:14:17 loss: 0.2563 Lr: 0.00495
[2026-07-21 10:19:23,868 INFO misc.py line 117 10873] Train: [32/100][8/50] Data 0.003 (0.003) Batch 0.238 (0.247) Remain 00:14:09 loss: 0.2813 Lr: 0.00494
[2026-07-21 10:19:24,115 INFO misc.py line 117 10873] Train: [32/100][9/50] Data 0.004 (0.003) Batch 0.246 (0.247) Remain 00:14:09 loss: 0.2581 Lr: 0.00494
[2026-07-21 10:19:24,373 INFO misc.py line 117 10873] Train: [32/100][10/50] Data 0.005 (0.003) Batch 0.259 (0.249) Remain 00:14:15 loss: 0.2322 Lr: 0.00494
[2026-07-21 10:19:24,619 INFO misc.py line 117 10873] Train: [32/100][11/50] Data 0.003 (0.003) Batch 0.245 (0.248) Remain 00:14:13 loss: 0.2901 Lr: 0.00494
[2026-07-21 10:19:24,874 INFO misc.py line 117 10873] Train: [32/100][12/50] Data 0.003 (0.003) Batch 0.255 (0.249) Remain 00:14:15 loss: 0.3122 Lr: 0.00494
[2026-07-21 10:19:25,123 INFO misc.py line 117 10873] Train: [32/100][13/50] Data 0.005 (0.003) Batch 0.249 (0.249) Remain 00:14:15 loss: 0.4738 Lr: 0.00494
[2026-07-21 10:19:25,372 INFO misc.py line 117 10873] Train: [32/100][14/50] Data 0.003 (0.003) Batch 0.250 (0.249) Remain 00:14:15 loss: 0.3193 Lr: 0.00494
[2026-07-21 10:19:25,594 INFO misc.py line 117 10873] Train: [32/100][15/50] Data 0.002 (0.003) Batch 0.221 (0.247) Remain 00:14:07 loss: 0.2490 Lr: 0.00493
[2026-07-21 10:19:25,869 INFO misc.py line 117 10873] Train: [32/100][16/50] Data 0.004 (0.003) Batch 0.276 (0.249) Remain 00:14:14 loss: 0.3798 Lr: 0.00493
[2026-07-21 10:19:26,129 INFO misc.py line 117 10873] Train: [32/100][17/50] Data 0.003 (0.003) Batch 0.260 (0.250) Remain 00:14:17 loss: 0.3512 Lr: 0.00493
[2026-07-21 10:19:26,382 INFO misc.py line 117 10873] Train: [32/100][18/50] Data 0.002 (0.003) Batch 0.252 (0.250) Remain 00:14:17 loss: 0.3320 Lr: 0.00493
[2026-07-21 10:19:26,639 INFO misc.py line 117 10873] Train: [32/100][19/50] Data 0.003 (0.003) Batch 0.258 (0.250) Remain 00:14:19 loss: 0.4677 Lr: 0.00493
[2026-07-21 10:19:26,909 INFO misc.py line 117 10873] Train: [32/100][20/50] Data 0.003 (0.003) Batch 0.270 (0.252) Remain 00:14:22 loss: 0.3667 Lr: 0.00493
[2026-07-21 10:19:27,156 INFO misc.py line 117 10873] Train: [32/100][21/50] Data 0.002 (0.003) Batch 0.247 (0.251) Remain 00:14:21 loss: 0.4425 Lr: 0.00492
[2026-07-21 10:19:27,460 INFO misc.py line 117 10873] Train: [32/100][22/50] Data 0.002 (0.003) Batch 0.304 (0.254) Remain 00:14:30 loss: 0.2471 Lr: 0.00492
[2026-07-21 10:19:27,718 INFO misc.py line 117 10873] Train: [32/100][23/50] Data 0.003 (0.003) Batch 0.258 (0.254) Remain 00:14:31 loss: 0.4145 Lr: 0.00492
[2026-07-21 10:19:27,961 INFO misc.py line 117 10873] Train: [32/100][24/50] Data 0.003 (0.003) Batch 0.242 (0.254) Remain 00:14:29 loss: 0.3397 Lr: 0.00492
[2026-07-21 10:19:28,199 INFO misc.py line 117 10873] Train: [32/100][25/50] Data 0.005 (0.003) Batch 0.239 (0.253) Remain 00:14:26 loss: 0.4065 Lr: 0.00492
[2026-07-21 10:19:28,434 INFO misc.py line 117 10873] Train: [32/100][26/50] Data 0.002 (0.003) Batch 0.235 (0.252) Remain 00:14:23 loss: 0.2935 Lr: 0.00492
[2026-07-21 10:19:28,727 INFO misc.py line 117 10873] Train: [32/100][27/50] Data 0.002 (0.003) Batch 0.293 (0.254) Remain 00:14:29 loss: 0.2687 Lr: 0.00492
[2026-07-21 10:19:28,984 INFO misc.py line 117 10873] Train: [32/100][28/50] Data 0.012 (0.003) Batch 0.256 (0.254) Remain 00:14:29 loss: 0.2797 Lr: 0.00491
[2026-07-21 10:19:47,315 INFO misc.py line 117 10873] Train: [32/100][29/50] Data 18.092 (0.699) Batch 18.332 (0.949) Remain 00:54:07 loss: 0.3170 Lr: 0.00491
[2026-07-21 10:19:47,537 INFO misc.py line 117 10873] Train: [32/100][30/50] Data 0.001 (0.673) Batch 0.222 (0.922) Remain 00:52:34 loss: 0.3610 Lr: 0.00491
[2026-07-21 10:19:47,772 INFO misc.py line 117 10873] Train: [32/100][31/50] Data 0.001 (0.649) Batch 0.235 (0.898) Remain 00:51:09 loss: 0.4005 Lr: 0.00491
[2026-07-21 10:19:48,012 INFO misc.py line 117 10873] Train: [32/100][32/50] Data 0.001 (0.627) Batch 0.241 (0.875) Remain 00:49:51 loss: 0.3993 Lr: 0.00491
[2026-07-21 10:19:48,234 INFO misc.py line 117 10873] Train: [32/100][33/50] Data 0.001 (0.606) Batch 0.221 (0.853) Remain 00:48:36 loss: 0.3567 Lr: 0.00491
[2026-07-21 10:19:48,459 INFO misc.py line 117 10873] Train: [32/100][34/50] Data 0.001 (0.587) Batch 0.226 (0.833) Remain 00:47:25 loss: 0.4045 Lr: 0.00490
[2026-07-21 10:19:48,696 INFO misc.py line 117 10873] Train: [32/100][35/50] Data 0.001 (0.568) Batch 0.237 (0.815) Remain 00:46:21 loss: 0.3884 Lr: 0.00490
[2026-07-21 10:19:48,916 INFO misc.py line 117 10873] Train: [32/100][36/50] Data 0.001 (0.551) Batch 0.220 (0.796) Remain 00:45:19 loss: 0.3741 Lr: 0.00490
[2026-07-21 10:19:49,138 INFO misc.py line 117 10873] Train: [32/100][37/50] Data 0.001 (0.535) Batch 0.222 (0.780) Remain 00:44:20 loss: 0.3539 Lr: 0.00490
[2026-07-21 10:19:49,375 INFO misc.py line 117 10873] Train: [32/100][38/50] Data 0.001 (0.520) Batch 0.238 (0.764) Remain 00:43:27 loss: 0.3638 Lr: 0.00490
[2026-07-21 10:19:49,602 INFO misc.py line 117 10873] Train: [32/100][39/50] Data 0.001 (0.505) Batch 0.226 (0.749) Remain 00:42:35 loss: 0.3995 Lr: 0.00490
[2026-07-21 10:19:49,845 INFO misc.py line 117 10873] Train: [32/100][40/50] Data 0.001 (0.492) Batch 0.243 (0.735) Remain 00:41:47 loss: 0.2804 Lr: 0.00490
[2026-07-21 10:19:50,077 INFO misc.py line 117 10873] Train: [32/100][41/50] Data 0.001 (0.479) Batch 0.232 (0.722) Remain 00:41:02 loss: 0.4416 Lr: 0.00489
[2026-07-21 10:19:50,313 INFO misc.py line 117 10873] Train: [32/100][42/50] Data 0.001 (0.466) Batch 0.237 (0.710) Remain 00:40:18 loss: 0.3578 Lr: 0.00489
[2026-07-21 10:19:50,545 INFO misc.py line 117 10873] Train: [32/100][43/50] Data 0.001 (0.455) Batch 0.232 (0.698) Remain 00:39:37 loss: 0.4082 Lr: 0.00489
[2026-07-21 10:19:50,784 INFO misc.py line 117 10873] Train: [32/100][44/50] Data 0.001 (0.444) Batch 0.239 (0.687) Remain 00:38:58 loss: 0.3321 Lr: 0.00489
[2026-07-21 10:19:51,007 INFO misc.py line 117 10873] Train: [32/100][45/50] Data 0.001 (0.433) Batch 0.223 (0.676) Remain 00:38:20 loss: 0.4169 Lr: 0.00489
[2026-07-21 10:19:51,263 INFO misc.py line 117 10873] Train: [32/100][46/50] Data 0.001 (0.423) Batch 0.256 (0.666) Remain 00:37:46 loss: 0.4423 Lr: 0.00489
[2026-07-21 10:19:51,486 INFO misc.py line 117 10873] Train: [32/100][47/50] Data 0.001 (0.414) Batch 0.223 (0.656) Remain 00:37:11 loss: 0.3365 Lr: 0.00488
[2026-07-21 10:19:51,706 INFO misc.py line 117 10873] Train: [32/100][48/50] Data 0.001 (0.404) Batch 0.220 (0.646) Remain 00:36:37 loss: 0.3717 Lr: 0.00488
[2026-07-21 10:19:51,954 INFO misc.py line 117 10873] Train: [32/100][49/50] Data 0.001 (0.396) Batch 0.248 (0.637) Remain 00:36:07 loss: 0.3945 Lr: 0.00488
[2026-07-21 10:19:52,189 INFO misc.py line 117 10873] Train: [32/100][50/50] Data 0.001 (0.387) Batch 0.235 (0.629) Remain 00:35:38 loss: 0.4287 Lr: 0.00488
[2026-07-21 10:19:52,189 INFO misc.py line 147 10873] Train result: loss: 0.3571 
[2026-07-21 10:19:52,190 INFO evaluator.py line 169 10873] >>>>>>>>>>>>>>>> Start Evaluation (Segmentation) >>>>>>>>>>>>>>>>
[2026-07-21 10:20:00,786 INFO evaluator.py line 228 10873] Test: [1/1] Loss 1.3613 
[2026-07-21 10:20:01,060 INFO evaluator.py line 257 10873] Val result: mIoU/macroF1/mAcc/mPrecision/allAcc 0.5930/0.6978/0.7359/0.7169/0.8983.
[2026-07-21 10:20:01,061 INFO evaluator.py line 266 10873] Class_0-road Metrics: IoU=0.9357, accuracy=0.9638, precision=0.9698, F1=0.9668
[2026-07-21 10:20:01,061 INFO evaluator.py line 266 10873] Class_1-road_marking Metrics: IoU=0.3483, accuracy=0.5657, precision=0.4753, F1=0.5166
[2026-07-21 10:20:01,061 INFO evaluator.py line 266 10873] Class_2-natural Metrics: IoU=0.8429, accuracy=0.8680, precision=0.9669, F1=0.9148
[2026-07-21 10:20:01,061 INFO evaluator.py line 266 10873] Class_3-building Metrics: IoU=0.8409, accuracy=0.9100, precision=0.9172, F1=0.9136
[2026-07-21 10:20:01,061 INFO evaluator.py line 266 10873] Class_4-utility_line Metrics: IoU=0.7514, accuracy=0.8075, precision=0.9153, F1=0.8580
[2026-07-21 10:20:01,061 INFO evaluator.py line 266 10873] Class_5-pole Metrics: IoU=0.2061, accuracy=0.8501, precision=0.2139, F1=0.3418
[2026-07-21 10:20:01,061 INFO evaluator.py line 266 10873] Class_6-car Metrics: IoU=0.6576, accuracy=0.6860, precision=0.9407, F1=0.7934
[2026-07-21 10:20:01,061 INFO evaluator.py line 266 10873] Class_7-fence Metrics: IoU=0.1609, accuracy=0.2358, precision=0.3362, F1=0.2772
[2026-07-21 10:20:01,062 INFO evaluator.py line 321 10873] <<<<<<<<<<<<<<<<< End Evaluation <<<<<<<<<<<<<<<<<
[2026-07-21 10:20:01,063 INFO misc.py line 187 10873] Currently Best mIoU: 0.6949
[2026-07-21 10:20:01,063 INFO misc.py line 196 10873] Saving checkpoint to: exp/toronto3d/spunet-toronto3d/model/model_last.pth
[2026-07-21 10:20:29,549 INFO misc.py line 117 10873] Train: [33/100][1/50] Data 27.895 (27.895) Batch 28.206 (28.206) Remain 26:37:52 loss: 0.4059 Lr: 0.00488
[2026-07-21 10:20:29,923 INFO misc.py line 117 10873] Train: [33/100][2/50] Data 0.002 (0.002) Batch 0.374 (0.374) Remain 00:21:11 loss: 0.3554 Lr: 0.00488
[2026-07-21 10:20:30,415 INFO misc.py line 117 10873] Train: [33/100][3/50] Data 0.261 (0.261) Batch 0.492 (0.492) Remain 00:27:52 loss: 0.3204 Lr: 0.00488
[2026-07-21 10:20:30,657 INFO misc.py line 117 10873] Train: [33/100][4/50] Data 0.003 (0.003) Batch 0.242 (0.242) Remain 00:13:42 loss: 0.2952 Lr: 0.00487
[2026-07-21 10:20:30,930 INFO misc.py line 117 10873] Train: [33/100][5/50] Data 0.003 (0.003) Batch 0.272 (0.257) Remain 00:14:33 loss: 0.4174 Lr: 0.00487
[2026-07-21 10:20:32,309 INFO misc.py line 117 10873] Train: [33/100][6/50] Data 1.118 (0.375) Batch 1.379 (0.631) Remain 00:35:42 loss: 0.4609 Lr: 0.00487
[2026-07-21 10:20:32,597 INFO misc.py line 117 10873] Train: [33/100][7/50] Data 0.003 (0.282) Batch 0.288 (0.546) Remain 00:30:51 loss: 0.3237 Lr: 0.00487
[2026-07-21 10:20:32,915 INFO misc.py line 117 10873] Train: [33/100][8/50] Data 0.015 (0.228) Batch 0.317 (0.500) Remain 00:28:15 loss: 0.3955 Lr: 0.00487
[2026-07-21 10:20:33,181 INFO misc.py line 117 10873] Train: [33/100][9/50] Data 0.004 (0.191) Batch 0.267 (0.461) Remain 00:26:03 loss: 0.4312 Lr: 0.00487
[2026-07-21 10:20:33,472 INFO misc.py line 117 10873] Train: [33/100][10/50] Data 0.003 (0.164) Batch 0.291 (0.437) Remain 00:24:40 loss: 0.4731 Lr: 0.00486
[2026-07-21 10:20:33,716 INFO misc.py line 117 10873] Train: [33/100][11/50] Data 0.002 (0.144) Batch 0.244 (0.413) Remain 00:23:18 loss: 0.3291 Lr: 0.00486
[2026-07-21 10:20:33,988 INFO misc.py line 117 10873] Train: [33/100][12/50] Data 0.002 (0.128) Batch 0.271 (0.397) Remain 00:22:24 loss: 0.4395 Lr: 0.00486
[2026-07-21 10:20:34,248 INFO misc.py line 117 10873] Train: [33/100][13/50] Data 0.005 (0.116) Batch 0.261 (0.383) Remain 00:21:38 loss: 0.3513 Lr: 0.00486
[2026-07-21 10:20:34,483 INFO misc.py line 117 10873] Train: [33/100][14/50] Data 0.002 (0.105) Batch 0.235 (0.370) Remain 00:20:52 loss: 0.3246 Lr: 0.00486
[2026-07-21 10:20:34,749 INFO misc.py line 117 10873] Train: [33/100][15/50] Data 0.002 (0.097) Batch 0.265 (0.361) Remain 00:20:22 loss: 0.4897 Lr: 0.00486
[2026-07-21 10:20:34,994 INFO misc.py line 117 10873] Train: [33/100][16/50] Data 0.003 (0.090) Batch 0.246 (0.352) Remain 00:19:51 loss: 0.4029 Lr: 0.00486
[2026-07-21 10:20:35,247 INFO misc.py line 117 10873] Train: [33/100][17/50] Data 0.003 (0.083) Batch 0.252 (0.345) Remain 00:19:27 loss: 0.2765 Lr: 0.00485
[2026-07-21 10:20:35,508 INFO misc.py line 117 10873] Train: [33/100][18/50] Data 0.004 (0.078) Batch 0.262 (0.340) Remain 00:19:08 loss: 0.4619 Lr: 0.00485
[2026-07-21 10:20:35,733 INFO misc.py line 117 10873] Train: [33/100][19/50] Data 0.003 (0.073) Batch 0.224 (0.332) Remain 00:18:43 loss: 0.3208 Lr: 0.00485
[2026-07-21 10:20:35,997 INFO misc.py line 117 10873] Train: [33/100][20/50] Data 0.004 (0.069) Batch 0.265 (0.328) Remain 00:18:29 loss: 0.5101 Lr: 0.00485
[2026-07-21 10:20:36,227 INFO misc.py line 117 10873] Train: [33/100][21/50] Data 0.002 (0.066) Batch 0.229 (0.323) Remain 00:18:11 loss: 0.3283 Lr: 0.00485
[2026-07-21 10:20:36,469 INFO misc.py line 117 10873] Train: [33/100][22/50] Data 0.002 (0.062) Batch 0.242 (0.319) Remain 00:17:56 loss: 0.4379 Lr: 0.00485
[2026-07-21 10:20:36,714 INFO misc.py line 117 10873] Train: [33/100][23/50] Data 0.003 (0.059) Batch 0.245 (0.315) Remain 00:17:43 loss: 0.4183 Lr: 0.00484
[2026-07-21 10:20:36,962 INFO misc.py line 117 10873] Train: [33/100][24/50] Data 0.002 (0.057) Batch 0.248 (0.312) Remain 00:17:32 loss: 0.4721 Lr: 0.00484
[2026-07-21 10:20:37,230 INFO misc.py line 117 10873] Train: [33/100][25/50] Data 0.003 (0.054) Batch 0.268 (0.310) Remain 00:17:25 loss: 0.3367 Lr: 0.00484
[2026-07-21 10:20:37,480 INFO misc.py line 117 10873] Train: [33/100][26/50] Data 0.003 (0.052) Batch 0.250 (0.307) Remain 00:17:16 loss: 0.4529 Lr: 0.00484
[2026-07-21 10:20:37,729 INFO misc.py line 117 10873] Train: [33/100][27/50] Data 0.003 (0.050) Batch 0.249 (0.305) Remain 00:17:07 loss: 0.3616 Lr: 0.00484
[2026-07-21 10:20:37,986 INFO misc.py line 117 10873] Train: [33/100][28/50] Data 0.003 (0.048) Batch 0.258 (0.303) Remain 00:17:01 loss: 0.3022 Lr: 0.00484
[2026-07-21 10:20:52,571 INFO misc.py line 117 10873] Train: [33/100][29/50] Data 14.330 (0.597) Batch 14.585 (0.852) Remain 00:47:52 loss: 0.5833 Lr: 0.00483
[2026-07-21 10:20:52,831 INFO misc.py line 117 10873] Train: [33/100][30/50] Data 0.003 (0.575) Batch 0.260 (0.830) Remain 00:46:37 loss: 0.3500 Lr: 0.00483
[2026-07-21 10:20:56,114 INFO misc.py line 117 10873] Train: [33/100][31/50] Data 3.057 (0.664) Batch 3.283 (0.918) Remain 00:51:32 loss: 0.3894 Lr: 0.00483
[2026-07-21 10:20:56,389 INFO misc.py line 117 10873] Train: [33/100][32/50] Data 0.002 (0.641) Batch 0.276 (0.896) Remain 00:50:16 loss: 0.6345 Lr: 0.00483
[2026-07-21 10:20:56,632 INFO misc.py line 117 10873] Train: [33/100][33/50] Data 0.002 (0.620) Batch 0.243 (0.874) Remain 00:49:02 loss: 0.4084 Lr: 0.00483
[2026-07-21 10:20:56,872 INFO misc.py line 117 10873] Train: [33/100][34/50] Data 0.002 (0.600) Batch 0.240 (0.853) Remain 00:47:52 loss: 0.2906 Lr: 0.00483
[2026-07-21 10:20:57,094 INFO misc.py line 117 10873] Train: [33/100][35/50] Data 0.002 (0.581) Batch 0.222 (0.834) Remain 00:46:45 loss: 0.4541 Lr: 0.00483
[2026-07-21 10:20:57,337 INFO misc.py line 117 10873] Train: [33/100][36/50] Data 0.002 (0.564) Batch 0.243 (0.816) Remain 00:45:44 loss: 0.5280 Lr: 0.00482
[2026-07-21 10:20:58,249 INFO misc.py line 117 10873] Train: [33/100][37/50] Data 0.684 (0.567) Batch 0.912 (0.819) Remain 00:45:53 loss: 0.5811 Lr: 0.00482
[2026-07-21 10:20:58,471 INFO misc.py line 117 10873] Train: [33/100][38/50] Data 0.001 (0.551) Batch 0.222 (0.802) Remain 00:44:54 loss: 0.4608 Lr: 0.00482
[2026-07-21 10:20:58,711 INFO misc.py line 117 10873] Train: [33/100][39/50] Data 0.001 (0.536) Batch 0.240 (0.786) Remain 00:44:01 loss: 0.5016 Lr: 0.00482
[2026-07-21 10:20:58,942 INFO misc.py line 117 10873] Train: [33/100][40/50] Data 0.001 (0.521) Batch 0.231 (0.771) Remain 00:43:10 loss: 0.8278 Lr: 0.00482
[2026-07-21 10:20:59,195 INFO misc.py line 117 10873] Train: [33/100][41/50] Data 0.001 (0.508) Batch 0.254 (0.757) Remain 00:42:24 loss: 0.7118 Lr: 0.00482
[2026-07-21 10:20:59,421 INFO misc.py line 117 10873] Train: [33/100][42/50] Data 0.001 (0.495) Batch 0.226 (0.744) Remain 00:41:37 loss: 0.8453 Lr: 0.00481
[2026-07-21 10:20:59,634 INFO misc.py line 117 10873] Train: [33/100][43/50] Data 0.001 (0.482) Batch 0.213 (0.730) Remain 00:40:52 loss: 0.9706 Lr: 0.00481
[2026-07-21 10:20:59,863 INFO misc.py line 117 10873] Train: [33/100][44/50] Data 0.002 (0.471) Batch 0.229 (0.718) Remain 00:40:10 loss: 0.5315 Lr: 0.00481
[2026-07-21 10:21:00,082 INFO misc.py line 117 10873] Train: [33/100][45/50] Data 0.001 (0.459) Batch 0.220 (0.706) Remain 00:39:29 loss: 0.4125 Lr: 0.00481
[2026-07-21 10:21:00,304 INFO misc.py line 117 10873] Train: [33/100][46/50] Data 0.002 (0.449) Batch 0.222 (0.695) Remain 00:38:51 loss: 0.4761 Lr: 0.00481
[2026-07-21 10:21:00,533 INFO misc.py line 117 10873] Train: [33/100][47/50] Data 0.002 (0.439) Batch 0.229 (0.685) Remain 00:38:15 loss: 0.4919 Lr: 0.00481
[2026-07-21 10:21:00,795 INFO misc.py line 117 10873] Train: [33/100][48/50] Data 0.001 (0.429) Batch 0.262 (0.675) Remain 00:37:42 loss: 0.7444 Lr: 0.00480
[2026-07-21 10:21:01,034 INFO misc.py line 117 10873] Train: [33/100][49/50] Data 0.002 (0.420) Batch 0.239 (0.666) Remain 00:37:10 loss: 0.4498 Lr: 0.00480
[2026-07-21 10:21:01,254 INFO misc.py line 117 10873] Train: [33/100][50/50] Data 0.001 (0.411) Batch 0.221 (0.656) Remain 00:36:38 loss: 0.4063 Lr: 0.00480
[2026-07-21 10:21:01,255 INFO misc.py line 147 10873] Train result: loss: 0.4589 
[2026-07-21 10:21:01,255 INFO evaluator.py line 169 10873] >>>>>>>>>>>>>>>> Start Evaluation (Segmentation) >>>>>>>>>>>>>>>>
[2026-07-21 10:21:09,763 INFO evaluator.py line 228 10873] Test: [1/1] Loss 2.0106 
[2026-07-21 10:21:10,020 INFO evaluator.py line 257 10873] Val result: mIoU/macroF1/mAcc/mPrecision/allAcc 0.4500/0.5929/0.6257/0.6517/0.7042.
[2026-07-21 10:21:10,021 INFO evaluator.py line 266 10873] Class_0-road Metrics: IoU=0.8629, accuracy=0.8858, precision=0.9709, F1=0.9264
[2026-07-21 10:21:10,021 INFO evaluator.py line 266 10873] Class_1-road_marking Metrics: IoU=0.3837, accuracy=0.5601, precision=0.5492, F1=0.5546
[2026-07-21 10:21:10,021 INFO evaluator.py line 266 10873] Class_2-natural Metrics: IoU=0.3826, accuracy=0.3922, precision=0.9403, F1=0.5535
[2026-07-21 10:21:10,021 INFO evaluator.py line 266 10873] Class_3-building Metrics: IoU=0.3811, accuracy=0.9641, precision=0.3866, F1=0.5519
[2026-07-21 10:21:10,021 INFO evaluator.py line 266 10873] Class_4-utility_line Metrics: IoU=0.5502, accuracy=0.5648, precision=0.9551, F1=0.7098
[2026-07-21 10:21:10,021 INFO evaluator.py line 266 10873] Class_5-pole Metrics: IoU=0.5464, accuracy=0.6195, precision=0.8225, F1=0.7067
[2026-07-21 10:21:10,021 INFO evaluator.py line 266 10873] Class_6-car Metrics: IoU=0.4018, accuracy=0.7310, precision=0.4716, F1=0.5733
[2026-07-21 10:21:10,021 INFO evaluator.py line 266 10873] Class_7-fence Metrics: IoU=0.0912, accuracy=0.2879, precision=0.1178, F1=0.1672
[2026-07-21 10:21:10,022 INFO evaluator.py line 321 10873] <<<<<<<<<<<<<<<<< End Evaluation <<<<<<<<<<<<<<<<<
[2026-07-21 10:21:10,023 INFO misc.py line 187 10873] Currently Best mIoU: 0.6949
[2026-07-21 10:21:10,023 INFO misc.py line 196 10873] Saving checkpoint to: exp/toronto3d/spunet-toronto3d/model/model_last.pth
[2026-07-21 10:21:39,857 INFO misc.py line 117 10873] Train: [34/100][1/50] Data 29.266 (29.266) Batch 29.569 (29.569) Remain 27:30:26 loss: 0.3355 Lr: 0.00480
[2026-07-21 10:21:42,428 INFO misc.py line 117 10873] Train: [34/100][2/50] Data 2.292 (2.292) Batch 2.571 (2.571) Remain 02:23:27 loss: 0.8229 Lr: 0.00480
[2026-07-21 10:21:42,674 INFO misc.py line 117 10873] Train: [34/100][3/50] Data 0.003 (0.003) Batch 0.246 (0.246) Remain 00:13:41 loss: 0.4416 Lr: 0.00480
[2026-07-21 10:21:42,909 INFO misc.py line 117 10873] Train: [34/100][4/50] Data 0.003 (0.003) Batch 0.235 (0.235) Remain 00:13:07 loss: 0.4138 Lr: 0.00480
[2026-07-21 10:21:43,146 INFO misc.py line 117 10873] Train: [34/100][5/50] Data 0.003 (0.003) Batch 0.237 (0.236) Remain 00:13:09 loss: 0.6993 Lr: 0.00479
[2026-07-21 10:21:43,386 INFO misc.py line 117 10873] Train: [34/100][6/50] Data 0.002 (0.003) Batch 0.240 (0.238) Remain 00:13:14 loss: 0.5243 Lr: 0.00479
[2026-07-21 10:21:43,645 INFO misc.py line 117 10873] Train: [34/100][7/50] Data 0.003 (0.003) Batch 0.258 (0.243) Remain 00:13:30 loss: 0.5225 Lr: 0.00479
[2026-07-21 10:21:43,898 INFO misc.py line 117 10873] Train: [34/100][8/50] Data 0.004 (0.003) Batch 0.252 (0.245) Remain 00:13:37 loss: 0.3585 Lr: 0.00479
[2026-07-21 10:21:44,136 INFO misc.py line 117 10873] Train: [34/100][9/50] Data 0.005 (0.003) Batch 0.240 (0.244) Remain 00:13:34 loss: 0.3554 Lr: 0.00479
[2026-07-21 10:21:44,388 INFO misc.py line 117 10873] Train: [34/100][10/50] Data 0.002 (0.003) Batch 0.249 (0.245) Remain 00:13:36 loss: 0.3944 Lr: 0.00479
[2026-07-21 10:21:44,667 INFO misc.py line 117 10873] Train: [34/100][11/50] Data 0.007 (0.004) Batch 0.281 (0.249) Remain 00:13:51 loss: 0.5428 Lr: 0.00478
[2026-07-21 10:21:44,925 INFO misc.py line 117 10873] Train: [34/100][12/50] Data 0.003 (0.004) Batch 0.258 (0.250) Remain 00:13:54 loss: 0.3690 Lr: 0.00478
[2026-07-21 10:21:45,167 INFO misc.py line 117 10873] Train: [34/100][13/50] Data 0.005 (0.004) Batch 0.243 (0.249) Remain 00:13:51 loss: 0.3822 Lr: 0.00478
[2026-07-21 10:21:45,438 INFO misc.py line 117 10873] Train: [34/100][14/50] Data 0.003 (0.004) Batch 0.271 (0.251) Remain 00:13:58 loss: 0.2941 Lr: 0.00478
[2026-07-21 10:21:45,685 INFO misc.py line 117 10873] Train: [34/100][15/50] Data 0.002 (0.003) Batch 0.247 (0.251) Remain 00:13:56 loss: 0.3683 Lr: 0.00478
[2026-07-21 10:21:45,934 INFO misc.py line 117 10873] Train: [34/100][16/50] Data 0.002 (0.003) Batch 0.249 (0.251) Remain 00:13:56 loss: 0.4411 Lr: 0.00478
[2026-07-21 10:21:46,249 INFO misc.py line 117 10873] Train: [34/100][17/50] Data 0.003 (0.003) Batch 0.304 (0.255) Remain 00:14:08 loss: 0.3620 Lr: 0.00477
[2026-07-21 10:21:46,508 INFO misc.py line 117 10873] Train: [34/100][18/50] Data 0.013 (0.004) Batch 0.270 (0.256) Remain 00:14:11 loss: 0.3337 Lr: 0.00477
[2026-07-21 10:21:46,763 INFO misc.py line 117 10873] Train: [34/100][19/50] Data 0.003 (0.004) Batch 0.254 (0.256) Remain 00:14:11 loss: 0.2872 Lr: 0.00477
[2026-07-21 10:21:47,006 INFO misc.py line 117 10873] Train: [34/100][20/50] Data 0.003 (0.004) Batch 0.244 (0.255) Remain 00:14:08 loss: 0.4524 Lr: 0.00477
[2026-07-21 10:21:47,263 INFO misc.py line 117 10873] Train: [34/100][21/50] Data 0.003 (0.004) Batch 0.256 (0.255) Remain 00:14:08 loss: 0.4162 Lr: 0.00477
[2026-07-21 10:21:47,493 INFO misc.py line 117 10873] Train: [34/100][22/50] Data 0.003 (0.004) Batch 0.230 (0.254) Remain 00:14:04 loss: 0.4564 Lr: 0.00477
[2026-07-21 10:21:47,749 INFO misc.py line 117 10873] Train: [34/100][23/50] Data 0.002 (0.004) Batch 0.256 (0.254) Remain 00:14:04 loss: 0.4116 Lr: 0.00477
[2026-07-21 10:21:48,008 INFO misc.py line 117 10873] Train: [34/100][24/50] Data 0.003 (0.004) Batch 0.249 (0.254) Remain 00:14:03 loss: 0.2813 Lr: 0.00476
[2026-07-21 10:21:48,250 INFO misc.py line 117 10873] Train: [34/100][25/50] Data 0.012 (0.004) Batch 0.252 (0.253) Remain 00:14:02 loss: 0.2905 Lr: 0.00476
[2026-07-21 10:21:48,480 INFO misc.py line 117 10873] Train: [34/100][26/50] Data 0.002 (0.004) Batch 0.230 (0.252) Remain 00:13:59 loss: 0.2835 Lr: 0.00476
[2026-07-21 10:21:48,725 INFO misc.py line 117 10873] Train: [34/100][27/50] Data 0.003 (0.004) Batch 0.245 (0.252) Remain 00:13:57 loss: 0.3961 Lr: 0.00476
[2026-07-21 10:21:48,966 INFO misc.py line 117 10873] Train: [34/100][28/50] Data 0.003 (0.004) Batch 0.240 (0.252) Remain 00:13:55 loss: 0.3320 Lr: 0.00476
[2026-07-21 10:22:04,690 INFO misc.py line 117 10873] Train: [34/100][29/50] Data 15.483 (0.599) Batch 15.726 (0.847) Remain 00:46:52 loss: 0.4769 Lr: 0.00476
[2026-07-21 10:22:07,479 INFO misc.py line 117 10873] Train: [34/100][30/50] Data 2.571 (0.672) Batch 2.789 (0.919) Remain 00:50:50 loss: 0.2668 Lr: 0.00475
[2026-07-21 10:22:07,702 INFO misc.py line 117 10873] Train: [34/100][31/50] Data 0.001 (0.648) Batch 0.224 (0.894) Remain 00:49:26 loss: 0.4821 Lr: 0.00475
[2026-07-21 10:22:07,946 INFO misc.py line 117 10873] Train: [34/100][32/50] Data 0.001 (0.626) Batch 0.243 (0.871) Remain 00:48:11 loss: 0.4487 Lr: 0.00475
[2026-07-21 10:22:08,176 INFO misc.py line 117 10873] Train: [34/100][33/50] Data 0.001 (0.605) Batch 0.230 (0.850) Remain 00:46:59 loss: 0.2757 Lr: 0.00475
[2026-07-21 10:22:08,409 INFO misc.py line 117 10873] Train: [34/100][34/50] Data 0.001 (0.586) Batch 0.233 (0.830) Remain 00:45:52 loss: 0.3160 Lr: 0.00475
[2026-07-21 10:22:08,639 INFO misc.py line 117 10873] Train: [34/100][35/50] Data 0.001 (0.567) Batch 0.230 (0.811) Remain 00:44:49 loss: 0.4207 Lr: 0.00475
[2026-07-21 10:22:08,858 INFO misc.py line 117 10873] Train: [34/100][36/50] Data 0.001 (0.550) Batch 0.219 (0.793) Remain 00:43:49 loss: 0.3924 Lr: 0.00474
[2026-07-21 10:22:09,089 INFO misc.py line 117 10873] Train: [34/100][37/50] Data 0.001 (0.534) Batch 0.231 (0.777) Remain 00:42:54 loss: 0.2852 Lr: 0.00474
[2026-07-21 10:22:09,318 INFO misc.py line 117 10873] Train: [34/100][38/50] Data 0.001 (0.519) Batch 0.229 (0.761) Remain 00:42:01 loss: 0.4248 Lr: 0.00474
[2026-07-21 10:22:09,539 INFO misc.py line 117 10873] Train: [34/100][39/50] Data 0.001 (0.504) Batch 0.221 (0.746) Remain 00:41:10 loss: 0.3518 Lr: 0.00474
[2026-07-21 10:22:09,770 INFO misc.py line 117 10873] Train: [34/100][40/50] Data 0.001 (0.491) Batch 0.231 (0.732) Remain 00:40:24 loss: 0.3300 Lr: 0.00474
[2026-07-21 10:22:09,996 INFO misc.py line 117 10873] Train: [34/100][41/50] Data 0.001 (0.478) Batch 0.226 (0.719) Remain 00:39:39 loss: 0.4584 Lr: 0.00474
[2026-07-21 10:22:10,231 INFO misc.py line 117 10873] Train: [34/100][42/50] Data 0.001 (0.466) Batch 0.235 (0.707) Remain 00:38:57 loss: 0.2956 Lr: 0.00473
[2026-07-21 10:22:10,482 INFO misc.py line 117 10873] Train: [34/100][43/50] Data 0.001 (0.454) Batch 0.251 (0.695) Remain 00:38:19 loss: 0.5735 Lr: 0.00473
[2026-07-21 10:22:10,701 INFO misc.py line 117 10873] Train: [34/100][44/50] Data 0.001 (0.443) Batch 0.219 (0.684) Remain 00:37:39 loss: 0.3044 Lr: 0.00473
[2026-07-21 10:22:10,951 INFO misc.py line 117 10873] Train: [34/100][45/50] Data 0.001 (0.433) Batch 0.250 (0.673) Remain 00:37:05 loss: 0.5459 Lr: 0.00473
[2026-07-21 10:22:11,188 INFO misc.py line 117 10873] Train: [34/100][46/50] Data 0.001 (0.423) Batch 0.238 (0.663) Remain 00:36:31 loss: 0.2590 Lr: 0.00473
[2026-07-21 10:22:11,436 INFO misc.py line 117 10873] Train: [34/100][47/50] Data 0.001 (0.413) Batch 0.248 (0.654) Remain 00:35:59 loss: 0.4832 Lr: 0.00473
[2026-07-21 10:22:11,665 INFO misc.py line 117 10873] Train: [34/100][48/50] Data 0.001 (0.404) Batch 0.229 (0.644) Remain 00:35:27 loss: 0.4611 Lr: 0.00472
[2026-07-21 10:22:11,888 INFO misc.py line 117 10873] Train: [34/100][49/50] Data 0.001 (0.395) Batch 0.223 (0.635) Remain 00:34:56 loss: 0.2681 Lr: 0.00472
[2026-07-21 10:22:12,110 INFO misc.py line 117 10873] Train: [34/100][50/50] Data 0.001 (0.387) Batch 0.222 (0.626) Remain 00:34:26 loss: 0.3386 Lr: 0.00472
[2026-07-21 10:22:12,111 INFO misc.py line 147 10873] Train result: loss: 0.4005 
[2026-07-21 10:22:12,111 INFO evaluator.py line 169 10873] >>>>>>>>>>>>>>>> Start Evaluation (Segmentation) >>>>>>>>>>>>>>>>
[2026-07-21 10:22:20,601 INFO evaluator.py line 228 10873] Test: [1/1] Loss 0.4720 
[2026-07-21 10:22:20,865 INFO evaluator.py line 257 10873] Val result: mIoU/macroF1/mAcc/mPrecision/allAcc 0.7261/0.8152/0.7948/0.8418/0.9557.
[2026-07-21 10:22:20,866 INFO evaluator.py line 266 10873] Class_0-road Metrics: IoU=0.9459, accuracy=0.9681, precision=0.9763, F1=0.9722
[2026-07-21 10:22:20,866 INFO evaluator.py line 266 10873] Class_1-road_marking Metrics: IoU=0.4979, accuracy=0.6297, precision=0.7040, F1=0.6648
[2026-07-21 10:22:20,866 INFO evaluator.py line 266 10873] Class_2-natural Metrics: IoU=0.9484, accuracy=0.9810, precision=0.9661, F1=0.9735
[2026-07-21 10:22:20,866 INFO evaluator.py line 266 10873] Class_3-building Metrics: IoU=0.8823, accuracy=0.9460, precision=0.9291, F1=0.9375
[2026-07-21 10:22:20,866 INFO evaluator.py line 266 10873] Class_4-utility_line Metrics: IoU=0.7407, accuracy=0.7567, precision=0.9723, F1=0.8510
[2026-07-21 10:22:20,866 INFO evaluator.py line 266 10873] Class_5-pole Metrics: IoU=0.7141, accuracy=0.8289, precision=0.8376, F1=0.8332
[2026-07-21 10:22:20,866 INFO evaluator.py line 266 10873] Class_6-car Metrics: IoU=0.8542, accuracy=0.9289, precision=0.9140, F1=0.9214
[2026-07-21 10:22:20,866 INFO evaluator.py line 266 10873] Class_7-fence Metrics: IoU=0.2256, accuracy=0.3192, precision=0.4347, F1=0.3681
[2026-07-21 10:22:20,866 INFO evaluator.py line 321 10873] <<<<<<<<<<<<<<<<< End Evaluation <<<<<<<<<<<<<<<<<
[2026-07-21 10:22:20,867 INFO misc.py line 182 10873] Best validation mIoU updated to: 0.7261
[2026-07-21 10:22:20,867 INFO misc.py line 187 10873] Currently Best mIoU: 0.7261
[2026-07-21 10:22:20,867 INFO misc.py line 196 10873] Saving checkpoint to: exp/toronto3d/spunet-toronto3d/model/model_last.pth
[2026-07-21 10:22:57,343 INFO misc.py line 117 10873] Train: [35/100][1/50] Data 33.324 (33.324) Batch 33.590 (33.590) Remain 30:46:52 loss: 0.4383 Lr: 0.00472
[2026-07-21 10:22:57,587 INFO misc.py line 117 10873] Train: [35/100][2/50] Data 0.003 (0.003) Batch 0.244 (0.244) Remain 00:13:25 loss: 0.4086 Lr: 0.00472
[2026-07-21 10:22:57,860 INFO misc.py line 117 10873] Train: [35/100][3/50] Data 0.003 (0.003) Batch 0.273 (0.273) Remain 00:14:58 loss: 0.3727 Lr: 0.00472
[2026-07-21 10:22:58,149 INFO misc.py line 117 10873] Train: [35/100][4/50] Data 0.003 (0.003) Batch 0.290 (0.290) Remain 00:15:56 loss: 0.4354 Lr: 0.00471
[2026-07-21 10:22:58,394 INFO misc.py line 117 10873] Train: [35/100][5/50] Data 0.003 (0.003) Batch 0.243 (0.267) Remain 00:14:38 loss: 0.3970 Lr: 0.00471
[2026-07-21 10:22:58,634 INFO misc.py line 117 10873] Train: [35/100][6/50] Data 0.003 (0.003) Batch 0.241 (0.258) Remain 00:14:10 loss: 0.5304 Lr: 0.00471
[2026-07-21 10:22:58,882 INFO misc.py line 117 10873] Train: [35/100][7/50] Data 0.002 (0.003) Batch 0.248 (0.256) Remain 00:14:01 loss: 0.4151 Lr: 0.00471
[2026-07-21 10:22:59,136 INFO misc.py line 117 10873] Train: [35/100][8/50] Data 0.002 (0.003) Batch 0.254 (0.255) Remain 00:14:00 loss: 0.4489 Lr: 0.00471
[2026-07-21 10:22:59,388 INFO misc.py line 117 10873] Train: [35/100][9/50] Data 0.003 (0.003) Batch 0.253 (0.255) Remain 00:13:58 loss: 0.2932 Lr: 0.00471
[2026-07-21 10:22:59,633 INFO misc.py line 117 10873] Train: [35/100][10/50] Data 0.003 (0.003) Batch 0.245 (0.253) Remain 00:13:53 loss: 0.4207 Lr: 0.00471
[2026-07-21 10:22:59,870 INFO misc.py line 117 10873] Train: [35/100][11/50] Data 0.002 (0.003) Batch 0.236 (0.251) Remain 00:13:46 loss: 0.4259 Lr: 0.00470
[2026-07-21 10:23:00,115 INFO misc.py line 117 10873] Train: [35/100][12/50] Data 0.002 (0.003) Batch 0.245 (0.251) Remain 00:13:43 loss: 0.3759 Lr: 0.00470
[2026-07-21 10:23:00,378 INFO misc.py line 117 10873] Train: [35/100][13/50] Data 0.002 (0.002) Batch 0.263 (0.252) Remain 00:13:47 loss: 0.5167 Lr: 0.00470
[2026-07-21 10:23:00,699 INFO misc.py line 117 10873] Train: [35/100][14/50] Data 0.012 (0.003) Batch 0.321 (0.258) Remain 00:14:08 loss: 0.3920 Lr: 0.00470
[2026-07-21 10:23:00,953 INFO misc.py line 117 10873] Train: [35/100][15/50] Data 0.002 (0.003) Batch 0.254 (0.258) Remain 00:14:06 loss: 0.3765 Lr: 0.00470
[2026-07-21 10:23:01,229 INFO misc.py line 117 10873] Train: [35/100][16/50] Data 0.003 (0.003) Batch 0.275 (0.259) Remain 00:14:11 loss: 0.3386 Lr: 0.00470
[2026-07-21 10:23:01,491 INFO misc.py line 117 10873] Train: [35/100][17/50] Data 0.002 (0.003) Batch 0.263 (0.259) Remain 00:14:11 loss: 0.4247 Lr: 0.00469
[2026-07-21 10:23:01,735 INFO misc.py line 117 10873] Train: [35/100][18/50] Data 0.002 (0.003) Batch 0.244 (0.258) Remain 00:14:08 loss: 0.3686 Lr: 0.00469
[2026-07-21 10:23:01,972 INFO misc.py line 117 10873] Train: [35/100][19/50] Data 0.003 (0.003) Batch 0.237 (0.257) Remain 00:14:03 loss: 0.3567 Lr: 0.00469
[2026-07-21 10:23:02,225 INFO misc.py line 117 10873] Train: [35/100][20/50] Data 0.002 (0.003) Batch 0.251 (0.257) Remain 00:14:02 loss: 0.3821 Lr: 0.00469
[2026-07-21 10:23:02,475 INFO misc.py line 117 10873] Train: [35/100][21/50] Data 0.004 (0.003) Batch 0.251 (0.256) Remain 00:14:00 loss: 0.3754 Lr: 0.00469
[2026-07-21 10:23:02,702 INFO misc.py line 117 10873] Train: [35/100][22/50] Data 0.002 (0.003) Batch 0.227 (0.255) Remain 00:13:55 loss: 0.2961 Lr: 0.00469
[2026-07-21 10:23:02,940 INFO misc.py line 117 10873] Train: [35/100][23/50] Data 0.004 (0.003) Batch 0.239 (0.254) Remain 00:13:52 loss: 0.2999 Lr: 0.00468
[2026-07-21 10:23:03,193 INFO misc.py line 117 10873] Train: [35/100][24/50] Data 0.002 (0.003) Batch 0.252 (0.254) Remain 00:13:51 loss: 0.2573 Lr: 0.00468
[2026-07-21 10:23:03,451 INFO misc.py line 117 10873] Train: [35/100][25/50] Data 0.003 (0.003) Batch 0.259 (0.254) Remain 00:13:52 loss: 0.4690 Lr: 0.00468
[2026-07-21 10:23:03,721 INFO misc.py line 117 10873] Train: [35/100][26/50] Data 0.003 (0.003) Batch 0.270 (0.255) Remain 00:13:54 loss: 0.3334 Lr: 0.00468
[2026-07-21 10:23:03,951 INFO misc.py line 117 10873] Train: [35/100][27/50] Data 0.002 (0.003) Batch 0.230 (0.254) Remain 00:13:50 loss: 0.4711 Lr: 0.00468
[2026-07-21 10:23:04,203 INFO misc.py line 117 10873] Train: [35/100][28/50] Data 0.002 (0.003) Batch 0.252 (0.254) Remain 00:13:50 loss: 0.4376 Lr: 0.00468
[2026-07-21 10:23:20,608 INFO misc.py line 117 10873] Train: [35/100][29/50] Data 16.170 (0.625) Batch 16.405 (0.875) Remain 00:47:41 loss: 0.3390 Lr: 0.00467
[2026-07-21 10:23:20,828 INFO misc.py line 117 10873] Train: [35/100][30/50] Data 0.002 (0.602) Batch 0.221 (0.851) Remain 00:46:21 loss: 0.3662 Lr: 0.00467
[2026-07-21 10:23:21,056 INFO misc.py line 117 10873] Train: [35/100][31/50] Data 0.002 (0.580) Batch 0.228 (0.828) Remain 00:45:08 loss: 0.3206 Lr: 0.00467
[2026-07-21 10:23:21,281 INFO misc.py line 117 10873] Train: [35/100][32/50] Data 0.001 (0.560) Batch 0.225 (0.808) Remain 00:43:59 loss: 0.2791 Lr: 0.00467
[2026-07-21 10:23:21,519 INFO misc.py line 117 10873] Train: [35/100][33/50] Data 0.001 (0.542) Batch 0.238 (0.789) Remain 00:42:56 loss: 0.4335 Lr: 0.00467
[2026-07-21 10:23:21,746 INFO misc.py line 117 10873] Train: [35/100][34/50] Data 0.001 (0.524) Batch 0.227 (0.771) Remain 00:41:56 loss: 0.2774 Lr: 0.00467
[2026-07-21 10:23:21,967 INFO misc.py line 117 10873] Train: [35/100][35/50] Data 0.002 (0.508) Batch 0.221 (0.753) Remain 00:40:59 loss: 0.3509 Lr: 0.00466
[2026-07-21 10:23:22,194 INFO misc.py line 117 10873] Train: [35/100][36/50] Data 0.002 (0.493) Batch 0.228 (0.737) Remain 00:40:06 loss: 0.3273 Lr: 0.00466
[2026-07-21 10:23:22,415 INFO misc.py line 117 10873] Train: [35/100][37/50] Data 0.001 (0.478) Batch 0.221 (0.722) Remain 00:39:16 loss: 0.3143 Lr: 0.00466
[2026-07-21 10:23:22,676 INFO misc.py line 117 10873] Train: [35/100][38/50] Data 0.001 (0.465) Batch 0.261 (0.709) Remain 00:38:32 loss: 0.4678 Lr: 0.00466
[2026-07-21 10:23:22,903 INFO misc.py line 117 10873] Train: [35/100][39/50] Data 0.001 (0.452) Batch 0.227 (0.696) Remain 00:37:48 loss: 0.3289 Lr: 0.00466
[2026-07-21 10:23:23,127 INFO misc.py line 117 10873] Train: [35/100][40/50] Data 0.001 (0.439) Batch 0.224 (0.683) Remain 00:37:06 loss: 0.2988 Lr: 0.00466
[2026-07-21 10:23:23,348 INFO misc.py line 117 10873] Train: [35/100][41/50] Data 0.001 (0.428) Batch 0.221 (0.671) Remain 00:36:26 loss: 0.2929 Lr: 0.00465
[2026-07-21 10:23:23,559 INFO misc.py line 117 10873] Train: [35/100][42/50] Data 0.001 (0.417) Batch 0.211 (0.659) Remain 00:35:46 loss: 0.3106 Lr: 0.00465
[2026-07-21 10:23:23,795 INFO misc.py line 117 10873] Train: [35/100][43/50] Data 0.001 (0.407) Batch 0.236 (0.648) Remain 00:35:11 loss: 0.3423 Lr: 0.00465
[2026-07-21 10:23:24,023 INFO misc.py line 117 10873] Train: [35/100][44/50] Data 0.001 (0.397) Batch 0.228 (0.638) Remain 00:34:37 loss: 0.2560 Lr: 0.00465
[2026-07-21 10:23:24,259 INFO misc.py line 117 10873] Train: [35/100][45/50] Data 0.001 (0.387) Batch 0.236 (0.629) Remain 00:34:06 loss: 0.2513 Lr: 0.00465
[2026-07-21 10:23:24,491 INFO misc.py line 117 10873] Train: [35/100][46/50] Data 0.002 (0.378) Batch 0.232 (0.619) Remain 00:33:35 loss: 0.3891 Lr: 0.00465
[2026-07-21 10:23:24,719 INFO misc.py line 117 10873] Train: [35/100][47/50] Data 0.002 (0.370) Batch 0.229 (0.610) Remain 00:33:05 loss: 0.3532 Lr: 0.00464
[2026-07-21 10:23:24,944 INFO misc.py line 117 10873] Train: [35/100][48/50] Data 0.001 (0.362) Batch 0.225 (0.602) Remain 00:32:37 loss: 0.3080 Lr: 0.00464
[2026-07-21 10:23:25,201 INFO misc.py line 117 10873] Train: [35/100][49/50] Data 0.001 (0.354) Batch 0.257 (0.594) Remain 00:32:12 loss: 0.4168 Lr: 0.00464
[2026-07-21 10:23:25,435 INFO misc.py line 117 10873] Train: [35/100][50/50] Data 0.001 (0.346) Batch 0.233 (0.587) Remain 00:31:46 loss: 0.3241 Lr: 0.00464
[2026-07-21 10:23:25,435 INFO misc.py line 147 10873] Train result: loss: 0.3681 
[2026-07-21 10:23:25,435 INFO evaluator.py line 169 10873] >>>>>>>>>>>>>>>> Start Evaluation (Segmentation) >>>>>>>>>>>>>>>>
[2026-07-21 10:23:33,901 INFO evaluator.py line 228 10873] Test: [1/1] Loss 0.4791 
[2026-07-21 10:23:34,158 INFO evaluator.py line 257 10873] Val result: mIoU/macroF1/mAcc/mPrecision/allAcc 0.7304/0.8225/0.8081/0.8426/0.9518.
[2026-07-21 10:23:34,159 INFO evaluator.py line 266 10873] Class_0-road Metrics: IoU=0.9415, accuracy=0.9657, precision=0.9741, F1=0.9698
[2026-07-21 10:23:34,159 INFO evaluator.py line 266 10873] Class_1-road_marking Metrics: IoU=0.4787, accuracy=0.6193, precision=0.6783, F1=0.6475
[2026-07-21 10:23:34,159 INFO evaluator.py line 266 10873] Class_2-natural Metrics: IoU=0.9464, accuracy=0.9750, precision=0.9699, F1=0.9725
[2026-07-21 10:23:34,159 INFO evaluator.py line 266 10873] Class_3-building Metrics: IoU=0.8621, accuracy=0.9628, precision=0.8918, F1=0.9260
[2026-07-21 10:23:34,159 INFO evaluator.py line 266 10873] Class_4-utility_line Metrics: IoU=0.8135, accuracy=0.8694, precision=0.9268, F1=0.8972
[2026-07-21 10:23:34,159 INFO evaluator.py line 266 10873] Class_5-pole Metrics: IoU=0.6867, accuracy=0.7260, precision=0.9270, F1=0.8143
[2026-07-21 10:23:34,159 INFO evaluator.py line 266 10873] Class_6-car Metrics: IoU=0.8250, accuracy=0.8547, precision=0.9595, F1=0.9041
[2026-07-21 10:23:34,159 INFO evaluator.py line 266 10873] Class_7-fence Metrics: IoU=0.2894, accuracy=0.4916, precision=0.4129, F1=0.4488
[2026-07-21 10:23:34,160 INFO evaluator.py line 321 10873] <<<<<<<<<<<<<<<<< End Evaluation <<<<<<<<<<<<<<<<<
[2026-07-21 10:23:34,160 INFO misc.py line 182 10873] Best validation mIoU updated to: 0.7304
[2026-07-21 10:23:34,160 INFO misc.py line 187 10873] Currently Best mIoU: 0.7304
[2026-07-21 10:23:34,161 INFO misc.py line 196 10873] Saving checkpoint to: exp/toronto3d/spunet-toronto3d/model/model_last.pth
[2026-07-21 10:24:04,958 INFO misc.py line 117 10873] Train: [36/100][1/50] Data 27.636 (27.636) Batch 27.923 (27.923) Remain 25:12:01 loss: 0.2065 Lr: 0.00464
[2026-07-21 10:24:05,275 INFO misc.py line 117 10873] Train: [36/100][2/50] Data 0.022 (0.022) Batch 0.317 (0.317) Remain 00:17:10 loss: 0.3678 Lr: 0.00464
[2026-07-21 10:24:05,536 INFO misc.py line 117 10873] Train: [36/100][3/50] Data 0.004 (0.004) Batch 0.261 (0.261) Remain 00:14:06 loss: 0.2759 Lr: 0.00463
[2026-07-21 10:24:05,772 INFO misc.py line 117 10873] Train: [36/100][4/50] Data 0.002 (0.002) Batch 0.234 (0.234) Remain 00:12:40 loss: 0.3444 Lr: 0.00463
[2026-07-21 10:24:06,084 INFO misc.py line 117 10873] Train: [36/100][5/50] Data 0.052 (0.027) Batch 0.312 (0.273) Remain 00:14:47 loss: 0.2860 Lr: 0.00463
[2026-07-21 10:24:06,400 INFO misc.py line 117 10873] Train: [36/100][6/50] Data 0.008 (0.021) Batch 0.317 (0.288) Remain 00:15:33 loss: 0.4059 Lr: 0.00463
[2026-07-21 10:24:06,659 INFO misc.py line 117 10873] Train: [36/100][7/50] Data 0.010 (0.018) Batch 0.259 (0.281) Remain 00:15:10 loss: 0.3555 Lr: 0.00463
[2026-07-21 10:24:06,903 INFO misc.py line 117 10873] Train: [36/100][8/50] Data 0.003 (0.015) Batch 0.244 (0.273) Remain 00:14:46 loss: 0.4083 Lr: 0.00463
[2026-07-21 10:24:07,800 INFO misc.py line 117 10873] Train: [36/100][9/50] Data 0.649 (0.121) Batch 0.898 (0.377) Remain 00:20:23 loss: 0.4721 Lr: 0.00462
[2026-07-21 10:24:08,049 INFO misc.py line 117 10873] Train: [36/100][10/50] Data 0.002 (0.104) Batch 0.249 (0.359) Remain 00:19:23 loss: 0.3757 Lr: 0.00462
[2026-07-21 10:24:08,288 INFO misc.py line 117 10873] Train: [36/100][11/50] Data 0.002 (0.091) Batch 0.237 (0.344) Remain 00:18:33 loss: 0.2738 Lr: 0.00462
[2026-07-21 10:24:08,535 INFO misc.py line 117 10873] Train: [36/100][12/50] Data 0.005 (0.082) Batch 0.248 (0.333) Remain 00:17:58 loss: 0.3266 Lr: 0.00462
[2026-07-21 10:24:08,790 INFO misc.py line 117 10873] Train: [36/100][13/50] Data 0.003 (0.074) Batch 0.255 (0.325) Remain 00:17:33 loss: 0.3312 Lr: 0.00462
[2026-07-21 10:24:09,078 INFO misc.py line 117 10873] Train: [36/100][14/50] Data 0.004 (0.067) Batch 0.289 (0.322) Remain 00:17:22 loss: 0.2472 Lr: 0.00462
[2026-07-21 10:24:09,314 INFO misc.py line 117 10873] Train: [36/100][15/50] Data 0.003 (0.062) Batch 0.236 (0.315) Remain 00:16:58 loss: 0.4256 Lr: 0.00461
[2026-07-21 10:24:09,599 INFO misc.py line 117 10873] Train: [36/100][16/50] Data 0.003 (0.057) Batch 0.274 (0.312) Remain 00:16:48 loss: 0.3074 Lr: 0.00461
[2026-07-21 10:24:09,862 INFO misc.py line 117 10873] Train: [36/100][17/50] Data 0.013 (0.054) Batch 0.274 (0.309) Remain 00:16:39 loss: 0.2858 Lr: 0.00461
[2026-07-21 10:24:10,099 INFO misc.py line 117 10873] Train: [36/100][18/50] Data 0.003 (0.051) Batch 0.235 (0.304) Remain 00:16:22 loss: 0.2209 Lr: 0.00461
[2026-07-21 10:24:10,369 INFO misc.py line 117 10873] Train: [36/100][19/50] Data 0.005 (0.048) Batch 0.271 (0.302) Remain 00:16:15 loss: 0.3715 Lr: 0.00461
[2026-07-21 10:24:10,610 INFO misc.py line 117 10873] Train: [36/100][20/50] Data 0.004 (0.045) Batch 0.242 (0.298) Remain 00:16:04 loss: 0.3479 Lr: 0.00461
[2026-07-21 10:24:10,871 INFO misc.py line 117 10873] Train: [36/100][21/50] Data 0.002 (0.043) Batch 0.260 (0.296) Remain 00:15:56 loss: 0.3787 Lr: 0.00460
[2026-07-21 10:24:11,123 INFO misc.py line 117 10873] Train: [36/100][22/50] Data 0.004 (0.041) Batch 0.252 (0.294) Remain 00:15:49 loss: 0.3151 Lr: 0.00460
[2026-07-21 10:24:11,358 INFO misc.py line 117 10873] Train: [36/100][23/50] Data 0.003 (0.039) Batch 0.235 (0.291) Remain 00:15:39 loss: 0.2943 Lr: 0.00460
[2026-07-21 10:24:11,602 INFO misc.py line 117 10873] Train: [36/100][24/50] Data 0.003 (0.037) Batch 0.245 (0.289) Remain 00:15:31 loss: 0.3277 Lr: 0.00460
[2026-07-21 10:24:11,847 INFO misc.py line 117 10873] Train: [36/100][25/50] Data 0.002 (0.036) Batch 0.245 (0.287) Remain 00:15:25 loss: 0.3139 Lr: 0.00460
[2026-07-21 10:24:12,088 INFO misc.py line 117 10873] Train: [36/100][26/50] Data 0.003 (0.034) Batch 0.241 (0.285) Remain 00:15:18 loss: 0.2669 Lr: 0.00460
[2026-07-21 10:24:12,345 INFO misc.py line 117 10873] Train: [36/100][27/50] Data 0.002 (0.033) Batch 0.257 (0.284) Remain 00:15:14 loss: 0.3965 Lr: 0.00459
[2026-07-21 10:24:12,605 INFO misc.py line 117 10873] Train: [36/100][28/50] Data 0.002 (0.032) Batch 0.258 (0.283) Remain 00:15:10 loss: 0.3462 Lr: 0.00459
[2026-07-21 10:24:30,052 INFO misc.py line 117 10873] Train: [36/100][29/50] Data 17.207 (0.692) Batch 17.449 (0.943) Remain 00:50:37 loss: 0.3111 Lr: 0.00459
[2026-07-21 10:24:30,307 INFO misc.py line 117 10873] Train: [36/100][30/50] Data 0.002 (0.667) Batch 0.254 (0.917) Remain 00:49:14 loss: 0.4295 Lr: 0.00459
[2026-07-21 10:24:30,552 INFO misc.py line 117 10873] Train: [36/100][31/50] Data 0.002 (0.643) Batch 0.245 (0.893) Remain 00:47:56 loss: 0.3730 Lr: 0.00459
[2026-07-21 10:24:30,782 INFO misc.py line 117 10873] Train: [36/100][32/50] Data 0.002 (0.621) Batch 0.230 (0.871) Remain 00:46:41 loss: 0.3847 Lr: 0.00459
[2026-07-21 10:24:31,004 INFO misc.py line 117 10873] Train: [36/100][33/50] Data 0.002 (0.600) Batch 0.222 (0.849) Remain 00:45:31 loss: 0.2473 Lr: 0.00458
[2026-07-21 10:24:31,231 INFO misc.py line 117 10873] Train: [36/100][34/50] Data 0.002 (0.581) Batch 0.226 (0.829) Remain 00:44:25 loss: 0.3069 Lr: 0.00458
[2026-07-21 10:24:31,482 INFO misc.py line 117 10873] Train: [36/100][35/50] Data 0.002 (0.563) Batch 0.251 (0.811) Remain 00:43:26 loss: 0.3784 Lr: 0.00458
[2026-07-21 10:24:31,707 INFO misc.py line 117 10873] Train: [36/100][36/50] Data 0.002 (0.546) Batch 0.225 (0.793) Remain 00:42:28 loss: 0.3996 Lr: 0.00458
[2026-07-21 10:24:33,055 INFO misc.py line 117 10873] Train: [36/100][37/50] Data 1.129 (0.563) Batch 1.349 (0.809) Remain 00:43:20 loss: 0.3470 Lr: 0.00458
[2026-07-21 10:24:33,278 INFO misc.py line 117 10873] Train: [36/100][38/50] Data 0.001 (0.547) Batch 0.223 (0.793) Remain 00:42:26 loss: 0.4724 Lr: 0.00458
[2026-07-21 10:24:33,530 INFO misc.py line 117 10873] Train: [36/100][39/50] Data 0.001 (0.532) Batch 0.252 (0.778) Remain 00:41:36 loss: 0.4511 Lr: 0.00457
[2026-07-21 10:24:33,750 INFO misc.py line 117 10873] Train: [36/100][40/50] Data 0.001 (0.517) Batch 0.220 (0.763) Remain 00:40:47 loss: 0.3622 Lr: 0.00457
[2026-07-21 10:24:33,968 INFO misc.py line 117 10873] Train: [36/100][41/50] Data 0.001 (0.504) Batch 0.218 (0.748) Remain 00:40:01 loss: 0.3168 Lr: 0.00457
[2026-07-21 10:24:34,212 INFO misc.py line 117 10873] Train: [36/100][42/50] Data 0.001 (0.491) Batch 0.244 (0.735) Remain 00:39:18 loss: 0.3656 Lr: 0.00457
[2026-07-21 10:24:34,644 INFO misc.py line 117 10873] Train: [36/100][43/50] Data 0.208 (0.484) Batch 0.432 (0.728) Remain 00:38:53 loss: 0.3022 Lr: 0.00457
[2026-07-21 10:24:34,877 INFO misc.py line 117 10873] Train: [36/100][44/50] Data 0.001 (0.472) Batch 0.233 (0.716) Remain 00:38:14 loss: 0.3362 Lr: 0.00457
[2026-07-21 10:24:35,106 INFO misc.py line 117 10873] Train: [36/100][45/50] Data 0.001 (0.461) Batch 0.230 (0.704) Remain 00:37:36 loss: 0.2957 Lr: 0.00456
[2026-07-21 10:24:35,338 INFO misc.py line 117 10873] Train: [36/100][46/50] Data 0.001 (0.450) Batch 0.231 (0.693) Remain 00:37:00 loss: 0.4625 Lr: 0.00456
[2026-07-21 10:24:35,574 INFO misc.py line 117 10873] Train: [36/100][47/50] Data 0.001 (0.440) Batch 0.236 (0.683) Remain 00:36:26 loss: 0.3909 Lr: 0.00456
[2026-07-21 10:24:35,796 INFO misc.py line 117 10873] Train: [36/100][48/50] Data 0.001 (0.430) Batch 0.222 (0.672) Remain 00:35:53 loss: 0.2870 Lr: 0.00456
[2026-07-21 10:24:36,021 INFO misc.py line 117 10873] Train: [36/100][49/50] Data 0.001 (0.421) Batch 0.225 (0.663) Remain 00:35:21 loss: 0.3212 Lr: 0.00456
[2026-07-21 10:24:36,244 INFO misc.py line 117 10873] Train: [36/100][50/50] Data 0.001 (0.412) Batch 0.223 (0.653) Remain 00:34:50 loss: 0.3829 Lr: 0.00456
[2026-07-21 10:24:36,244 INFO misc.py line 147 10873] Train result: loss: 0.3440 
[2026-07-21 10:24:36,245 INFO evaluator.py line 169 10873] >>>>>>>>>>>>>>>> Start Evaluation (Segmentation) >>>>>>>>>>>>>>>>
[2026-07-21 10:24:44,681 INFO evaluator.py line 228 10873] Test: [1/1] Loss 0.5672 
[2026-07-21 10:24:44,944 INFO evaluator.py line 257 10873] Val result: mIoU/macroF1/mAcc/mPrecision/allAcc 0.6903/0.7931/0.7774/0.8372/0.9405.
[2026-07-21 10:24:44,944 INFO evaluator.py line 266 10873] Class_0-road Metrics: IoU=0.9374, accuracy=0.9651, precision=0.9703, F1=0.9677
[2026-07-21 10:24:44,944 INFO evaluator.py line 266 10873] Class_1-road_marking Metrics: IoU=0.4448, accuracy=0.6043, precision=0.6277, F1=0.6158
[2026-07-21 10:24:44,945 INFO evaluator.py line 266 10873] Class_2-natural Metrics: IoU=0.9138, accuracy=0.9408, precision=0.9695, F1=0.9549
[2026-07-21 10:24:44,945 INFO evaluator.py line 266 10873] Class_3-building Metrics: IoU=0.8583, accuracy=0.9643, precision=0.8864, F1=0.9237
[2026-07-21 10:24:44,945 INFO evaluator.py line 266 10873] Class_4-utility_line Metrics: IoU=0.6601, accuracy=0.7789, precision=0.8123, F1=0.7953
[2026-07-21 10:24:44,945 INFO evaluator.py line 266 10873] Class_5-pole Metrics: IoU=0.7368, accuracy=0.8043, precision=0.8977, F1=0.8484
[2026-07-21 10:24:44,945 INFO evaluator.py line 266 10873] Class_6-car Metrics: IoU=0.7204, accuracy=0.8864, precision=0.7938, F1=0.8375
[2026-07-21 10:24:44,945 INFO evaluator.py line 266 10873] Class_7-fence Metrics: IoU=0.2509, accuracy=0.2753, precision=0.7397, F1=0.4012
[2026-07-21 10:24:44,945 INFO evaluator.py line 321 10873] <<<<<<<<<<<<<<<<< End Evaluation <<<<<<<<<<<<<<<<<
[2026-07-21 10:24:44,946 INFO misc.py line 187 10873] Currently Best mIoU: 0.7304
[2026-07-21 10:24:44,946 INFO misc.py line 196 10873] Saving checkpoint to: exp/toronto3d/spunet-toronto3d/model/model_last.pth
[2026-07-21 10:25:13,959 INFO misc.py line 117 10873] Train: [37/100][1/50] Data 28.451 (28.451) Batch 28.746 (28.746) Remain 25:32:39 loss: 0.4419 Lr: 0.00455
[2026-07-21 10:25:14,247 INFO misc.py line 117 10873] Train: [37/100][2/50] Data 0.002 (0.002) Batch 0.288 (0.288) Remain 00:15:20 loss: 0.4130 Lr: 0.00455
[2026-07-21 10:25:14,559 INFO misc.py line 117 10873] Train: [37/100][3/50] Data 0.071 (0.071) Batch 0.312 (0.312) Remain 00:16:37 loss: 0.3245 Lr: 0.00455
[2026-07-21 10:25:14,815 INFO misc.py line 117 10873] Train: [37/100][4/50] Data 0.003 (0.003) Batch 0.257 (0.257) Remain 00:13:39 loss: 0.3843 Lr: 0.00455
[2026-07-21 10:25:15,053 INFO misc.py line 117 10873] Train: [37/100][5/50] Data 0.003 (0.003) Batch 0.238 (0.247) Remain 00:13:10 loss: 0.3429 Lr: 0.00455
[2026-07-21 10:25:15,314 INFO misc.py line 117 10873] Train: [37/100][6/50] Data 0.003 (0.003) Batch 0.261 (0.252) Remain 00:13:23 loss: 0.2770 Lr: 0.00455
[2026-07-21 10:25:16,474 INFO misc.py line 117 10873] Train: [37/100][7/50] Data 0.934 (0.236) Batch 1.160 (0.479) Remain 00:25:28 loss: 0.3601 Lr: 0.00454
[2026-07-21 10:25:16,793 INFO misc.py line 117 10873] Train: [37/100][8/50] Data 0.036 (0.196) Batch 0.320 (0.447) Remain 00:23:46 loss: 0.4788 Lr: 0.00454
[2026-07-21 10:25:17,050 INFO misc.py line 117 10873] Train: [37/100][9/50] Data 0.003 (0.163) Batch 0.256 (0.415) Remain 00:22:04 loss: 0.3017 Lr: 0.00454
[2026-07-21 10:25:17,312 INFO misc.py line 117 10873] Train: [37/100][10/50] Data 0.003 (0.140) Batch 0.262 (0.393) Remain 00:20:54 loss: 0.3845 Lr: 0.00454
[2026-07-21 10:25:17,547 INFO misc.py line 117 10873] Train: [37/100][11/50] Data 0.003 (0.123) Batch 0.236 (0.374) Remain 00:19:51 loss: 0.2826 Lr: 0.00454
[2026-07-21 10:25:17,809 INFO misc.py line 117 10873] Train: [37/100][12/50] Data 0.002 (0.110) Batch 0.261 (0.361) Remain 00:19:11 loss: 0.3614 Lr: 0.00453
[2026-07-21 10:25:18,093 INFO misc.py line 117 10873] Train: [37/100][13/50] Data 0.003 (0.099) Batch 0.285 (0.354) Remain 00:18:46 loss: 0.3050 Lr: 0.00453
[2026-07-21 10:25:18,321 INFO misc.py line 117 10873] Train: [37/100][14/50] Data 0.002 (0.090) Batch 0.227 (0.342) Remain 00:18:09 loss: 0.4041 Lr: 0.00453
[2026-07-21 10:25:18,653 INFO misc.py line 117 10873] Train: [37/100][15/50] Data 0.008 (0.083) Batch 0.332 (0.341) Remain 00:18:06 loss: 0.2915 Lr: 0.00453
[2026-07-21 10:25:18,913 INFO misc.py line 117 10873] Train: [37/100][16/50] Data 0.002 (0.077) Batch 0.260 (0.335) Remain 00:17:46 loss: 0.3778 Lr: 0.00453
[2026-07-21 10:25:19,160 INFO misc.py line 117 10873] Train: [37/100][17/50] Data 0.003 (0.072) Batch 0.246 (0.329) Remain 00:17:26 loss: 0.4405 Lr: 0.00453
[2026-07-21 10:25:19,408 INFO misc.py line 117 10873] Train: [37/100][18/50] Data 0.003 (0.067) Batch 0.248 (0.323) Remain 00:17:08 loss: 0.2707 Lr: 0.00452
[2026-07-21 10:25:19,656 INFO misc.py line 117 10873] Train: [37/100][19/50] Data 0.003 (0.063) Batch 0.248 (0.319) Remain 00:16:53 loss: 0.2681 Lr: 0.00452
[2026-07-21 10:25:19,898 INFO misc.py line 117 10873] Train: [37/100][20/50] Data 0.002 (0.060) Batch 0.242 (0.314) Remain 00:16:38 loss: 0.3521 Lr: 0.00452
[2026-07-21 10:25:20,141 INFO misc.py line 117 10873] Train: [37/100][21/50] Data 0.003 (0.057) Batch 0.243 (0.310) Remain 00:16:25 loss: 0.3596 Lr: 0.00452
[2026-07-21 10:25:20,400 INFO misc.py line 117 10873] Train: [37/100][22/50] Data 0.003 (0.054) Batch 0.258 (0.307) Remain 00:16:16 loss: 0.2735 Lr: 0.00452
[2026-07-21 10:25:20,641 INFO misc.py line 117 10873] Train: [37/100][23/50] Data 0.003 (0.051) Batch 0.241 (0.304) Remain 00:16:06 loss: 0.2969 Lr: 0.00452
[2026-07-21 10:25:20,870 INFO misc.py line 117 10873] Train: [37/100][24/50] Data 0.002 (0.049) Batch 0.229 (0.301) Remain 00:15:54 loss: 0.3258 Lr: 0.00451
[2026-07-21 10:25:21,117 INFO misc.py line 117 10873] Train: [37/100][25/50] Data 0.002 (0.047) Batch 0.247 (0.298) Remain 00:15:46 loss: 0.3755 Lr: 0.00451
[2026-07-21 10:25:21,371 INFO misc.py line 117 10873] Train: [37/100][26/50] Data 0.003 (0.045) Batch 0.254 (0.296) Remain 00:15:40 loss: 0.3750 Lr: 0.00451
[2026-07-21 10:25:21,617 INFO misc.py line 117 10873] Train: [37/100][27/50] Data 0.002 (0.043) Batch 0.245 (0.294) Remain 00:15:33 loss: 0.3221 Lr: 0.00451
[2026-07-21 10:25:21,876 INFO misc.py line 117 10873] Train: [37/100][28/50] Data 0.003 (0.041) Batch 0.256 (0.293) Remain 00:15:28 loss: 0.3925 Lr: 0.00451
[2026-07-21 10:25:39,270 INFO misc.py line 117 10873] Train: [37/100][29/50] Data 17.168 (0.700) Batch 17.398 (0.950) Remain 00:50:13 loss: 0.3204 Lr: 0.00451
[2026-07-21 10:25:39,677 INFO misc.py line 117 10873] Train: [37/100][30/50] Data 0.181 (0.681) Batch 0.407 (0.930) Remain 00:49:09 loss: 0.2593 Lr: 0.00450
[2026-07-21 10:25:40,786 INFO misc.py line 117 10873] Train: [37/100][31/50] Data 0.880 (0.688) Batch 1.109 (0.937) Remain 00:49:28 loss: 0.5072 Lr: 0.00450
[2026-07-21 10:25:41,006 INFO misc.py line 117 10873] Train: [37/100][32/50] Data 0.002 (0.664) Batch 0.220 (0.912) Remain 00:48:09 loss: 0.4140 Lr: 0.00450
[2026-07-21 10:25:41,231 INFO misc.py line 117 10873] Train: [37/100][33/50] Data 0.002 (0.642) Batch 0.225 (0.889) Remain 00:46:55 loss: 0.3456 Lr: 0.00450
[2026-07-21 10:25:41,470 INFO misc.py line 117 10873] Train: [37/100][34/50] Data 0.002 (0.622) Batch 0.239 (0.868) Remain 00:45:48 loss: 0.3735 Lr: 0.00450
[2026-07-21 10:25:41,704 INFO misc.py line 117 10873] Train: [37/100][35/50] Data 0.014 (0.603) Batch 0.235 (0.848) Remain 00:44:44 loss: 0.3130 Lr: 0.00450
[2026-07-21 10:25:41,914 INFO misc.py line 117 10873] Train: [37/100][36/50] Data 0.001 (0.584) Batch 0.210 (0.829) Remain 00:43:42 loss: 0.3079 Lr: 0.00449
[2026-07-21 10:25:42,145 INFO misc.py line 117 10873] Train: [37/100][37/50] Data 0.001 (0.567) Batch 0.231 (0.811) Remain 00:42:46 loss: 0.3786 Lr: 0.00449
[2026-07-21 10:25:42,377 INFO misc.py line 117 10873] Train: [37/100][38/50] Data 0.001 (0.551) Batch 0.232 (0.795) Remain 00:41:53 loss: 0.3893 Lr: 0.00449
[2026-07-21 10:25:42,597 INFO misc.py line 117 10873] Train: [37/100][39/50] Data 0.001 (0.536) Batch 0.220 (0.779) Remain 00:41:02 loss: 0.3361 Lr: 0.00449
[2026-07-21 10:25:42,830 INFO misc.py line 117 10873] Train: [37/100][40/50] Data 0.001 (0.521) Batch 0.233 (0.764) Remain 00:40:14 loss: 0.4033 Lr: 0.00449
[2026-07-21 10:25:43,038 INFO misc.py line 117 10873] Train: [37/100][41/50] Data 0.001 (0.508) Batch 0.208 (0.749) Remain 00:39:27 loss: 0.3339 Lr: 0.00449
[2026-07-21 10:25:43,264 INFO misc.py line 117 10873] Train: [37/100][42/50] Data 0.001 (0.495) Batch 0.226 (0.736) Remain 00:38:44 loss: 0.3672 Lr: 0.00448
[2026-07-21 10:25:43,492 INFO misc.py line 117 10873] Train: [37/100][43/50] Data 0.001 (0.482) Batch 0.228 (0.723) Remain 00:38:03 loss: 0.2661 Lr: 0.00448
[2026-07-21 10:25:43,738 INFO misc.py line 117 10873] Train: [37/100][44/50] Data 0.001 (0.471) Batch 0.246 (0.712) Remain 00:37:26 loss: 0.3740 Lr: 0.00448
[2026-07-21 10:25:43,971 INFO misc.py line 117 10873] Train: [37/100][45/50] Data 0.001 (0.459) Batch 0.233 (0.700) Remain 00:36:49 loss: 0.4919 Lr: 0.00448
[2026-07-21 10:25:44,197 INFO misc.py line 117 10873] Train: [37/100][46/50] Data 0.001 (0.449) Batch 0.226 (0.689) Remain 00:36:14 loss: 0.3513 Lr: 0.00448
[2026-07-21 10:25:44,428 INFO misc.py line 117 10873] Train: [37/100][47/50] Data 0.001 (0.439) Batch 0.231 (0.679) Remain 00:35:40 loss: 0.3835 Lr: 0.00447
[2026-07-21 10:25:44,652 INFO misc.py line 117 10873] Train: [37/100][48/50] Data 0.001 (0.429) Batch 0.224 (0.669) Remain 00:35:07 loss: 0.3483 Lr: 0.00447
[2026-07-21 10:25:44,877 INFO misc.py line 117 10873] Train: [37/100][49/50] Data 0.001 (0.420) Batch 0.225 (0.659) Remain 00:34:36 loss: 0.2864 Lr: 0.00447
[2026-07-21 10:25:45,095 INFO misc.py line 117 10873] Train: [37/100][50/50] Data 0.001 (0.411) Batch 0.218 (0.650) Remain 00:34:06 loss: 0.2937 Lr: 0.00447
[2026-07-21 10:25:45,095 INFO misc.py line 147 10873] Train result: loss: 0.3526 
[2026-07-21 10:25:45,096 INFO evaluator.py line 169 10873] >>>>>>>>>>>>>>>> Start Evaluation (Segmentation) >>>>>>>>>>>>>>>>
[2026-07-21 10:25:54,053 INFO evaluator.py line 228 10873] Test: [1/1] Loss 0.6914 
[2026-07-21 10:25:54,316 INFO evaluator.py line 257 10873] Val result: mIoU/macroF1/mAcc/mPrecision/allAcc 0.6429/0.7568/0.7251/0.8111/0.9141.
[2026-07-21 10:25:54,316 INFO evaluator.py line 266 10873] Class_0-road Metrics: IoU=0.9359, accuracy=0.9602, precision=0.9737, F1=0.9669
[2026-07-21 10:25:54,316 INFO evaluator.py line 266 10873] Class_1-road_marking Metrics: IoU=0.4307, accuracy=0.5412, precision=0.6784, F1=0.6021
[2026-07-21 10:25:54,317 INFO evaluator.py line 266 10873] Class_2-natural Metrics: IoU=0.8746, accuracy=0.8922, precision=0.9779, F1=0.9331
[2026-07-21 10:25:54,317 INFO evaluator.py line 266 10873] Class_3-building Metrics: IoU=0.6951, accuracy=0.9825, precision=0.7039, F1=0.8202
[2026-07-21 10:25:54,317 INFO evaluator.py line 266 10873] Class_4-utility_line Metrics: IoU=0.6253, accuracy=0.7220, precision=0.8237, F1=0.7695
[2026-07-21 10:25:54,317 INFO evaluator.py line 266 10873] Class_5-pole Metrics: IoU=0.6701, accuracy=0.7171, precision=0.9109, F1=0.8025
[2026-07-21 10:25:54,317 INFO evaluator.py line 266 10873] Class_6-car Metrics: IoU=0.7186, accuracy=0.7290, precision=0.9805, F1=0.8362
[2026-07-21 10:25:54,317 INFO evaluator.py line 266 10873] Class_7-fence Metrics: IoU=0.1931, accuracy=0.2562, precision=0.4396, F1=0.3238
[2026-07-21 10:25:54,317 INFO evaluator.py line 321 10873] <<<<<<<<<<<<<<<<< End Evaluation <<<<<<<<<<<<<<<<<
[2026-07-21 10:25:54,318 INFO misc.py line 187 10873] Currently Best mIoU: 0.7304
[2026-07-21 10:25:54,319 INFO misc.py line 196 10873] Saving checkpoint to: exp/toronto3d/spunet-toronto3d/model/model_last.pth
[2026-07-21 10:26:24,926 INFO misc.py line 117 10873] Train: [38/100][1/50] Data 30.099 (30.099) Batch 30.337 (30.337) Remain 26:32:12 loss: 0.2816 Lr: 0.00447
[2026-07-21 10:26:25,179 INFO misc.py line 117 10873] Train: [38/100][2/50] Data 0.003 (0.003) Batch 0.253 (0.253) Remain 00:13:16 loss: 0.2747 Lr: 0.00447
[2026-07-21 10:26:25,418 INFO misc.py line 117 10873] Train: [38/100][3/50] Data 0.002 (0.002) Batch 0.239 (0.239) Remain 00:12:30 loss: 0.4067 Lr: 0.00446
[2026-07-21 10:26:28,117 INFO misc.py line 117 10873] Train: [38/100][4/50] Data 2.402 (2.402) Batch 2.698 (2.698) Remain 02:21:27 loss: 0.2746 Lr: 0.00446
[2026-07-21 10:26:28,395 INFO misc.py line 117 10873] Train: [38/100][5/50] Data 0.034 (1.218) Batch 0.279 (1.489) Remain 01:18:01 loss: 0.2664 Lr: 0.00446
[2026-07-21 10:26:28,651 INFO misc.py line 117 10873] Train: [38/100][6/50] Data 0.003 (0.813) Batch 0.256 (1.078) Remain 00:56:28 loss: 0.2861 Lr: 0.00446
[2026-07-21 10:26:28,890 INFO misc.py line 117 10873] Train: [38/100][7/50] Data 0.003 (0.611) Batch 0.239 (0.868) Remain 00:45:27 loss: 0.2587 Lr: 0.00446
[2026-07-21 10:26:29,135 INFO misc.py line 117 10873] Train: [38/100][8/50] Data 0.002 (0.489) Batch 0.245 (0.743) Remain 00:38:55 loss: 0.2885 Lr: 0.00446
[2026-07-21 10:26:29,362 INFO misc.py line 117 10873] Train: [38/100][9/50] Data 0.003 (0.408) Batch 0.228 (0.657) Remain 00:34:25 loss: 0.2980 Lr: 0.00445
[2026-07-21 10:26:29,612 INFO misc.py line 117 10873] Train: [38/100][10/50] Data 0.002 (0.350) Batch 0.250 (0.599) Remain 00:31:21 loss: 0.4968 Lr: 0.00445
[2026-07-21 10:26:29,858 INFO misc.py line 117 10873] Train: [38/100][11/50] Data 0.003 (0.307) Batch 0.246 (0.555) Remain 00:29:02 loss: 0.2699 Lr: 0.00445
[2026-07-21 10:26:30,109 INFO misc.py line 117 10873] Train: [38/100][12/50] Data 0.003 (0.273) Batch 0.251 (0.521) Remain 00:27:15 loss: 0.4542 Lr: 0.00445
[2026-07-21 10:26:30,374 INFO misc.py line 117 10873] Train: [38/100][13/50] Data 0.002 (0.246) Batch 0.264 (0.496) Remain 00:25:54 loss: 0.3152 Lr: 0.00445
[2026-07-21 10:26:30,617 INFO misc.py line 117 10873] Train: [38/100][14/50] Data 0.003 (0.224) Batch 0.243 (0.473) Remain 00:24:42 loss: 0.3088 Lr: 0.00445
[2026-07-21 10:26:30,876 INFO misc.py line 117 10873] Train: [38/100][15/50] Data 0.003 (0.205) Batch 0.259 (0.455) Remain 00:23:45 loss: 0.4006 Lr: 0.00444
[2026-07-21 10:26:31,135 INFO misc.py line 117 10873] Train: [38/100][16/50] Data 0.002 (0.190) Batch 0.260 (0.440) Remain 00:22:58 loss: 0.3103 Lr: 0.00444
[2026-07-21 10:26:31,375 INFO misc.py line 117 10873] Train: [38/100][17/50] Data 0.002 (0.176) Batch 0.240 (0.426) Remain 00:22:13 loss: 0.3371 Lr: 0.00444
[2026-07-21 10:26:31,613 INFO misc.py line 117 10873] Train: [38/100][18/50] Data 0.003 (0.165) Batch 0.237 (0.413) Remain 00:21:33 loss: 0.2625 Lr: 0.00444
[2026-07-21 10:26:31,857 INFO misc.py line 117 10873] Train: [38/100][19/50] Data 0.003 (0.155) Batch 0.245 (0.402) Remain 00:21:00 loss: 0.3740 Lr: 0.00444
[2026-07-21 10:26:32,119 INFO misc.py line 117 10873] Train: [38/100][20/50] Data 0.003 (0.146) Batch 0.260 (0.394) Remain 00:20:33 loss: 0.4243 Lr: 0.00443
[2026-07-21 10:26:32,372 INFO misc.py line 117 10873] Train: [38/100][21/50] Data 0.006 (0.138) Batch 0.255 (0.386) Remain 00:20:08 loss: 0.2534 Lr: 0.00443
[2026-07-21 10:26:32,642 INFO misc.py line 117 10873] Train: [38/100][22/50] Data 0.006 (0.131) Batch 0.270 (0.380) Remain 00:19:49 loss: 0.3792 Lr: 0.00443
[2026-07-21 10:26:32,887 INFO misc.py line 117 10873] Train: [38/100][23/50] Data 0.003 (0.125) Batch 0.246 (0.373) Remain 00:19:27 loss: 0.3549 Lr: 0.00443
[2026-07-21 10:26:33,172 INFO misc.py line 117 10873] Train: [38/100][24/50] Data 0.002 (0.119) Batch 0.284 (0.369) Remain 00:19:14 loss: 0.3188 Lr: 0.00443
[2026-07-21 10:26:33,402 INFO misc.py line 117 10873] Train: [38/100][25/50] Data 0.003 (0.114) Batch 0.230 (0.363) Remain 00:18:54 loss: 0.3615 Lr: 0.00443
[2026-07-21 10:26:33,650 INFO misc.py line 117 10873] Train: [38/100][26/50] Data 0.002 (0.109) Batch 0.248 (0.358) Remain 00:18:38 loss: 0.3950 Lr: 0.00442
[2026-07-21 10:26:33,894 INFO misc.py line 117 10873] Train: [38/100][27/50] Data 0.002 (0.104) Batch 0.244 (0.353) Remain 00:18:22 loss: 0.3543 Lr: 0.00442
[2026-07-21 10:26:34,149 INFO misc.py line 117 10873] Train: [38/100][28/50] Data 0.003 (0.100) Batch 0.255 (0.349) Remain 00:18:10 loss: 0.3240 Lr: 0.00442
[2026-07-21 10:26:49,049 INFO misc.py line 117 10873] Train: [38/100][29/50] Data 14.664 (0.660) Batch 14.901 (0.909) Remain 00:47:16 loss: 0.2813 Lr: 0.00442
[2026-07-21 10:26:49,279 INFO misc.py line 117 10873] Train: [38/100][30/50] Data 0.002 (0.636) Batch 0.230 (0.884) Remain 00:45:57 loss: 0.2770 Lr: 0.00442
[2026-07-21 10:26:49,491 INFO misc.py line 117 10873] Train: [38/100][31/50] Data 0.002 (0.613) Batch 0.212 (0.860) Remain 00:44:41 loss: 0.3335 Lr: 0.00442
[2026-07-21 10:26:52,267 INFO misc.py line 117 10873] Train: [38/100][32/50] Data 2.541 (0.680) Batch 2.777 (0.926) Remain 00:48:06 loss: 0.2720 Lr: 0.00441
[2026-07-21 10:26:52,479 INFO misc.py line 117 10873] Train: [38/100][33/50] Data 0.002 (0.657) Batch 0.211 (0.902) Remain 00:46:51 loss: 0.2559 Lr: 0.00441
[2026-07-21 10:26:52,701 INFO misc.py line 117 10873] Train: [38/100][34/50] Data 0.001 (0.636) Batch 0.222 (0.880) Remain 00:45:42 loss: 0.3888 Lr: 0.00441
[2026-07-21 10:26:52,925 INFO misc.py line 117 10873] Train: [38/100][35/50] Data 0.001 (0.616) Batch 0.224 (0.860) Remain 00:44:37 loss: 0.3849 Lr: 0.00441
[2026-07-21 10:26:53,151 INFO misc.py line 117 10873] Train: [38/100][36/50] Data 0.001 (0.598) Batch 0.226 (0.840) Remain 00:43:37 loss: 0.4174 Lr: 0.00441
[2026-07-21 10:26:53,379 INFO misc.py line 117 10873] Train: [38/100][37/50] Data 0.001 (0.580) Batch 0.227 (0.822) Remain 00:42:40 loss: 0.4017 Lr: 0.00441
[2026-07-21 10:26:53,599 INFO misc.py line 117 10873] Train: [38/100][38/50] Data 0.001 (0.564) Batch 0.220 (0.805) Remain 00:41:45 loss: 0.3057 Lr: 0.00440
[2026-07-21 10:26:53,828 INFO misc.py line 117 10873] Train: [38/100][39/50] Data 0.001 (0.548) Batch 0.229 (0.789) Remain 00:40:55 loss: 0.3517 Lr: 0.00440
[2026-07-21 10:26:54,040 INFO misc.py line 117 10873] Train: [38/100][40/50] Data 0.002 (0.533) Batch 0.212 (0.774) Remain 00:40:05 loss: 0.2881 Lr: 0.00440
[2026-07-21 10:26:54,265 INFO misc.py line 117 10873] Train: [38/100][41/50] Data 0.001 (0.519) Batch 0.225 (0.759) Remain 00:39:20 loss: 0.3174 Lr: 0.00440
[2026-07-21 10:26:54,492 INFO misc.py line 117 10873] Train: [38/100][42/50] Data 0.001 (0.506) Batch 0.227 (0.746) Remain 00:38:37 loss: 0.3737 Lr: 0.00440
[2026-07-21 10:26:54,709 INFO misc.py line 117 10873] Train: [38/100][43/50] Data 0.001 (0.493) Batch 0.217 (0.732) Remain 00:37:55 loss: 0.2718 Lr: 0.00439
[2026-07-21 10:26:54,933 INFO misc.py line 117 10873] Train: [38/100][44/50] Data 0.001 (0.481) Batch 0.224 (0.720) Remain 00:37:15 loss: 0.4517 Lr: 0.00439
[2026-07-21 10:26:55,145 INFO misc.py line 117 10873] Train: [38/100][45/50] Data 0.001 (0.470) Batch 0.212 (0.708) Remain 00:36:37 loss: 0.5695 Lr: 0.00439
[2026-07-21 10:26:55,363 INFO misc.py line 117 10873] Train: [38/100][46/50] Data 0.002 (0.459) Batch 0.218 (0.696) Remain 00:36:01 loss: 0.4050 Lr: 0.00439
[2026-07-21 10:26:55,602 INFO misc.py line 117 10873] Train: [38/100][47/50] Data 0.001 (0.449) Batch 0.239 (0.686) Remain 00:35:28 loss: 0.3995 Lr: 0.00439
[2026-07-21 10:26:55,832 INFO misc.py line 117 10873] Train: [38/100][48/50] Data 0.001 (0.439) Batch 0.229 (0.676) Remain 00:34:56 loss: 0.3770 Lr: 0.00439
[2026-07-21 10:26:56,063 INFO misc.py line 117 10873] Train: [38/100][49/50] Data 0.001 (0.429) Batch 0.231 (0.666) Remain 00:34:25 loss: 0.3798 Lr: 0.00438
[2026-07-21 10:26:56,308 INFO misc.py line 117 10873] Train: [38/100][50/50] Data 0.001 (0.420) Batch 0.245 (0.657) Remain 00:33:57 loss: 0.4315 Lr: 0.00438
[2026-07-21 10:26:56,309 INFO misc.py line 147 10873] Train result: loss: 0.3453 
[2026-07-21 10:26:56,309 INFO evaluator.py line 169 10873] >>>>>>>>>>>>>>>> Start Evaluation (Segmentation) >>>>>>>>>>>>>>>>
[2026-07-21 10:27:05,188 INFO evaluator.py line 228 10873] Test: [1/1] Loss 0.7840 
[2026-07-21 10:27:05,449 INFO evaluator.py line 257 10873] Val result: mIoU/macroF1/mAcc/mPrecision/allAcc 0.5973/0.7103/0.7501/0.6937/0.9037.
[2026-07-21 10:27:05,449 INFO evaluator.py line 266 10873] Class_0-road Metrics: IoU=0.8872, accuracy=0.9111, precision=0.9713, F1=0.9402
[2026-07-21 10:27:05,449 INFO evaluator.py line 266 10873] Class_1-road_marking Metrics: IoU=0.2168, accuracy=0.5330, precision=0.2676, F1=0.3563
[2026-07-21 10:27:05,449 INFO evaluator.py line 266 10873] Class_2-natural Metrics: IoU=0.8837, accuracy=0.9345, precision=0.9420, F1=0.9382
[2026-07-21 10:27:05,449 INFO evaluator.py line 266 10873] Class_3-building Metrics: IoU=0.8085, accuracy=0.8818, precision=0.9068, F1=0.8941
[2026-07-21 10:27:05,449 INFO evaluator.py line 266 10873] Class_4-utility_line Metrics: IoU=0.5095, accuracy=0.7864, precision=0.5914, F1=0.6751
[2026-07-21 10:27:05,449 INFO evaluator.py line 266 10873] Class_5-pole Metrics: IoU=0.6800, accuracy=0.7619, precision=0.8635, F1=0.8095
[2026-07-21 10:27:05,449 INFO evaluator.py line 266 10873] Class_6-car Metrics: IoU=0.6065, accuracy=0.9168, precision=0.6418, F1=0.7550
[2026-07-21 10:27:05,449 INFO evaluator.py line 266 10873] Class_7-fence Metrics: IoU=0.1862, accuracy=0.2752, precision=0.3655, F1=0.3140
[2026-07-21 10:27:05,450 INFO evaluator.py line 321 10873] <<<<<<<<<<<<<<<<< End Evaluation <<<<<<<<<<<<<<<<<
[2026-07-21 10:27:05,451 INFO misc.py line 187 10873] Currently Best mIoU: 0.7304
[2026-07-21 10:27:05,451 INFO misc.py line 196 10873] Saving checkpoint to: exp/toronto3d/spunet-toronto3d/model/model_last.pth
[2026-07-21 10:27:34,870 INFO misc.py line 117 10873] Train: [39/100][1/50] Data 28.894 (28.894) Batch 29.152 (29.152) Remain 25:05:41 loss: 0.4011 Lr: 0.00438
[2026-07-21 10:27:35,340 INFO misc.py line 117 10873] Train: [39/100][2/50] Data 0.220 (0.220) Batch 0.469 (0.469) Remain 00:24:13 loss: 0.4566 Lr: 0.00438
[2026-07-21 10:27:36,251 INFO misc.py line 117 10873] Train: [39/100][3/50] Data 0.670 (0.670) Batch 0.911 (0.911) Remain 00:47:01 loss: 0.4175 Lr: 0.00438
[2026-07-21 10:27:36,517 INFO misc.py line 117 10873] Train: [39/100][4/50] Data 0.004 (0.004) Batch 0.266 (0.266) Remain 00:13:44 loss: 0.4816 Lr: 0.00438
[2026-07-21 10:27:36,772 INFO misc.py line 117 10873] Train: [39/100][5/50] Data 0.003 (0.003) Batch 0.252 (0.259) Remain 00:13:22 loss: 0.3235 Lr: 0.00437
[2026-07-21 10:27:37,023 INFO misc.py line 117 10873] Train: [39/100][6/50] Data 0.007 (0.005) Batch 0.254 (0.258) Remain 00:13:16 loss: 0.3315 Lr: 0.00437
[2026-07-21 10:27:37,284 INFO misc.py line 117 10873] Train: [39/100][7/50] Data 0.003 (0.004) Batch 0.261 (0.258) Remain 00:13:19 loss: 0.4621 Lr: 0.00437
[2026-07-21 10:27:37,516 INFO misc.py line 117 10873] Train: [39/100][8/50] Data 0.002 (0.004) Batch 0.232 (0.253) Remain 00:13:02 loss: 0.3616 Lr: 0.00437
[2026-07-21 10:27:37,753 INFO misc.py line 117 10873] Train: [39/100][9/50] Data 0.003 (0.004) Batch 0.237 (0.250) Remain 00:12:54 loss: 0.3976 Lr: 0.00437
[2026-07-21 10:27:38,022 INFO misc.py line 117 10873] Train: [39/100][10/50] Data 0.003 (0.004) Batch 0.268 (0.253) Remain 00:13:01 loss: 0.3888 Lr: 0.00436
[2026-07-21 10:27:38,269 INFO misc.py line 117 10873] Train: [39/100][11/50] Data 0.005 (0.004) Batch 0.249 (0.252) Remain 00:12:59 loss: 0.3377 Lr: 0.00436
[2026-07-21 10:27:38,749 INFO misc.py line 117 10873] Train: [39/100][12/50] Data 0.192 (0.025) Batch 0.480 (0.278) Remain 00:14:17 loss: 0.3484 Lr: 0.00436
[2026-07-21 10:27:38,988 INFO misc.py line 117 10873] Train: [39/100][13/50] Data 0.002 (0.022) Batch 0.238 (0.274) Remain 00:14:04 loss: 0.3826 Lr: 0.00436
[2026-07-21 10:27:39,235 INFO misc.py line 117 10873] Train: [39/100][14/50] Data 0.003 (0.021) Batch 0.248 (0.271) Remain 00:13:57 loss: 0.3050 Lr: 0.00436
[2026-07-21 10:27:39,494 INFO misc.py line 117 10873] Train: [39/100][15/50] Data 0.003 (0.019) Batch 0.259 (0.270) Remain 00:13:53 loss: 0.2930 Lr: 0.00436
[2026-07-21 10:27:39,739 INFO misc.py line 117 10873] Train: [39/100][16/50] Data 0.002 (0.018) Batch 0.244 (0.268) Remain 00:13:47 loss: 0.3360 Lr: 0.00435
[2026-07-21 10:27:39,987 INFO misc.py line 117 10873] Train: [39/100][17/50] Data 0.003 (0.017) Batch 0.248 (0.267) Remain 00:13:42 loss: 0.4116 Lr: 0.00435
[2026-07-21 10:27:40,243 INFO misc.py line 117 10873] Train: [39/100][18/50] Data 0.003 (0.016) Batch 0.256 (0.266) Remain 00:13:40 loss: 0.4425 Lr: 0.00435
[2026-07-21 10:27:40,468 INFO misc.py line 117 10873] Train: [39/100][19/50] Data 0.002 (0.015) Batch 0.225 (0.264) Remain 00:13:32 loss: 0.2902 Lr: 0.00435
[2026-07-21 10:27:40,723 INFO misc.py line 117 10873] Train: [39/100][20/50] Data 0.002 (0.014) Batch 0.255 (0.263) Remain 00:13:30 loss: 0.4547 Lr: 0.00435
[2026-07-21 10:27:40,966 INFO misc.py line 117 10873] Train: [39/100][21/50] Data 0.002 (0.014) Batch 0.243 (0.262) Remain 00:13:26 loss: 0.3822 Lr: 0.00435
[2026-07-21 10:27:41,206 INFO misc.py line 117 10873] Train: [39/100][22/50] Data 0.002 (0.013) Batch 0.240 (0.261) Remain 00:13:22 loss: 0.3703 Lr: 0.00434
[2026-07-21 10:27:41,506 INFO misc.py line 117 10873] Train: [39/100][23/50] Data 0.002 (0.012) Batch 0.300 (0.263) Remain 00:13:28 loss: 0.3875 Lr: 0.00434
[2026-07-21 10:27:41,745 INFO misc.py line 117 10873] Train: [39/100][24/50] Data 0.002 (0.012) Batch 0.239 (0.262) Remain 00:13:24 loss: 0.3795 Lr: 0.00434
[2026-07-21 10:27:41,999 INFO misc.py line 117 10873] Train: [39/100][25/50] Data 0.002 (0.011) Batch 0.254 (0.261) Remain 00:13:23 loss: 0.2595 Lr: 0.00434
[2026-07-21 10:27:42,268 INFO misc.py line 117 10873] Train: [39/100][26/50] Data 0.003 (0.011) Batch 0.270 (0.262) Remain 00:13:24 loss: 0.4446 Lr: 0.00434
[2026-07-21 10:27:42,505 INFO misc.py line 117 10873] Train: [39/100][27/50] Data 0.002 (0.011) Batch 0.236 (0.261) Remain 00:13:20 loss: 0.2753 Lr: 0.00433
[2026-07-21 10:27:42,746 INFO misc.py line 117 10873] Train: [39/100][28/50] Data 0.003 (0.010) Batch 0.242 (0.260) Remain 00:13:18 loss: 0.4248 Lr: 0.00433
[2026-07-21 10:27:58,616 INFO misc.py line 117 10873] Train: [39/100][29/50] Data 15.632 (0.611) Batch 15.870 (0.860) Remain 00:44:01 loss: 0.4179 Lr: 0.00433
[2026-07-21 10:28:00,928 INFO misc.py line 117 10873] Train: [39/100][30/50] Data 2.081 (0.666) Batch 2.312 (0.914) Remain 00:46:46 loss: 0.3781 Lr: 0.00433
[2026-07-21 10:28:01,188 INFO misc.py line 117 10873] Train: [39/100][31/50] Data 0.013 (0.642) Batch 0.260 (0.891) Remain 00:45:33 loss: 0.3691 Lr: 0.00433
[2026-07-21 10:28:01,440 INFO misc.py line 117 10873] Train: [39/100][32/50] Data 0.002 (0.620) Batch 0.252 (0.869) Remain 00:44:24 loss: 0.3055 Lr: 0.00433
[2026-07-21 10:28:01,686 INFO misc.py line 117 10873] Train: [39/100][33/50] Data 0.001 (0.600) Batch 0.245 (0.848) Remain 00:43:20 loss: 0.5697 Lr: 0.00432
[2026-07-21 10:28:01,912 INFO misc.py line 117 10873] Train: [39/100][34/50] Data 0.002 (0.580) Batch 0.226 (0.828) Remain 00:42:18 loss: 0.3017 Lr: 0.00432
[2026-07-21 10:28:02,143 INFO misc.py line 117 10873] Train: [39/100][35/50] Data 0.002 (0.562) Batch 0.232 (0.809) Remain 00:41:20 loss: 0.3872 Lr: 0.00432
[2026-07-21 10:28:02,392 INFO misc.py line 117 10873] Train: [39/100][36/50] Data 0.001 (0.545) Batch 0.249 (0.792) Remain 00:40:27 loss: 0.3760 Lr: 0.00432
[2026-07-21 10:28:02,612 INFO misc.py line 117 10873] Train: [39/100][37/50] Data 0.001 (0.529) Batch 0.220 (0.775) Remain 00:39:34 loss: 0.2873 Lr: 0.00432
[2026-07-21 10:28:02,823 INFO misc.py line 117 10873] Train: [39/100][38/50] Data 0.001 (0.514) Batch 0.211 (0.759) Remain 00:38:44 loss: 0.3421 Lr: 0.00432
[2026-07-21 10:28:03,045 INFO misc.py line 117 10873] Train: [39/100][39/50] Data 0.001 (0.500) Batch 0.222 (0.744) Remain 00:37:58 loss: 0.2896 Lr: 0.00431
[2026-07-21 10:28:03,260 INFO misc.py line 117 10873] Train: [39/100][40/50] Data 0.001 (0.486) Batch 0.215 (0.730) Remain 00:37:13 loss: 0.3137 Lr: 0.00431
[2026-07-21 10:28:03,488 INFO misc.py line 117 10873] Train: [39/100][41/50] Data 0.001 (0.474) Batch 0.228 (0.717) Remain 00:36:32 loss: 0.2685 Lr: 0.00431
[2026-07-21 10:28:03,718 INFO misc.py line 117 10873] Train: [39/100][42/50] Data 0.001 (0.462) Batch 0.230 (0.704) Remain 00:35:53 loss: 0.3215 Lr: 0.00431
[2026-07-21 10:28:03,945 INFO misc.py line 117 10873] Train: [39/100][43/50] Data 0.001 (0.450) Batch 0.227 (0.692) Remain 00:35:16 loss: 0.3741 Lr: 0.00431
[2026-07-21 10:28:04,187 INFO misc.py line 117 10873] Train: [39/100][44/50] Data 0.001 (0.439) Batch 0.242 (0.681) Remain 00:34:42 loss: 0.4804 Lr: 0.00430
[2026-07-21 10:28:04,422 INFO misc.py line 117 10873] Train: [39/100][45/50] Data 0.002 (0.429) Batch 0.234 (0.671) Remain 00:34:09 loss: 0.4328 Lr: 0.00430
[2026-07-21 10:28:04,657 INFO misc.py line 117 10873] Train: [39/100][46/50] Data 0.001 (0.419) Batch 0.235 (0.661) Remain 00:33:37 loss: 0.3453 Lr: 0.00430
[2026-07-21 10:28:04,894 INFO misc.py line 117 10873] Train: [39/100][47/50] Data 0.001 (0.409) Batch 0.237 (0.651) Remain 00:33:07 loss: 0.3744 Lr: 0.00430
[2026-07-21 10:28:05,129 INFO misc.py line 117 10873] Train: [39/100][48/50] Data 0.001 (0.400) Batch 0.235 (0.642) Remain 00:32:38 loss: 0.2811 Lr: 0.00430
[2026-07-21 10:28:05,372 INFO misc.py line 117 10873] Train: [39/100][49/50] Data 0.001 (0.392) Batch 0.243 (0.633) Remain 00:32:11 loss: 0.4700 Lr: 0.00430
[2026-07-21 10:28:05,594 INFO misc.py line 117 10873] Train: [39/100][50/50] Data 0.001 (0.383) Batch 0.222 (0.624) Remain 00:31:44 loss: 0.2862 Lr: 0.00429
[2026-07-21 10:28:05,594 INFO misc.py line 147 10873] Train result: loss: 0.3704 
[2026-07-21 10:28:05,595 INFO evaluator.py line 169 10873] >>>>>>>>>>>>>>>> Start Evaluation (Segmentation) >>>>>>>>>>>>>>>>
[2026-07-21 10:28:14,516 INFO evaluator.py line 228 10873] Test: [1/1] Loss 0.5631 
[2026-07-21 10:28:14,780 INFO evaluator.py line 257 10873] Val result: mIoU/macroF1/mAcc/mPrecision/allAcc 0.6937/0.7970/0.7821/0.8291/0.9388.
[2026-07-21 10:28:14,780 INFO evaluator.py line 266 10873] Class_0-road Metrics: IoU=0.9459, accuracy=0.9695, precision=0.9749, F1=0.9722
[2026-07-21 10:28:14,780 INFO evaluator.py line 266 10873] Class_1-road_marking Metrics: IoU=0.5010, accuracy=0.6601, precision=0.6753, F1=0.6676
[2026-07-21 10:28:14,780 INFO evaluator.py line 266 10873] Class_2-natural Metrics: IoU=0.9125, accuracy=0.9271, precision=0.9830, F1=0.9543
[2026-07-21 10:28:14,781 INFO evaluator.py line 266 10873] Class_3-building Metrics: IoU=0.8229, accuracy=0.9631, precision=0.8497, F1=0.9029
[2026-07-21 10:28:14,781 INFO evaluator.py line 266 10873] Class_4-utility_line Metrics: IoU=0.7861, accuracy=0.8170, precision=0.9541, F1=0.8802
[2026-07-21 10:28:14,781 INFO evaluator.py line 266 10873] Class_5-pole Metrics: IoU=0.5924, accuracy=0.6172, precision=0.9367, F1=0.7441
[2026-07-21 10:28:14,781 INFO evaluator.py line 266 10873] Class_6-car Metrics: IoU=0.7297, accuracy=0.9545, precision=0.7559, F1=0.8437
[2026-07-21 10:28:14,781 INFO evaluator.py line 266 10873] Class_7-fence Metrics: IoU=0.2590, accuracy=0.3480, precision=0.5033, F1=0.4114
[2026-07-21 10:28:14,781 INFO evaluator.py line 321 10873] <<<<<<<<<<<<<<<<< End Evaluation <<<<<<<<<<<<<<<<<
[2026-07-21 10:28:14,782 INFO misc.py line 187 10873] Currently Best mIoU: 0.7304
[2026-07-21 10:28:14,782 INFO misc.py line 196 10873] Saving checkpoint to: exp/toronto3d/spunet-toronto3d/model/model_last.pth
[2026-07-21 10:28:43,044 INFO misc.py line 117 10873] Train: [40/100][1/50] Data 27.724 (27.724) Batch 27.997 (27.997) Remain 23:42:42 loss: 0.3402 Lr: 0.00429
[2026-07-21 10:28:43,905 INFO misc.py line 117 10873] Train: [40/100][2/50] Data 0.612 (0.612) Batch 0.862 (0.862) Remain 00:43:46 loss: 0.2587 Lr: 0.00429
[2026-07-21 10:28:44,147 INFO misc.py line 117 10873] Train: [40/100][3/50] Data 0.002 (0.002) Batch 0.242 (0.242) Remain 00:12:17 loss: 0.2892 Lr: 0.00429
[2026-07-21 10:28:44,491 INFO misc.py line 117 10873] Train: [40/100][4/50] Data 0.023 (0.023) Batch 0.343 (0.343) Remain 00:17:24 loss: 0.3114 Lr: 0.00429
[2026-07-21 10:28:45,467 INFO misc.py line 117 10873] Train: [40/100][5/50] Data 0.713 (0.368) Batch 0.977 (0.660) Remain 00:33:29 loss: 0.3850 Lr: 0.00428
[2026-07-21 10:28:45,756 INFO misc.py line 117 10873] Train: [40/100][6/50] Data 0.013 (0.250) Batch 0.289 (0.536) Remain 00:27:12 loss: 0.3403 Lr: 0.00428
[2026-07-21 10:28:45,991 INFO misc.py line 117 10873] Train: [40/100][7/50] Data 0.003 (0.188) Batch 0.235 (0.461) Remain 00:23:22 loss: 0.4018 Lr: 0.00428
[2026-07-21 10:28:46,242 INFO misc.py line 117 10873] Train: [40/100][8/50] Data 0.003 (0.151) Batch 0.251 (0.419) Remain 00:21:13 loss: 0.4713 Lr: 0.00428
[2026-07-21 10:28:46,488 INFO misc.py line 117 10873] Train: [40/100][9/50] Data 0.003 (0.126) Batch 0.247 (0.390) Remain 00:19:46 loss: 0.3341 Lr: 0.00428
[2026-07-21 10:28:46,728 INFO misc.py line 117 10873] Train: [40/100][10/50] Data 0.003 (0.109) Batch 0.239 (0.369) Remain 00:18:40 loss: 0.4033 Lr: 0.00428
[2026-07-21 10:28:46,974 INFO misc.py line 117 10873] Train: [40/100][11/50] Data 0.002 (0.095) Batch 0.245 (0.353) Remain 00:17:53 loss: 0.2979 Lr: 0.00427
[2026-07-21 10:28:47,237 INFO misc.py line 117 10873] Train: [40/100][12/50] Data 0.004 (0.085) Batch 0.264 (0.343) Remain 00:17:22 loss: 0.5065 Lr: 0.00427
[2026-07-21 10:28:47,470 INFO misc.py line 117 10873] Train: [40/100][13/50] Data 0.003 (0.077) Batch 0.232 (0.332) Remain 00:16:48 loss: 0.3004 Lr: 0.00427
[2026-07-21 10:28:47,699 INFO misc.py line 117 10873] Train: [40/100][14/50] Data 0.004 (0.070) Batch 0.230 (0.323) Remain 00:16:20 loss: 0.2984 Lr: 0.00427
[2026-07-21 10:28:47,924 INFO misc.py line 117 10873] Train: [40/100][15/50] Data 0.003 (0.065) Batch 0.225 (0.315) Remain 00:15:55 loss: 0.3486 Lr: 0.00427
[2026-07-21 10:28:48,176 INFO misc.py line 117 10873] Train: [40/100][16/50] Data 0.002 (0.060) Batch 0.252 (0.310) Remain 00:15:40 loss: 0.4698 Lr: 0.00426
[2026-07-21 10:28:48,432 INFO misc.py line 117 10873] Train: [40/100][17/50] Data 0.003 (0.056) Batch 0.256 (0.306) Remain 00:15:28 loss: 0.3020 Lr: 0.00426
[2026-07-21 10:28:48,682 INFO misc.py line 117 10873] Train: [40/100][18/50] Data 0.003 (0.052) Batch 0.250 (0.302) Remain 00:15:16 loss: 0.4205 Lr: 0.00426
[2026-07-21 10:28:48,927 INFO misc.py line 117 10873] Train: [40/100][19/50] Data 0.003 (0.049) Batch 0.245 (0.299) Remain 00:15:05 loss: 0.3270 Lr: 0.00426
[2026-07-21 10:28:49,177 INFO misc.py line 117 10873] Train: [40/100][20/50] Data 0.003 (0.046) Batch 0.249 (0.296) Remain 00:14:56 loss: 0.3053 Lr: 0.00426
[2026-07-21 10:28:49,435 INFO misc.py line 117 10873] Train: [40/100][21/50] Data 0.003 (0.044) Batch 0.259 (0.294) Remain 00:14:49 loss: 0.2426 Lr: 0.00426
[2026-07-21 10:28:49,681 INFO misc.py line 117 10873] Train: [40/100][22/50] Data 0.002 (0.042) Batch 0.246 (0.291) Remain 00:14:41 loss: 0.2878 Lr: 0.00425
[2026-07-21 10:28:49,947 INFO misc.py line 117 10873] Train: [40/100][23/50] Data 0.002 (0.040) Batch 0.266 (0.290) Remain 00:14:37 loss: 0.4091 Lr: 0.00425
[2026-07-21 10:28:50,212 INFO misc.py line 117 10873] Train: [40/100][24/50] Data 0.004 (0.038) Batch 0.264 (0.289) Remain 00:14:33 loss: 0.3044 Lr: 0.00425
[2026-07-21 10:28:50,447 INFO misc.py line 117 10873] Train: [40/100][25/50] Data 0.003 (0.037) Batch 0.235 (0.286) Remain 00:14:26 loss: 0.4267 Lr: 0.00425
[2026-07-21 10:28:50,693 INFO misc.py line 117 10873] Train: [40/100][26/50] Data 0.004 (0.035) Batch 0.246 (0.285) Remain 00:14:20 loss: 0.3513 Lr: 0.00425
[2026-07-21 10:28:50,938 INFO misc.py line 117 10873] Train: [40/100][27/50] Data 0.003 (0.034) Batch 0.244 (0.283) Remain 00:14:15 loss: 0.3471 Lr: 0.00425
[2026-07-21 10:28:51,212 INFO misc.py line 117 10873] Train: [40/100][28/50] Data 0.004 (0.033) Batch 0.275 (0.283) Remain 00:14:13 loss: 0.4510 Lr: 0.00424
[2026-07-21 10:29:09,269 INFO misc.py line 117 10873] Train: [40/100][29/50] Data 17.819 (0.717) Batch 18.057 (0.966) Remain 00:48:38 loss: 0.3807 Lr: 0.00424
[2026-07-21 10:29:09,530 INFO misc.py line 117 10873] Train: [40/100][30/50] Data 0.007 (0.690) Batch 0.261 (0.940) Remain 00:47:19 loss: 0.3473 Lr: 0.00424
[2026-07-21 10:29:09,757 INFO misc.py line 117 10873] Train: [40/100][31/50] Data 0.002 (0.666) Batch 0.227 (0.915) Remain 00:46:01 loss: 0.3433 Lr: 0.00424
[2026-07-21 10:29:10,793 INFO misc.py line 117 10873] Train: [40/100][32/50] Data 0.814 (0.671) Batch 1.036 (0.919) Remain 00:46:12 loss: 0.3717 Lr: 0.00424
[2026-07-21 10:29:11,023 INFO misc.py line 117 10873] Train: [40/100][33/50] Data 0.002 (0.649) Batch 0.231 (0.896) Remain 00:45:02 loss: 0.2377 Lr: 0.00423
[2026-07-21 10:29:11,243 INFO misc.py line 117 10873] Train: [40/100][34/50] Data 0.001 (0.628) Batch 0.220 (0.874) Remain 00:43:56 loss: 0.3138 Lr: 0.00423
[2026-07-21 10:29:11,462 INFO misc.py line 117 10873] Train: [40/100][35/50] Data 0.002 (0.608) Batch 0.219 (0.854) Remain 00:42:53 loss: 0.3349 Lr: 0.00423
[2026-07-21 10:29:11,720 INFO misc.py line 117 10873] Train: [40/100][36/50] Data 0.001 (0.590) Batch 0.258 (0.836) Remain 00:41:58 loss: 0.5784 Lr: 0.00423
[2026-07-21 10:29:11,940 INFO misc.py line 117 10873] Train: [40/100][37/50] Data 0.001 (0.572) Batch 0.220 (0.817) Remain 00:41:02 loss: 0.3371 Lr: 0.00423
[2026-07-21 10:29:12,172 INFO misc.py line 117 10873] Train: [40/100][38/50] Data 0.001 (0.556) Batch 0.232 (0.801) Remain 00:40:11 loss: 0.2995 Lr: 0.00423
[2026-07-21 10:29:12,404 INFO misc.py line 117 10873] Train: [40/100][39/50] Data 0.001 (0.541) Batch 0.231 (0.785) Remain 00:39:23 loss: 0.4237 Lr: 0.00422
[2026-07-21 10:29:12,637 INFO misc.py line 117 10873] Train: [40/100][40/50] Data 0.001 (0.526) Batch 0.234 (0.770) Remain 00:38:37 loss: 0.3130 Lr: 0.00422
[2026-07-21 10:29:12,862 INFO misc.py line 117 10873] Train: [40/100][41/50] Data 0.001 (0.512) Batch 0.225 (0.756) Remain 00:37:53 loss: 0.2588 Lr: 0.00422
[2026-07-21 10:29:13,093 INFO misc.py line 117 10873] Train: [40/100][42/50] Data 0.001 (0.499) Batch 0.231 (0.742) Remain 00:37:12 loss: 0.3928 Lr: 0.00422
[2026-07-21 10:29:13,323 INFO misc.py line 117 10873] Train: [40/100][43/50] Data 0.001 (0.487) Batch 0.231 (0.729) Remain 00:36:33 loss: 0.4744 Lr: 0.00422
[2026-07-21 10:29:13,561 INFO misc.py line 117 10873] Train: [40/100][44/50] Data 0.001 (0.475) Batch 0.238 (0.717) Remain 00:35:56 loss: 0.3256 Lr: 0.00421
[2026-07-21 10:29:13,785 INFO misc.py line 117 10873] Train: [40/100][45/50] Data 0.001 (0.464) Batch 0.224 (0.706) Remain 00:35:20 loss: 0.3197 Lr: 0.00421
[2026-07-21 10:29:14,040 INFO misc.py line 117 10873] Train: [40/100][46/50] Data 0.001 (0.453) Batch 0.255 (0.695) Remain 00:34:48 loss: 0.3849 Lr: 0.00421
[2026-07-21 10:29:14,258 INFO misc.py line 117 10873] Train: [40/100][47/50] Data 0.001 (0.443) Batch 0.218 (0.684) Remain 00:34:15 loss: 0.3168 Lr: 0.00421
[2026-07-21 10:29:14,484 INFO misc.py line 117 10873] Train: [40/100][48/50] Data 0.001 (0.433) Batch 0.226 (0.674) Remain 00:33:43 loss: 0.3662 Lr: 0.00421
[2026-07-21 10:29:14,734 INFO misc.py line 117 10873] Train: [40/100][49/50] Data 0.002 (0.423) Batch 0.250 (0.665) Remain 00:33:15 loss: 0.3664 Lr: 0.00421
[2026-07-21 10:29:14,958 INFO misc.py line 117 10873] Train: [40/100][50/50] Data 0.001 (0.414) Batch 0.225 (0.656) Remain 00:32:46 loss: 0.3243 Lr: 0.00420
[2026-07-21 10:29:14,959 INFO misc.py line 147 10873] Train result: loss: 0.3549 
[2026-07-21 10:29:14,959 INFO evaluator.py line 169 10873] >>>>>>>>>>>>>>>> Start Evaluation (Segmentation) >>>>>>>>>>>>>>>>
[2026-07-21 10:29:23,830 INFO evaluator.py line 228 10873] Test: [1/1] Loss 0.4922 
[2026-07-21 10:29:24,096 INFO evaluator.py line 257 10873] Val result: mIoU/macroF1/mAcc/mPrecision/allAcc 0.7097/0.8031/0.7742/0.8408/0.9501.
[2026-07-21 10:29:24,096 INFO evaluator.py line 266 10873] Class_0-road Metrics: IoU=0.9462, accuracy=0.9733, precision=0.9713, F1=0.9723
[2026-07-21 10:29:24,096 INFO evaluator.py line 266 10873] Class_1-road_marking Metrics: IoU=0.4219, accuracy=0.5380, precision=0.6618, F1=0.5935
[2026-07-21 10:29:24,096 INFO evaluator.py line 266 10873] Class_2-natural Metrics: IoU=0.9421, accuracy=0.9631, precision=0.9774, F1=0.9702
[2026-07-21 10:29:24,096 INFO evaluator.py line 266 10873] Class_3-building Metrics: IoU=0.8420, accuracy=0.9614, precision=0.8715, F1=0.9143
[2026-07-21 10:29:24,096 INFO evaluator.py line 266 10873] Class_4-utility_line Metrics: IoU=0.7508, accuracy=0.7802, precision=0.9521, F1=0.8576
[2026-07-21 10:29:24,096 INFO evaluator.py line 266 10873] Class_5-pole Metrics: IoU=0.6838, accuracy=0.7135, precision=0.9426, F1=0.8122
[2026-07-21 10:29:24,097 INFO evaluator.py line 266 10873] Class_6-car Metrics: IoU=0.8526, accuracy=0.9055, precision=0.9359, F1=0.9205
[2026-07-21 10:29:24,097 INFO evaluator.py line 266 10873] Class_7-fence Metrics: IoU=0.2378, accuracy=0.3588, precision=0.4136, F1=0.3842
[2026-07-21 10:29:24,097 INFO evaluator.py line 321 10873] <<<<<<<<<<<<<<<<< End Evaluation <<<<<<<<<<<<<<<<<
[2026-07-21 10:29:24,098 INFO misc.py line 187 10873] Currently Best mIoU: 0.7304
[2026-07-21 10:29:24,098 INFO misc.py line 196 10873] Saving checkpoint to: exp/toronto3d/spunet-toronto3d/model/model_last.pth
[2026-07-21 10:29:52,038 INFO misc.py line 117 10873] Train: [41/100][1/50] Data 27.403 (27.403) Batch 27.676 (27.676) Remain 23:03:20 loss: 0.2975 Lr: 0.00420
[2026-07-21 10:29:53,395 INFO misc.py line 117 10873] Train: [41/100][2/50] Data 1.099 (1.099) Batch 1.356 (1.356) Remain 01:07:46 loss: 0.2802 Lr: 0.00420
[2026-07-21 10:29:53,683 INFO misc.py line 117 10873] Train: [41/100][3/50] Data 0.016 (0.016) Batch 0.284 (0.284) Remain 00:14:10 loss: 0.3119 Lr: 0.00420
[2026-07-21 10:29:53,963 INFO misc.py line 117 10873] Train: [41/100][4/50] Data 0.008 (0.008) Batch 0.285 (0.285) Remain 00:14:13 loss: 0.3858 Lr: 0.00420
[2026-07-21 10:29:54,212 INFO misc.py line 117 10873] Train: [41/100][5/50] Data 0.002 (0.005) Batch 0.248 (0.266) Remain 00:13:17 loss: 0.3087 Lr: 0.00419
[2026-07-21 10:29:54,463 INFO misc.py line 117 10873] Train: [41/100][6/50] Data 0.006 (0.005) Batch 0.252 (0.261) Remain 00:13:02 loss: 0.2975 Lr: 0.00419
[2026-07-21 10:29:54,707 INFO misc.py line 117 10873] Train: [41/100][7/50] Data 0.004 (0.005) Batch 0.244 (0.257) Remain 00:12:49 loss: 0.2890 Lr: 0.00419
[2026-07-21 10:29:54,950 INFO misc.py line 117 10873] Train: [41/100][8/50] Data 0.003 (0.005) Batch 0.244 (0.255) Remain 00:12:41 loss: 0.2079 Lr: 0.00419
[2026-07-21 10:29:55,212 INFO misc.py line 117 10873] Train: [41/100][9/50] Data 0.002 (0.004) Batch 0.262 (0.256) Remain 00:12:44 loss: 0.2349 Lr: 0.00419
[2026-07-21 10:29:55,455 INFO misc.py line 117 10873] Train: [41/100][10/50] Data 0.003 (0.004) Batch 0.242 (0.254) Remain 00:12:38 loss: 0.3328 Lr: 0.00419
[2026-07-21 10:29:55,719 INFO misc.py line 117 10873] Train: [41/100][11/50] Data 0.004 (0.004) Batch 0.264 (0.255) Remain 00:12:42 loss: 0.3127 Lr: 0.00418
[2026-07-21 10:29:55,942 INFO misc.py line 117 10873] Train: [41/100][12/50] Data 0.003 (0.004) Batch 0.223 (0.252) Remain 00:12:31 loss: 0.2877 Lr: 0.00418
[2026-07-21 10:29:56,178 INFO misc.py line 117 10873] Train: [41/100][13/50] Data 0.002 (0.004) Batch 0.236 (0.250) Remain 00:12:26 loss: 0.3015 Lr: 0.00418
[2026-07-21 10:29:56,421 INFO misc.py line 117 10873] Train: [41/100][14/50] Data 0.003 (0.004) Batch 0.242 (0.249) Remain 00:12:24 loss: 0.3237 Lr: 0.00418
[2026-07-21 10:29:56,688 INFO misc.py line 117 10873] Train: [41/100][15/50] Data 0.003 (0.004) Batch 0.267 (0.251) Remain 00:12:28 loss: 0.2634 Lr: 0.00418
[2026-07-21 10:29:56,919 INFO misc.py line 117 10873] Train: [41/100][16/50] Data 0.004 (0.004) Batch 0.231 (0.249) Remain 00:12:23 loss: 0.3521 Lr: 0.00417
[2026-07-21 10:29:57,156 INFO misc.py line 117 10873] Train: [41/100][17/50] Data 0.003 (0.004) Batch 0.237 (0.248) Remain 00:12:21 loss: 0.2242 Lr: 0.00417
[2026-07-21 10:29:57,412 INFO misc.py line 117 10873] Train: [41/100][18/50] Data 0.003 (0.004) Batch 0.256 (0.249) Remain 00:12:22 loss: 0.4205 Lr: 0.00417
[2026-07-21 10:29:57,664 INFO misc.py line 117 10873] Train: [41/100][19/50] Data 0.003 (0.004) Batch 0.253 (0.249) Remain 00:12:22 loss: 0.2575 Lr: 0.00417
[2026-07-21 10:29:57,914 INFO misc.py line 117 10873] Train: [41/100][20/50] Data 0.002 (0.003) Batch 0.249 (0.249) Remain 00:12:22 loss: 0.3529 Lr: 0.00417
[2026-07-21 10:29:58,188 INFO misc.py line 117 10873] Train: [41/100][21/50] Data 0.003 (0.003) Batch 0.274 (0.251) Remain 00:12:26 loss: 0.2782 Lr: 0.00417
[2026-07-21 10:29:58,446 INFO misc.py line 117 10873] Train: [41/100][22/50] Data 0.006 (0.004) Batch 0.259 (0.251) Remain 00:12:27 loss: 0.4162 Lr: 0.00416
[2026-07-21 10:29:58,710 INFO misc.py line 117 10873] Train: [41/100][23/50] Data 0.002 (0.004) Batch 0.263 (0.252) Remain 00:12:28 loss: 0.2898 Lr: 0.00416
[2026-07-21 10:29:58,983 INFO misc.py line 117 10873] Train: [41/100][24/50] Data 0.005 (0.004) Batch 0.275 (0.253) Remain 00:12:31 loss: 0.3029 Lr: 0.00416
[2026-07-21 10:29:59,245 INFO misc.py line 117 10873] Train: [41/100][25/50] Data 0.002 (0.004) Batch 0.261 (0.253) Remain 00:12:32 loss: 0.3946 Lr: 0.00416
[2026-07-21 10:29:59,498 INFO misc.py line 117 10873] Train: [41/100][26/50] Data 0.003 (0.003) Batch 0.254 (0.253) Remain 00:12:32 loss: 0.4342 Lr: 0.00416
[2026-07-21 10:29:59,773 INFO misc.py line 117 10873] Train: [41/100][27/50] Data 0.003 (0.003) Batch 0.275 (0.254) Remain 00:12:35 loss: 0.3696 Lr: 0.00415
[2026-07-21 10:30:00,035 INFO misc.py line 117 10873] Train: [41/100][28/50] Data 0.002 (0.003) Batch 0.262 (0.254) Remain 00:12:35 loss: 0.4163 Lr: 0.00415
[2026-07-21 10:30:18,092 INFO misc.py line 117 10873] Train: [41/100][29/50] Data 17.814 (0.688) Batch 18.057 (0.939) Remain 00:46:29 loss: 0.3335 Lr: 0.00415
[2026-07-21 10:30:18,354 INFO misc.py line 117 10873] Train: [41/100][30/50] Data 0.002 (0.663) Batch 0.262 (0.914) Remain 00:45:14 loss: 0.3632 Lr: 0.00415
[2026-07-21 10:30:18,612 INFO misc.py line 117 10873] Train: [41/100][31/50] Data 0.002 (0.639) Batch 0.258 (0.891) Remain 00:44:03 loss: 0.4755 Lr: 0.00415
[2026-07-21 10:30:18,841 INFO misc.py line 117 10873] Train: [41/100][32/50] Data 0.001 (0.617) Batch 0.230 (0.868) Remain 00:42:55 loss: 0.2724 Lr: 0.00415
[2026-07-21 10:30:19,084 INFO misc.py line 117 10873] Train: [41/100][33/50] Data 0.001 (0.597) Batch 0.243 (0.847) Remain 00:41:52 loss: 0.3196 Lr: 0.00414
[2026-07-21 10:30:19,310 INFO misc.py line 117 10873] Train: [41/100][34/50] Data 0.001 (0.578) Batch 0.226 (0.827) Remain 00:40:52 loss: 0.2832 Lr: 0.00414
[2026-07-21 10:30:19,518 INFO misc.py line 117 10873] Train: [41/100][35/50] Data 0.001 (0.560) Batch 0.208 (0.808) Remain 00:39:54 loss: 0.2621 Lr: 0.00414
[2026-07-21 10:30:19,740 INFO misc.py line 117 10873] Train: [41/100][36/50] Data 0.001 (0.543) Batch 0.221 (0.790) Remain 00:39:00 loss: 0.2397 Lr: 0.00414
[2026-07-21 10:30:19,965 INFO misc.py line 117 10873] Train: [41/100][37/50] Data 0.001 (0.527) Batch 0.225 (0.773) Remain 00:38:10 loss: 0.3041 Lr: 0.00414
[2026-07-21 10:30:20,176 INFO misc.py line 117 10873] Train: [41/100][38/50] Data 0.001 (0.512) Batch 0.212 (0.757) Remain 00:37:22 loss: 0.3212 Lr: 0.00413
[2026-07-21 10:30:20,406 INFO misc.py line 117 10873] Train: [41/100][39/50] Data 0.001 (0.498) Batch 0.230 (0.742) Remain 00:36:38 loss: 0.3511 Lr: 0.00413
[2026-07-21 10:30:20,647 INFO misc.py line 117 10873] Train: [41/100][40/50] Data 0.001 (0.484) Batch 0.240 (0.729) Remain 00:35:57 loss: 0.4039 Lr: 0.00413
[2026-07-21 10:30:20,879 INFO misc.py line 117 10873] Train: [41/100][41/50] Data 0.001 (0.471) Batch 0.232 (0.716) Remain 00:35:18 loss: 0.2767 Lr: 0.00413
[2026-07-21 10:30:21,122 INFO misc.py line 117 10873] Train: [41/100][42/50] Data 0.001 (0.459) Batch 0.243 (0.704) Remain 00:34:41 loss: 0.2400 Lr: 0.00413
[2026-07-21 10:30:21,346 INFO misc.py line 117 10873] Train: [41/100][43/50] Data 0.001 (0.448) Batch 0.223 (0.692) Remain 00:34:05 loss: 0.3357 Lr: 0.00412
[2026-07-21 10:30:21,567 INFO misc.py line 117 10873] Train: [41/100][44/50] Data 0.001 (0.437) Batch 0.222 (0.680) Remain 00:33:30 loss: 0.2961 Lr: 0.00412
[2026-07-21 10:30:21,798 INFO misc.py line 117 10873] Train: [41/100][45/50] Data 0.001 (0.427) Batch 0.231 (0.670) Remain 00:32:58 loss: 0.4529 Lr: 0.00412
[2026-07-21 10:30:22,014 INFO misc.py line 117 10873] Train: [41/100][46/50] Data 0.001 (0.417) Batch 0.216 (0.659) Remain 00:32:26 loss: 0.2766 Lr: 0.00412
[2026-07-21 10:30:22,242 INFO misc.py line 117 10873] Train: [41/100][47/50] Data 0.001 (0.407) Batch 0.228 (0.649) Remain 00:31:57 loss: 0.4027 Lr: 0.00412
[2026-07-21 10:30:22,472 INFO misc.py line 117 10873] Train: [41/100][48/50] Data 0.001 (0.398) Batch 0.230 (0.640) Remain 00:31:28 loss: 0.2918 Lr: 0.00412
[2026-07-21 10:30:22,708 INFO misc.py line 117 10873] Train: [41/100][49/50] Data 0.001 (0.390) Batch 0.237 (0.631) Remain 00:31:02 loss: 0.3632 Lr: 0.00411
[2026-07-21 10:30:22,936 INFO misc.py line 117 10873] Train: [41/100][50/50] Data 0.001 (0.381) Batch 0.227 (0.623) Remain 00:30:36 loss: 0.3350 Lr: 0.00411
[2026-07-21 10:30:22,936 INFO misc.py line 147 10873] Train result: loss: 0.3229 
[2026-07-21 10:30:22,937 INFO evaluator.py line 169 10873] >>>>>>>>>>>>>>>> Start Evaluation (Segmentation) >>>>>>>>>>>>>>>>
[2026-07-21 10:30:31,810 INFO evaluator.py line 228 10873] Test: [1/1] Loss 0.5579 
[2026-07-21 10:30:32,071 INFO evaluator.py line 257 10873] Val result: mIoU/macroF1/mAcc/mPrecision/allAcc 0.6875/0.7840/0.7772/0.8193/0.9424.
[2026-07-21 10:30:32,071 INFO evaluator.py line 266 10873] Class_0-road Metrics: IoU=0.9345, accuracy=0.9601, precision=0.9723, F1=0.9662
[2026-07-21 10:30:32,071 INFO evaluator.py line 266 10873] Class_1-road_marking Metrics: IoU=0.4275, accuracy=0.5487, precision=0.6592, F1=0.5989
[2026-07-21 10:30:32,071 INFO evaluator.py line 266 10873] Class_2-natural Metrics: IoU=0.9263, accuracy=0.9685, precision=0.9551, F1=0.9617
[2026-07-21 10:30:32,071 INFO evaluator.py line 266 10873] Class_3-building Metrics: IoU=0.8530, accuracy=0.9426, precision=0.8997, F1=0.9207
[2026-07-21 10:30:32,071 INFO evaluator.py line 266 10873] Class_4-utility_line Metrics: IoU=0.6904, accuracy=0.7068, precision=0.9675, F1=0.8168
[2026-07-21 10:30:32,072 INFO evaluator.py line 266 10873] Class_5-pole Metrics: IoU=0.6359, accuracy=0.6644, precision=0.9369, F1=0.7774
[2026-07-21 10:30:32,072 INFO evaluator.py line 266 10873] Class_6-car Metrics: IoU=0.8466, accuracy=0.8931, precision=0.9421, F1=0.9169
[2026-07-21 10:30:32,072 INFO evaluator.py line 266 10873] Class_7-fence Metrics: IoU=0.1858, accuracy=0.5330, precision=0.2219, F1=0.3133
[2026-07-21 10:30:32,072 INFO evaluator.py line 321 10873] <<<<<<<<<<<<<<<<< End Evaluation <<<<<<<<<<<<<<<<<
[2026-07-21 10:30:32,073 INFO misc.py line 187 10873] Currently Best mIoU: 0.7304
[2026-07-21 10:30:32,073 INFO misc.py line 196 10873] Saving checkpoint to: exp/toronto3d/spunet-toronto3d/model/model_last.pth
[2026-07-21 10:30:59,509 INFO misc.py line 117 10873] Train: [42/100][1/50] Data 26.902 (26.902) Batch 27.175 (27.175) Remain 22:15:39 loss: 0.3642 Lr: 0.00411
[2026-07-21 10:31:01,343 INFO misc.py line 117 10873] Train: [42/100][2/50] Data 1.546 (1.546) Batch 1.833 (1.833) Remain 01:30:04 loss: 0.3145 Lr: 0.00411
[2026-07-21 10:31:01,595 INFO misc.py line 117 10873] Train: [42/100][3/50] Data 0.005 (0.005) Batch 0.253 (0.253) Remain 00:12:24 loss: 0.3547 Lr: 0.00411
[2026-07-21 10:31:01,847 INFO misc.py line 117 10873] Train: [42/100][4/50] Data 0.004 (0.004) Batch 0.252 (0.252) Remain 00:12:23 loss: 0.4571 Lr: 0.00410
[2026-07-21 10:31:03,082 INFO misc.py line 117 10873] Train: [42/100][5/50] Data 0.994 (0.499) Batch 1.235 (0.744) Remain 00:36:30 loss: 0.2407 Lr: 0.00410
[2026-07-21 10:31:03,309 INFO misc.py line 117 10873] Train: [42/100][6/50] Data 0.002 (0.333) Batch 0.227 (0.572) Remain 00:28:03 loss: 0.2848 Lr: 0.00410
[2026-07-21 10:31:03,567 INFO misc.py line 117 10873] Train: [42/100][7/50] Data 0.002 (0.250) Batch 0.257 (0.493) Remain 00:24:11 loss: 0.2520 Lr: 0.00410
[2026-07-21 10:31:03,845 INFO misc.py line 117 10873] Train: [42/100][8/50] Data 0.023 (0.205) Batch 0.279 (0.450) Remain 00:22:04 loss: 0.3045 Lr: 0.00410
[2026-07-21 10:31:04,095 INFO misc.py line 117 10873] Train: [42/100][9/50] Data 0.002 (0.171) Batch 0.250 (0.417) Remain 00:20:25 loss: 0.3870 Lr: 0.00410
[2026-07-21 10:31:04,323 INFO misc.py line 117 10873] Train: [42/100][10/50] Data 0.002 (0.147) Batch 0.228 (0.390) Remain 00:19:06 loss: 0.3213 Lr: 0.00409
[2026-07-21 10:31:04,585 INFO misc.py line 117 10873] Train: [42/100][11/50] Data 0.002 (0.129) Batch 0.262 (0.374) Remain 00:18:18 loss: 0.4836 Lr: 0.00409
[2026-07-21 10:31:04,844 INFO misc.py line 117 10873] Train: [42/100][12/50] Data 0.002 (0.115) Batch 0.257 (0.361) Remain 00:17:40 loss: 0.3910 Lr: 0.00409
[2026-07-21 10:31:05,083 INFO misc.py line 117 10873] Train: [42/100][13/50] Data 0.004 (0.104) Batch 0.240 (0.349) Remain 00:17:04 loss: 0.2813 Lr: 0.00409
[2026-07-21 10:31:05,341 INFO misc.py line 117 10873] Train: [42/100][14/50] Data 0.003 (0.095) Batch 0.258 (0.341) Remain 00:16:39 loss: 0.3023 Lr: 0.00409
[2026-07-21 10:31:05,608 INFO misc.py line 117 10873] Train: [42/100][15/50] Data 0.003 (0.087) Batch 0.247 (0.333) Remain 00:16:16 loss: 0.2904 Lr: 0.00408
[2026-07-21 10:31:05,892 INFO misc.py line 117 10873] Train: [42/100][16/50] Data 0.023 (0.082) Batch 0.304 (0.331) Remain 00:16:09 loss: 0.3116 Lr: 0.00408
[2026-07-21 10:31:06,149 INFO misc.py line 117 10873] Train: [42/100][17/50] Data 0.003 (0.076) Batch 0.257 (0.325) Remain 00:15:54 loss: 0.2718 Lr: 0.00408
[2026-07-21 10:31:06,412 INFO misc.py line 117 10873] Train: [42/100][18/50] Data 0.004 (0.072) Batch 0.262 (0.321) Remain 00:15:41 loss: 0.2577 Lr: 0.00408
[2026-07-21 10:31:06,691 INFO misc.py line 117 10873] Train: [42/100][19/50] Data 0.005 (0.067) Batch 0.280 (0.318) Remain 00:15:33 loss: 0.3092 Lr: 0.00408
[2026-07-21 10:31:06,968 INFO misc.py line 117 10873] Train: [42/100][20/50] Data 0.004 (0.064) Batch 0.268 (0.316) Remain 00:15:24 loss: 0.2628 Lr: 0.00407
[2026-07-21 10:31:07,204 INFO misc.py line 117 10873] Train: [42/100][21/50] Data 0.013 (0.061) Batch 0.247 (0.312) Remain 00:15:12 loss: 0.2937 Lr: 0.00407
[2026-07-21 10:31:07,457 INFO misc.py line 117 10873] Train: [42/100][22/50] Data 0.002 (0.058) Batch 0.252 (0.309) Remain 00:15:03 loss: 0.3300 Lr: 0.00407
[2026-07-21 10:31:07,715 INFO misc.py line 117 10873] Train: [42/100][23/50] Data 0.003 (0.055) Batch 0.259 (0.306) Remain 00:14:55 loss: 0.2616 Lr: 0.00407
[2026-07-21 10:31:07,943 INFO misc.py line 117 10873] Train: [42/100][24/50] Data 0.002 (0.053) Batch 0.228 (0.302) Remain 00:14:44 loss: 0.3105 Lr: 0.00407
[2026-07-21 10:31:08,178 INFO misc.py line 117 10873] Train: [42/100][25/50] Data 0.002 (0.050) Batch 0.235 (0.299) Remain 00:14:35 loss: 0.3180 Lr: 0.00407
[2026-07-21 10:31:08,442 INFO misc.py line 117 10873] Train: [42/100][26/50] Data 0.004 (0.048) Batch 0.263 (0.298) Remain 00:14:30 loss: 0.2588 Lr: 0.00406
[2026-07-21 10:31:08,684 INFO misc.py line 117 10873] Train: [42/100][27/50] Data 0.005 (0.046) Batch 0.243 (0.295) Remain 00:14:23 loss: 0.2949 Lr: 0.00406
[2026-07-21 10:31:08,924 INFO misc.py line 117 10873] Train: [42/100][28/50] Data 0.003 (0.045) Batch 0.240 (0.293) Remain 00:14:16 loss: 0.2558 Lr: 0.00406
[2026-07-21 10:31:23,905 INFO misc.py line 117 10873] Train: [42/100][29/50] Data 14.704 (0.609) Batch 14.981 (0.858) Remain 00:41:46 loss: 0.4914 Lr: 0.00406
[2026-07-21 10:31:25,548 INFO misc.py line 117 10873] Train: [42/100][30/50] Data 1.413 (0.638) Batch 1.644 (0.887) Remain 00:43:10 loss: 0.3253 Lr: 0.00406
[2026-07-21 10:31:25,781 INFO misc.py line 117 10873] Train: [42/100][31/50] Data 0.002 (0.616) Batch 0.232 (0.864) Remain 00:42:01 loss: 0.2833 Lr: 0.00405
[2026-07-21 10:31:26,017 INFO misc.py line 117 10873] Train: [42/100][32/50] Data 0.002 (0.594) Batch 0.236 (0.842) Remain 00:40:57 loss: 0.2905 Lr: 0.00405
[2026-07-21 10:31:27,857 INFO misc.py line 117 10873] Train: [42/100][33/50] Data 1.593 (0.628) Batch 1.841 (0.875) Remain 00:42:33 loss: 0.4308 Lr: 0.00405
[2026-07-21 10:31:28,092 INFO misc.py line 117 10873] Train: [42/100][34/50] Data 0.001 (0.608) Batch 0.235 (0.855) Remain 00:41:32 loss: 0.3132 Lr: 0.00405
[2026-07-21 10:31:28,331 INFO misc.py line 117 10873] Train: [42/100][35/50] Data 0.001 (0.589) Batch 0.238 (0.836) Remain 00:40:35 loss: 0.3534 Lr: 0.00405
[2026-07-21 10:31:28,576 INFO misc.py line 117 10873] Train: [42/100][36/50] Data 0.001 (0.571) Batch 0.246 (0.818) Remain 00:39:42 loss: 0.3331 Lr: 0.00405
[2026-07-21 10:31:28,802 INFO misc.py line 117 10873] Train: [42/100][37/50] Data 0.001 (0.554) Batch 0.226 (0.800) Remain 00:38:51 loss: 0.3194 Lr: 0.00404
[2026-07-21 10:31:29,038 INFO misc.py line 117 10873] Train: [42/100][38/50] Data 0.001 (0.538) Batch 0.236 (0.784) Remain 00:38:03 loss: 0.3622 Lr: 0.00404
[2026-07-21 10:31:29,269 INFO misc.py line 117 10873] Train: [42/100][39/50] Data 0.001 (0.523) Batch 0.231 (0.769) Remain 00:37:17 loss: 0.2828 Lr: 0.00404
[2026-07-21 10:31:29,479 INFO misc.py line 117 10873] Train: [42/100][40/50] Data 0.001 (0.509) Batch 0.210 (0.754) Remain 00:36:33 loss: 0.2966 Lr: 0.00404
[2026-07-21 10:31:29,710 INFO misc.py line 117 10873] Train: [42/100][41/50] Data 0.001 (0.496) Batch 0.232 (0.740) Remain 00:35:52 loss: 0.3599 Lr: 0.00404
[2026-07-21 10:31:29,965 INFO misc.py line 117 10873] Train: [42/100][42/50] Data 0.001 (0.483) Batch 0.254 (0.727) Remain 00:35:15 loss: 0.3011 Lr: 0.00403
[2026-07-21 10:31:30,192 INFO misc.py line 117 10873] Train: [42/100][43/50] Data 0.001 (0.471) Batch 0.228 (0.715) Remain 00:34:38 loss: 0.2256 Lr: 0.00403
[2026-07-21 10:31:30,410 INFO misc.py line 117 10873] Train: [42/100][44/50] Data 0.001 (0.460) Batch 0.217 (0.703) Remain 00:34:02 loss: 0.2368 Lr: 0.00403
[2026-07-21 10:31:30,631 INFO misc.py line 117 10873] Train: [42/100][45/50] Data 0.001 (0.449) Batch 0.221 (0.691) Remain 00:33:28 loss: 0.2230 Lr: 0.00403
[2026-07-21 10:31:30,845 INFO misc.py line 117 10873] Train: [42/100][46/50] Data 0.001 (0.438) Batch 0.213 (0.680) Remain 00:32:55 loss: 0.2635 Lr: 0.00403
[2026-07-21 10:31:31,096 INFO misc.py line 117 10873] Train: [42/100][47/50] Data 0.001 (0.428) Batch 0.252 (0.671) Remain 00:32:26 loss: 0.4185 Lr: 0.00402
[2026-07-21 10:31:31,325 INFO misc.py line 117 10873] Train: [42/100][48/50] Data 0.001 (0.419) Batch 0.229 (0.661) Remain 00:31:57 loss: 0.3131 Lr: 0.00402
[2026-07-21 10:31:31,557 INFO misc.py line 117 10873] Train: [42/100][49/50] Data 0.001 (0.410) Batch 0.231 (0.651) Remain 00:31:29 loss: 0.2197 Lr: 0.00402
[2026-07-21 10:31:31,785 INFO misc.py line 117 10873] Train: [42/100][50/50] Data 0.001 (0.401) Batch 0.228 (0.642) Remain 00:31:02 loss: 0.4458 Lr: 0.00402
[2026-07-21 10:31:31,785 INFO misc.py line 147 10873] Train result: loss: 0.3171 
[2026-07-21 10:31:31,786 INFO evaluator.py line 169 10873] >>>>>>>>>>>>>>>> Start Evaluation (Segmentation) >>>>>>>>>>>>>>>>
[2026-07-21 10:31:40,681 INFO evaluator.py line 228 10873] Test: [1/1] Loss 0.4926 
[2026-07-21 10:31:40,946 INFO evaluator.py line 257 10873] Val result: mIoU/macroF1/mAcc/mPrecision/allAcc 0.7047/0.8031/0.7697/0.8522/0.9478.
[2026-07-21 10:31:40,946 INFO evaluator.py line 266 10873] Class_0-road Metrics: IoU=0.9530, accuracy=0.9816, precision=0.9704, F1=0.9759
[2026-07-21 10:31:40,947 INFO evaluator.py line 266 10873] Class_1-road_marking Metrics: IoU=0.4909, accuracy=0.5934, precision=0.7396, F1=0.6585
[2026-07-21 10:31:40,947 INFO evaluator.py line 266 10873] Class_2-natural Metrics: IoU=0.9322, accuracy=0.9423, precision=0.9887, F1=0.9649
[2026-07-21 10:31:40,947 INFO evaluator.py line 266 10873] Class_3-building Metrics: IoU=0.8178, accuracy=0.9660, precision=0.8420, F1=0.8997
[2026-07-21 10:31:40,947 INFO evaluator.py line 266 10873] Class_4-utility_line Metrics: IoU=0.6803, accuracy=0.7020, precision=0.9566, F1=0.8098
[2026-07-21 10:31:40,947 INFO evaluator.py line 266 10873] Class_5-pole Metrics: IoU=0.6511, accuracy=0.6802, precision=0.9384, F1=0.7887
[2026-07-21 10:31:40,947 INFO evaluator.py line 266 10873] Class_6-car Metrics: IoU=0.8594, accuracy=0.9406, precision=0.9087, F1=0.9244
[2026-07-21 10:31:40,947 INFO evaluator.py line 266 10873] Class_7-fence Metrics: IoU=0.2525, accuracy=0.3514, precision=0.4729, F1=0.4032
[2026-07-21 10:31:40,947 INFO evaluator.py line 321 10873] <<<<<<<<<<<<<<<<< End Evaluation <<<<<<<<<<<<<<<<<
[2026-07-21 10:31:40,948 INFO misc.py line 187 10873] Currently Best mIoU: 0.7304
[2026-07-21 10:31:40,948 INFO misc.py line 196 10873] Saving checkpoint to: exp/toronto3d/spunet-toronto3d/model/model_last.pth
[2026-07-21 10:32:05,929 INFO misc.py line 117 10873] Train: [43/100][1/50] Data 24.446 (24.446) Batch 24.718 (24.718) Remain 19:54:18 loss: 0.4228 Lr: 0.00402
[2026-07-21 10:32:06,200 INFO misc.py line 117 10873] Train: [43/100][2/50] Data 0.004 (0.004) Batch 0.272 (0.272) Remain 00:13:06 loss: 0.3416 Lr: 0.00402
[2026-07-21 10:32:08,727 INFO misc.py line 117 10873] Train: [43/100][3/50] Data 2.286 (2.286) Batch 2.527 (2.527) Remain 02:02:00 loss: 0.3561 Lr: 0.00401
[2026-07-21 10:32:08,963 INFO misc.py line 117 10873] Train: [43/100][4/50] Data 0.003 (0.003) Batch 0.236 (0.236) Remain 00:11:23 loss: 0.2880 Lr: 0.00401
[2026-07-21 10:32:10,128 INFO misc.py line 117 10873] Train: [43/100][5/50] Data 0.888 (0.445) Batch 1.166 (0.701) Remain 00:33:48 loss: 0.2520 Lr: 0.00401
[2026-07-21 10:32:11,521 INFO misc.py line 117 10873] Train: [43/100][6/50] Data 1.152 (0.681) Batch 1.391 (0.931) Remain 00:44:53 loss: 0.2873 Lr: 0.00401
[2026-07-21 10:32:11,819 INFO misc.py line 117 10873] Train: [43/100][7/50] Data 0.004 (0.512) Batch 0.301 (0.773) Remain 00:37:17 loss: 0.3235 Lr: 0.00401
[2026-07-21 10:32:12,076 INFO misc.py line 117 10873] Train: [43/100][8/50] Data 0.003 (0.410) Batch 0.257 (0.670) Remain 00:32:17 loss: 0.4370 Lr: 0.00400
[2026-07-21 10:32:12,304 INFO misc.py line 117 10873] Train: [43/100][9/50] Data 0.002 (0.342) Batch 0.228 (0.596) Remain 00:28:43 loss: 0.2442 Lr: 0.00400
[2026-07-21 10:32:12,550 INFO misc.py line 117 10873] Train: [43/100][10/50] Data 0.004 (0.294) Batch 0.247 (0.546) Remain 00:26:18 loss: 0.3216 Lr: 0.00400
[2026-07-21 10:32:12,794 INFO misc.py line 117 10873] Train: [43/100][11/50] Data 0.002 (0.257) Batch 0.242 (0.508) Remain 00:24:28 loss: 0.3317 Lr: 0.00400
[2026-07-21 10:32:13,029 INFO misc.py line 117 10873] Train: [43/100][12/50] Data 0.006 (0.229) Batch 0.237 (0.478) Remain 00:23:00 loss: 0.2557 Lr: 0.00400
[2026-07-21 10:32:13,257 INFO misc.py line 117 10873] Train: [43/100][13/50] Data 0.003 (0.207) Batch 0.228 (0.453) Remain 00:21:48 loss: 0.2456 Lr: 0.00399
[2026-07-21 10:32:13,503 INFO misc.py line 117 10873] Train: [43/100][14/50] Data 0.002 (0.188) Batch 0.247 (0.434) Remain 00:20:53 loss: 0.3180 Lr: 0.00399
[2026-07-21 10:32:13,759 INFO misc.py line 117 10873] Train: [43/100][15/50] Data 0.002 (0.173) Batch 0.256 (0.419) Remain 00:20:10 loss: 0.3045 Lr: 0.00399
[2026-07-21 10:32:14,061 INFO misc.py line 117 10873] Train: [43/100][16/50] Data 0.002 (0.160) Batch 0.302 (0.410) Remain 00:19:43 loss: 0.2833 Lr: 0.00399
[2026-07-21 10:32:14,296 INFO misc.py line 117 10873] Train: [43/100][17/50] Data 0.002 (0.148) Batch 0.235 (0.398) Remain 00:19:07 loss: 0.3803 Lr: 0.00399
[2026-07-21 10:32:14,764 INFO misc.py line 117 10873] Train: [43/100][18/50] Data 0.200 (0.152) Batch 0.468 (0.403) Remain 00:19:20 loss: 0.3232 Lr: 0.00399
[2026-07-21 10:32:15,014 INFO misc.py line 117 10873] Train: [43/100][19/50] Data 0.003 (0.142) Batch 0.249 (0.393) Remain 00:18:52 loss: 0.2674 Lr: 0.00398
[2026-07-21 10:32:15,327 INFO misc.py line 117 10873] Train: [43/100][20/50] Data 0.017 (0.135) Batch 0.313 (0.388) Remain 00:18:38 loss: 0.3418 Lr: 0.00398
[2026-07-21 10:32:15,592 INFO misc.py line 117 10873] Train: [43/100][21/50] Data 0.003 (0.128) Batch 0.265 (0.381) Remain 00:18:18 loss: 0.3847 Lr: 0.00398
[2026-07-21 10:32:15,843 INFO misc.py line 117 10873] Train: [43/100][22/50] Data 0.003 (0.121) Batch 0.251 (0.375) Remain 00:17:57 loss: 0.3238 Lr: 0.00398
[2026-07-21 10:32:16,122 INFO misc.py line 117 10873] Train: [43/100][23/50] Data 0.007 (0.115) Batch 0.278 (0.370) Remain 00:17:43 loss: 0.4199 Lr: 0.00398
[2026-07-21 10:32:16,413 INFO misc.py line 117 10873] Train: [43/100][24/50] Data 0.006 (0.110) Batch 0.292 (0.366) Remain 00:17:32 loss: 0.2668 Lr: 0.00397
[2026-07-21 10:32:16,659 INFO misc.py line 117 10873] Train: [43/100][25/50] Data 0.002 (0.105) Batch 0.245 (0.361) Remain 00:17:16 loss: 0.2843 Lr: 0.00397
[2026-07-21 10:32:16,917 INFO misc.py line 117 10873] Train: [43/100][26/50] Data 0.004 (0.101) Batch 0.258 (0.356) Remain 00:17:03 loss: 0.3229 Lr: 0.00397
[2026-07-21 10:32:17,150 INFO misc.py line 117 10873] Train: [43/100][27/50] Data 0.003 (0.097) Batch 0.233 (0.351) Remain 00:16:48 loss: 0.2974 Lr: 0.00397
[2026-07-21 10:32:17,383 INFO misc.py line 117 10873] Train: [43/100][28/50] Data 0.002 (0.093) Batch 0.233 (0.346) Remain 00:16:34 loss: 0.2309 Lr: 0.00397
[2026-07-21 10:32:32,268 INFO misc.py line 117 10873] Train: [43/100][29/50] Data 14.584 (0.650) Batch 14.875 (0.905) Remain 00:43:18 loss: 0.4705 Lr: 0.00396
[2026-07-21 10:32:32,505 INFO misc.py line 117 10873] Train: [43/100][30/50] Data 0.012 (0.627) Batch 0.247 (0.881) Remain 00:42:07 loss: 0.3147 Lr: 0.00396
[2026-07-21 10:32:32,746 INFO misc.py line 117 10873] Train: [43/100][31/50] Data 0.002 (0.604) Batch 0.240 (0.858) Remain 00:41:01 loss: 0.2944 Lr: 0.00396
[2026-07-21 10:32:33,885 INFO misc.py line 117 10873] Train: [43/100][32/50] Data 0.922 (0.615) Batch 1.140 (0.868) Remain 00:41:28 loss: 0.3525 Lr: 0.00396
[2026-07-21 10:32:35,481 INFO misc.py line 117 10873] Train: [43/100][33/50] Data 1.361 (0.640) Batch 1.596 (0.892) Remain 00:42:36 loss: 0.3254 Lr: 0.00396
[2026-07-21 10:32:36,633 INFO misc.py line 117 10873] Train: [43/100][34/50] Data 0.932 (0.650) Batch 1.153 (0.900) Remain 00:43:00 loss: 0.3069 Lr: 0.00396
[2026-07-21 10:32:36,850 INFO misc.py line 117 10873] Train: [43/100][35/50] Data 0.002 (0.629) Batch 0.217 (0.879) Remain 00:41:58 loss: 0.2230 Lr: 0.00395
[2026-07-21 10:32:37,074 INFO misc.py line 117 10873] Train: [43/100][36/50] Data 0.001 (0.610) Batch 0.223 (0.859) Remain 00:41:00 loss: 0.3474 Lr: 0.00395
[2026-07-21 10:32:37,296 INFO misc.py line 117 10873] Train: [43/100][37/50] Data 0.001 (0.592) Batch 0.222 (0.840) Remain 00:40:05 loss: 0.3008 Lr: 0.00395
[2026-07-21 10:32:37,517 INFO misc.py line 117 10873] Train: [43/100][38/50] Data 0.001 (0.576) Batch 0.221 (0.823) Remain 00:39:14 loss: 0.2880 Lr: 0.00395
[2026-07-21 10:32:37,767 INFO misc.py line 117 10873] Train: [43/100][39/50] Data 0.001 (0.560) Batch 0.249 (0.807) Remain 00:38:27 loss: 0.4128 Lr: 0.00395
[2026-07-21 10:32:38,001 INFO misc.py line 117 10873] Train: [43/100][40/50] Data 0.001 (0.545) Batch 0.234 (0.791) Remain 00:37:42 loss: 0.3624 Lr: 0.00394
[2026-07-21 10:32:38,253 INFO misc.py line 117 10873] Train: [43/100][41/50] Data 0.001 (0.530) Batch 0.252 (0.777) Remain 00:37:01 loss: 0.3891 Lr: 0.00394
[2026-07-21 10:32:38,498 INFO misc.py line 117 10873] Train: [43/100][42/50] Data 0.001 (0.517) Batch 0.245 (0.763) Remain 00:36:21 loss: 0.3439 Lr: 0.00394
[2026-07-21 10:32:38,724 INFO misc.py line 117 10873] Train: [43/100][43/50] Data 0.002 (0.504) Batch 0.226 (0.750) Remain 00:35:42 loss: 0.3497 Lr: 0.00394
[2026-07-21 10:32:38,976 INFO misc.py line 117 10873] Train: [43/100][44/50] Data 0.001 (0.492) Batch 0.252 (0.738) Remain 00:35:07 loss: 0.4715 Lr: 0.00394
[2026-07-21 10:32:39,204 INFO misc.py line 117 10873] Train: [43/100][45/50] Data 0.002 (0.480) Batch 0.228 (0.726) Remain 00:34:31 loss: 0.2839 Lr: 0.00393
[2026-07-21 10:32:39,432 INFO misc.py line 117 10873] Train: [43/100][46/50] Data 0.001 (0.469) Batch 0.227 (0.714) Remain 00:33:58 loss: 0.3600 Lr: 0.00393
[2026-07-21 10:32:39,660 INFO misc.py line 117 10873] Train: [43/100][47/50] Data 0.001 (0.458) Batch 0.228 (0.703) Remain 00:33:25 loss: 0.4421 Lr: 0.00393
[2026-07-21 10:32:39,895 INFO misc.py line 117 10873] Train: [43/100][48/50] Data 0.001 (0.448) Batch 0.235 (0.693) Remain 00:32:55 loss: 0.3089 Lr: 0.00393
[2026-07-21 10:32:40,137 INFO misc.py line 117 10873] Train: [43/100][49/50] Data 0.001 (0.438) Batch 0.242 (0.683) Remain 00:32:26 loss: 0.2770 Lr: 0.00393
[2026-07-21 10:32:40,384 INFO misc.py line 117 10873] Train: [43/100][50/50] Data 0.001 (0.429) Batch 0.247 (0.674) Remain 00:31:59 loss: 0.3259 Lr: 0.00393
[2026-07-21 10:32:40,384 INFO misc.py line 147 10873] Train result: loss: 0.3281 
[2026-07-21 10:32:40,384 INFO evaluator.py line 169 10873] >>>>>>>>>>>>>>>> Start Evaluation (Segmentation) >>>>>>>>>>>>>>>>
[2026-07-21 10:32:49,207 INFO evaluator.py line 228 10873] Test: [1/1] Loss 0.5362 
[2026-07-21 10:32:49,458 INFO evaluator.py line 257 10873] Val result: mIoU/macroF1/mAcc/mPrecision/allAcc 0.6878/0.7813/0.7735/0.8419/0.9478.
[2026-07-21 10:32:49,459 INFO evaluator.py line 266 10873] Class_0-road Metrics: IoU=0.9481, accuracy=0.9880, precision=0.9591, F1=0.9733
[2026-07-21 10:32:49,459 INFO evaluator.py line 266 10873] Class_1-road_marking Metrics: IoU=0.4174, accuracy=0.4429, precision=0.8785, F1=0.5889
[2026-07-21 10:32:49,459 INFO evaluator.py line 266 10873] Class_2-natural Metrics: IoU=0.9493, accuracy=0.9802, precision=0.9679, F1=0.9740
[2026-07-21 10:32:49,459 INFO evaluator.py line 266 10873] Class_3-building Metrics: IoU=0.8761, accuracy=0.9257, precision=0.9424, F1=0.9339
[2026-07-21 10:32:49,459 INFO evaluator.py line 266 10873] Class_4-utility_line Metrics: IoU=0.7538, accuracy=0.8163, precision=0.9078, F1=0.8596
[2026-07-21 10:32:49,459 INFO evaluator.py line 266 10873] Class_5-pole Metrics: IoU=0.7427, accuracy=0.7833, precision=0.9348, F1=0.8524
[2026-07-21 10:32:49,459 INFO evaluator.py line 266 10873] Class_6-car Metrics: IoU=0.6538, accuracy=0.6710, precision=0.9624, F1=0.7907
[2026-07-21 10:32:49,459 INFO evaluator.py line 266 10873] Class_7-fence Metrics: IoU=0.1609, accuracy=0.5803, precision=0.1821, F1=0.2773
[2026-07-21 10:32:49,460 INFO evaluator.py line 321 10873] <<<<<<<<<<<<<<<<< End Evaluation <<<<<<<<<<<<<<<<<
[2026-07-21 10:32:49,461 INFO misc.py line 187 10873] Currently Best mIoU: 0.7304
[2026-07-21 10:32:49,461 INFO misc.py line 196 10873] Saving checkpoint to: exp/toronto3d/spunet-toronto3d/model/model_last.pth
[2026-07-21 10:33:18,779 INFO misc.py line 117 10873] Train: [44/100][1/50] Data 28.726 (28.726) Batch 29.058 (29.058) Remain 22:59:47 loss: 0.3641 Lr: 0.00392
[2026-07-21 10:33:19,389 INFO misc.py line 117 10873] Train: [44/100][2/50] Data 0.346 (0.346) Batch 0.610 (0.610) Remain 00:28:58 loss: 0.3648 Lr: 0.00392
[2026-07-21 10:33:19,626 INFO misc.py line 117 10873] Train: [44/100][3/50] Data 0.002 (0.002) Batch 0.237 (0.237) Remain 00:11:13 loss: 0.2795 Lr: 0.00392
[2026-07-21 10:33:19,889 INFO misc.py line 117 10873] Train: [44/100][4/50] Data 0.003 (0.003) Batch 0.263 (0.263) Remain 00:12:29 loss: 0.3659 Lr: 0.00392
[2026-07-21 10:33:20,128 INFO misc.py line 117 10873] Train: [44/100][5/50] Data 0.002 (0.003) Batch 0.239 (0.251) Remain 00:11:54 loss: 0.2622 Lr: 0.00392
[2026-07-21 10:33:20,396 INFO misc.py line 117 10873] Train: [44/100][6/50] Data 0.004 (0.003) Batch 0.268 (0.257) Remain 00:12:10 loss: 0.3093 Lr: 0.00391
[2026-07-21 10:33:20,657 INFO misc.py line 117 10873] Train: [44/100][7/50] Data 0.015 (0.006) Batch 0.261 (0.258) Remain 00:12:13 loss: 0.2387 Lr: 0.00391
[2026-07-21 10:33:20,900 INFO misc.py line 117 10873] Train: [44/100][8/50] Data 0.004 (0.006) Batch 0.243 (0.255) Remain 00:12:04 loss: 0.2412 Lr: 0.00391
[2026-07-21 10:33:21,155 INFO misc.py line 117 10873] Train: [44/100][9/50] Data 0.004 (0.005) Batch 0.255 (0.255) Remain 00:12:03 loss: 0.2671 Lr: 0.00391
[2026-07-21 10:33:21,401 INFO misc.py line 117 10873] Train: [44/100][10/50] Data 0.003 (0.005) Batch 0.247 (0.254) Remain 00:12:00 loss: 0.2543 Lr: 0.00391
[2026-07-21 10:33:21,668 INFO misc.py line 117 10873] Train: [44/100][11/50] Data 0.002 (0.005) Batch 0.267 (0.255) Remain 00:12:04 loss: 0.2333 Lr: 0.00390
[2026-07-21 10:33:21,899 INFO misc.py line 117 10873] Train: [44/100][12/50] Data 0.003 (0.004) Batch 0.231 (0.253) Remain 00:11:57 loss: 0.3153 Lr: 0.00390
[2026-07-21 10:33:22,141 INFO misc.py line 117 10873] Train: [44/100][13/50] Data 0.003 (0.004) Batch 0.242 (0.252) Remain 00:11:53 loss: 0.2156 Lr: 0.00390
[2026-07-21 10:33:22,391 INFO misc.py line 117 10873] Train: [44/100][14/50] Data 0.002 (0.004) Batch 0.250 (0.251) Remain 00:11:53 loss: 0.2906 Lr: 0.00390
[2026-07-21 10:33:22,631 INFO misc.py line 117 10873] Train: [44/100][15/50] Data 0.003 (0.004) Batch 0.240 (0.250) Remain 00:11:50 loss: 0.2807 Lr: 0.00390
[2026-07-21 10:33:22,890 INFO misc.py line 117 10873] Train: [44/100][16/50] Data 0.003 (0.004) Batch 0.259 (0.251) Remain 00:11:51 loss: 0.2615 Lr: 0.00390
[2026-07-21 10:33:23,162 INFO misc.py line 117 10873] Train: [44/100][17/50] Data 0.002 (0.004) Batch 0.271 (0.253) Remain 00:11:55 loss: 0.3614 Lr: 0.00389
[2026-07-21 10:33:23,417 INFO misc.py line 117 10873] Train: [44/100][18/50] Data 0.003 (0.004) Batch 0.255 (0.253) Remain 00:11:55 loss: 0.4818 Lr: 0.00389
[2026-07-21 10:33:23,657 INFO misc.py line 117 10873] Train: [44/100][19/50] Data 0.004 (0.004) Batch 0.240 (0.252) Remain 00:11:53 loss: 0.3198 Lr: 0.00389
[2026-07-21 10:33:23,919 INFO misc.py line 117 10873] Train: [44/100][20/50] Data 0.004 (0.004) Batch 0.262 (0.253) Remain 00:11:54 loss: 0.3995 Lr: 0.00389
[2026-07-21 10:33:24,175 INFO misc.py line 117 10873] Train: [44/100][21/50] Data 0.003 (0.004) Batch 0.257 (0.253) Remain 00:11:55 loss: 0.2828 Lr: 0.00389
[2026-07-21 10:33:24,425 INFO misc.py line 117 10873] Train: [44/100][22/50] Data 0.003 (0.004) Batch 0.250 (0.253) Remain 00:11:54 loss: 0.2792 Lr: 0.00388
[2026-07-21 10:33:24,672 INFO misc.py line 117 10873] Train: [44/100][23/50] Data 0.003 (0.004) Batch 0.247 (0.252) Remain 00:11:53 loss: 0.2807 Lr: 0.00388
[2026-07-21 10:33:24,948 INFO misc.py line 117 10873] Train: [44/100][24/50] Data 0.002 (0.004) Batch 0.276 (0.253) Remain 00:11:56 loss: 0.2720 Lr: 0.00388
[2026-07-21 10:33:25,192 INFO misc.py line 117 10873] Train: [44/100][25/50] Data 0.004 (0.004) Batch 0.244 (0.253) Remain 00:11:54 loss: 0.3440 Lr: 0.00388
[2026-07-21 10:33:25,453 INFO misc.py line 117 10873] Train: [44/100][26/50] Data 0.002 (0.003) Batch 0.261 (0.253) Remain 00:11:55 loss: 0.3014 Lr: 0.00388
[2026-07-21 10:33:25,698 INFO misc.py line 117 10873] Train: [44/100][27/50] Data 0.002 (0.003) Batch 0.234 (0.253) Remain 00:11:53 loss: 0.2486 Lr: 0.00387
[2026-07-21 10:33:25,978 INFO misc.py line 117 10873] Train: [44/100][28/50] Data 0.013 (0.004) Batch 0.291 (0.254) Remain 00:11:57 loss: 0.2958 Lr: 0.00387
[2026-07-21 10:33:44,205 INFO misc.py line 117 10873] Train: [44/100][29/50] Data 17.984 (0.695) Batch 18.227 (0.945) Remain 00:44:26 loss: 0.3569 Lr: 0.00387
[2026-07-21 10:33:44,432 INFO misc.py line 117 10873] Train: [44/100][30/50] Data 0.002 (0.670) Batch 0.228 (0.919) Remain 00:43:11 loss: 0.4079 Lr: 0.00387
[2026-07-21 10:33:44,658 INFO misc.py line 117 10873] Train: [44/100][31/50] Data 0.002 (0.646) Batch 0.226 (0.894) Remain 00:42:00 loss: 0.3379 Lr: 0.00387
[2026-07-21 10:33:44,895 INFO misc.py line 117 10873] Train: [44/100][32/50] Data 0.002 (0.624) Batch 0.237 (0.871) Remain 00:40:55 loss: 0.3585 Lr: 0.00386
[2026-07-21 10:33:45,138 INFO misc.py line 117 10873] Train: [44/100][33/50] Data 0.002 (0.603) Batch 0.242 (0.850) Remain 00:39:55 loss: 0.4338 Lr: 0.00386
[2026-07-21 10:33:45,366 INFO misc.py line 117 10873] Train: [44/100][34/50] Data 0.003 (0.584) Batch 0.229 (0.830) Remain 00:38:58 loss: 0.3981 Lr: 0.00386
[2026-07-21 10:33:45,618 INFO misc.py line 117 10873] Train: [44/100][35/50] Data 0.002 (0.565) Batch 0.252 (0.812) Remain 00:38:06 loss: 0.3459 Lr: 0.00386
[2026-07-21 10:33:45,857 INFO misc.py line 117 10873] Train: [44/100][36/50] Data 0.002 (0.548) Batch 0.239 (0.795) Remain 00:37:16 loss: 0.3857 Lr: 0.00386
[2026-07-21 10:33:46,078 INFO misc.py line 117 10873] Train: [44/100][37/50] Data 0.002 (0.532) Batch 0.222 (0.778) Remain 00:36:28 loss: 0.2829 Lr: 0.00386
[2026-07-21 10:33:46,346 INFO misc.py line 117 10873] Train: [44/100][38/50] Data 0.002 (0.517) Batch 0.267 (0.763) Remain 00:35:46 loss: 0.3410 Lr: 0.00385
[2026-07-21 10:33:46,569 INFO misc.py line 117 10873] Train: [44/100][39/50] Data 0.002 (0.503) Batch 0.224 (0.748) Remain 00:35:03 loss: 0.3433 Lr: 0.00385
[2026-07-21 10:33:46,800 INFO misc.py line 117 10873] Train: [44/100][40/50] Data 0.002 (0.489) Batch 0.230 (0.734) Remain 00:34:23 loss: 0.3367 Lr: 0.00385
[2026-07-21 10:33:47,031 INFO misc.py line 117 10873] Train: [44/100][41/50] Data 0.002 (0.476) Batch 0.231 (0.721) Remain 00:33:45 loss: 0.2896 Lr: 0.00385
[2026-07-21 10:33:47,280 INFO misc.py line 117 10873] Train: [44/100][42/50] Data 0.001 (0.464) Batch 0.249 (0.709) Remain 00:33:11 loss: 0.3887 Lr: 0.00385
[2026-07-21 10:33:47,508 INFO misc.py line 117 10873] Train: [44/100][43/50] Data 0.001 (0.453) Batch 0.228 (0.697) Remain 00:32:36 loss: 0.2910 Lr: 0.00384
[2026-07-21 10:33:47,749 INFO misc.py line 117 10873] Train: [44/100][44/50] Data 0.001 (0.442) Batch 0.241 (0.686) Remain 00:32:04 loss: 0.3358 Lr: 0.00384
[2026-07-21 10:33:47,981 INFO misc.py line 117 10873] Train: [44/100][45/50] Data 0.001 (0.431) Batch 0.232 (0.675) Remain 00:31:33 loss: 0.2957 Lr: 0.00384
[2026-07-21 10:33:48,222 INFO misc.py line 117 10873] Train: [44/100][46/50] Data 0.001 (0.421) Batch 0.241 (0.665) Remain 00:31:04 loss: 0.3180 Lr: 0.00384
[2026-07-21 10:33:48,458 INFO misc.py line 117 10873] Train: [44/100][47/50] Data 0.001 (0.412) Batch 0.236 (0.655) Remain 00:30:36 loss: 0.4569 Lr: 0.00384
[2026-07-21 10:33:48,707 INFO misc.py line 117 10873] Train: [44/100][48/50] Data 0.001 (0.402) Batch 0.249 (0.646) Remain 00:30:10 loss: 0.4191 Lr: 0.00383
[2026-07-21 10:33:48,938 INFO misc.py line 117 10873] Train: [44/100][49/50] Data 0.001 (0.394) Batch 0.231 (0.637) Remain 00:29:44 loss: 0.2845 Lr: 0.00383
[2026-07-21 10:33:49,174 INFO misc.py line 117 10873] Train: [44/100][50/50] Data 0.001 (0.385) Batch 0.236 (0.629) Remain 00:29:20 loss: 0.3087 Lr: 0.00383
[2026-07-21 10:33:49,174 INFO misc.py line 147 10873] Train result: loss: 0.3226 
[2026-07-21 10:33:49,175 INFO evaluator.py line 169 10873] >>>>>>>>>>>>>>>> Start Evaluation (Segmentation) >>>>>>>>>>>>>>>>
[2026-07-21 10:33:57,996 INFO evaluator.py line 228 10873] Test: [1/1] Loss 0.5208 
[2026-07-21 10:33:58,256 INFO evaluator.py line 257 10873] Val result: mIoU/macroF1/mAcc/mPrecision/allAcc 0.7061/0.8010/0.7901/0.8396/0.9492.
[2026-07-21 10:33:58,256 INFO evaluator.py line 266 10873] Class_0-road Metrics: IoU=0.9489, accuracy=0.9786, precision=0.9690, F1=0.9738
[2026-07-21 10:33:58,256 INFO evaluator.py line 266 10873] Class_1-road_marking Metrics: IoU=0.4908, accuracy=0.5835, precision=0.7553, F1=0.6584
[2026-07-21 10:33:58,256 INFO evaluator.py line 266 10873] Class_2-natural Metrics: IoU=0.9349, accuracy=0.9713, precision=0.9615, F1=0.9664
[2026-07-21 10:33:58,257 INFO evaluator.py line 266 10873] Class_3-building Metrics: IoU=0.8546, accuracy=0.9226, precision=0.9205, F1=0.9216
[2026-07-21 10:33:58,257 INFO evaluator.py line 266 10873] Class_4-utility_line Metrics: IoU=0.7191, accuracy=0.7407, precision=0.9611, F1=0.8366
[2026-07-21 10:33:58,257 INFO evaluator.py line 266 10873] Class_5-pole Metrics: IoU=0.6232, accuracy=0.6495, precision=0.9390, F1=0.7679
[2026-07-21 10:33:58,257 INFO evaluator.py line 266 10873] Class_6-car Metrics: IoU=0.8580, accuracy=0.9001, precision=0.9483, F1=0.9236
[2026-07-21 10:33:58,257 INFO evaluator.py line 266 10873] Class_7-fence Metrics: IoU=0.2196, accuracy=0.5747, precision=0.2622, F1=0.3601
[2026-07-21 10:33:58,257 INFO evaluator.py line 321 10873] <<<<<<<<<<<<<<<<< End Evaluation <<<<<<<<<<<<<<<<<
[2026-07-21 10:33:58,258 INFO misc.py line 187 10873] Currently Best mIoU: 0.7304
[2026-07-21 10:33:58,258 INFO misc.py line 196 10873] Saving checkpoint to: exp/toronto3d/spunet-toronto3d/model/model_last.pth
[2026-07-21 10:34:26,463 INFO misc.py line 117 10873] Train: [45/100][1/50] Data 27.662 (27.662) Batch 27.942 (27.942) Remain 21:43:28 loss: 0.3435 Lr: 0.00383
[2026-07-21 10:34:27,100 INFO misc.py line 117 10873] Train: [45/100][2/50] Data 0.359 (0.359) Batch 0.636 (0.636) Remain 00:29:40 loss: 0.3562 Lr: 0.00383
[2026-07-21 10:34:27,400 INFO misc.py line 117 10873] Train: [45/100][3/50] Data 0.011 (0.011) Batch 0.300 (0.300) Remain 00:13:58 loss: 0.3622 Lr: 0.00382
[2026-07-21 10:34:27,764 INFO misc.py line 117 10873] Train: [45/100][4/50] Data 0.010 (0.010) Batch 0.365 (0.365) Remain 00:17:00 loss: 0.3724 Lr: 0.00382
[2026-07-21 10:34:28,001 INFO misc.py line 117 10873] Train: [45/100][5/50] Data 0.003 (0.006) Batch 0.235 (0.300) Remain 00:13:58 loss: 0.2777 Lr: 0.00382
[2026-07-21 10:34:28,253 INFO misc.py line 117 10873] Train: [45/100][6/50] Data 0.003 (0.005) Batch 0.253 (0.284) Remain 00:13:14 loss: 0.2965 Lr: 0.00382
[2026-07-21 10:34:30,288 INFO misc.py line 117 10873] Train: [45/100][7/50] Data 1.770 (0.446) Batch 2.035 (0.722) Remain 00:33:37 loss: 0.3460 Lr: 0.00382
[2026-07-21 10:34:30,568 INFO misc.py line 117 10873] Train: [45/100][8/50] Data 0.006 (0.358) Batch 0.280 (0.634) Remain 00:29:29 loss: 0.2740 Lr: 0.00382
[2026-07-21 10:34:30,802 INFO misc.py line 117 10873] Train: [45/100][9/50] Data 0.002 (0.299) Batch 0.234 (0.567) Remain 00:26:22 loss: 0.2820 Lr: 0.00381
[2026-07-21 10:34:31,055 INFO misc.py line 117 10873] Train: [45/100][10/50] Data 0.002 (0.257) Batch 0.254 (0.522) Remain 00:24:16 loss: 0.3155 Lr: 0.00381
[2026-07-21 10:34:31,313 INFO misc.py line 117 10873] Train: [45/100][11/50] Data 0.003 (0.225) Batch 0.258 (0.489) Remain 00:22:44 loss: 0.3085 Lr: 0.00381
[2026-07-21 10:34:31,551 INFO misc.py line 117 10873] Train: [45/100][12/50] Data 0.003 (0.200) Batch 0.238 (0.461) Remain 00:21:26 loss: 0.2163 Lr: 0.00381
[2026-07-21 10:34:31,806 INFO misc.py line 117 10873] Train: [45/100][13/50] Data 0.003 (0.180) Batch 0.256 (0.441) Remain 00:20:28 loss: 0.3066 Lr: 0.00381
[2026-07-21 10:34:32,045 INFO misc.py line 117 10873] Train: [45/100][14/50] Data 0.003 (0.164) Batch 0.238 (0.422) Remain 00:19:36 loss: 0.3033 Lr: 0.00380
[2026-07-21 10:34:32,289 INFO misc.py line 117 10873] Train: [45/100][15/50] Data 0.002 (0.151) Batch 0.244 (0.407) Remain 00:18:54 loss: 0.2114 Lr: 0.00380
[2026-07-21 10:34:32,543 INFO misc.py line 117 10873] Train: [45/100][16/50] Data 0.003 (0.139) Batch 0.253 (0.396) Remain 00:18:21 loss: 0.3092 Lr: 0.00380
[2026-07-21 10:34:32,824 INFO misc.py line 117 10873] Train: [45/100][17/50] Data 0.004 (0.130) Batch 0.282 (0.387) Remain 00:17:58 loss: 0.2764 Lr: 0.00380
[2026-07-21 10:34:33,067 INFO misc.py line 117 10873] Train: [45/100][18/50] Data 0.003 (0.121) Batch 0.243 (0.378) Remain 00:17:31 loss: 0.3306 Lr: 0.00380
[2026-07-21 10:34:33,335 INFO misc.py line 117 10873] Train: [45/100][19/50] Data 0.002 (0.114) Batch 0.268 (0.371) Remain 00:17:11 loss: 0.2568 Lr: 0.00379
[2026-07-21 10:34:33,593 INFO misc.py line 117 10873] Train: [45/100][20/50] Data 0.002 (0.107) Batch 0.258 (0.364) Remain 00:16:52 loss: 0.4172 Lr: 0.00379
[2026-07-21 10:34:33,834 INFO misc.py line 117 10873] Train: [45/100][21/50] Data 0.003 (0.101) Batch 0.241 (0.357) Remain 00:16:33 loss: 0.3389 Lr: 0.00379
[2026-07-21 10:34:34,071 INFO misc.py line 117 10873] Train: [45/100][22/50] Data 0.002 (0.096) Batch 0.237 (0.351) Remain 00:16:15 loss: 0.2908 Lr: 0.00379
[2026-07-21 10:34:34,311 INFO misc.py line 117 10873] Train: [45/100][23/50] Data 0.003 (0.092) Batch 0.240 (0.346) Remain 00:15:59 loss: 0.2949 Lr: 0.00379
[2026-07-21 10:34:34,551 INFO misc.py line 117 10873] Train: [45/100][24/50] Data 0.003 (0.087) Batch 0.240 (0.341) Remain 00:15:45 loss: 0.2723 Lr: 0.00378
[2026-07-21 10:34:34,793 INFO misc.py line 117 10873] Train: [45/100][25/50] Data 0.003 (0.084) Batch 0.242 (0.336) Remain 00:15:32 loss: 0.4032 Lr: 0.00378
[2026-07-21 10:34:35,030 INFO misc.py line 117 10873] Train: [45/100][26/50] Data 0.003 (0.080) Batch 0.237 (0.332) Remain 00:15:20 loss: 0.3727 Lr: 0.00378
[2026-07-21 10:34:35,283 INFO misc.py line 117 10873] Train: [45/100][27/50] Data 0.003 (0.077) Batch 0.253 (0.329) Remain 00:15:10 loss: 0.4858 Lr: 0.00378
[2026-07-21 10:34:35,539 INFO misc.py line 117 10873] Train: [45/100][28/50] Data 0.003 (0.074) Batch 0.255 (0.326) Remain 00:15:02 loss: 0.4437 Lr: 0.00378
[2026-07-21 10:34:52,115 INFO misc.py line 117 10873] Train: [45/100][29/50] Data 16.326 (0.699) Batch 16.577 (0.951) Remain 00:43:54 loss: 0.3198 Lr: 0.00378
[2026-07-21 10:34:52,353 INFO misc.py line 117 10873] Train: [45/100][30/50] Data 0.002 (0.673) Batch 0.239 (0.924) Remain 00:42:40 loss: 0.3378 Lr: 0.00377
[2026-07-21 10:34:52,591 INFO misc.py line 117 10873] Train: [45/100][31/50] Data 0.002 (0.649) Batch 0.237 (0.900) Remain 00:41:31 loss: 0.4097 Lr: 0.00377
[2026-07-21 10:34:52,828 INFO misc.py line 117 10873] Train: [45/100][32/50] Data 0.002 (0.627) Batch 0.237 (0.877) Remain 00:40:27 loss: 0.3985 Lr: 0.00377
[2026-07-21 10:34:53,073 INFO misc.py line 117 10873] Train: [45/100][33/50] Data 0.002 (0.606) Batch 0.245 (0.856) Remain 00:39:27 loss: 0.4424 Lr: 0.00377
[2026-07-21 10:34:53,328 INFO misc.py line 117 10873] Train: [45/100][34/50] Data 0.016 (0.587) Batch 0.255 (0.836) Remain 00:38:33 loss: 0.3413 Lr: 0.00377
[2026-07-21 10:34:53,595 INFO misc.py line 117 10873] Train: [45/100][35/50] Data 0.036 (0.570) Batch 0.267 (0.819) Remain 00:37:43 loss: 0.3765 Lr: 0.00376
[2026-07-21 10:34:53,826 INFO misc.py line 117 10873] Train: [45/100][36/50] Data 0.002 (0.553) Batch 0.232 (0.801) Remain 00:36:53 loss: 0.3797 Lr: 0.00376
[2026-07-21 10:34:54,044 INFO misc.py line 117 10873] Train: [45/100][37/50] Data 0.002 (0.536) Batch 0.218 (0.784) Remain 00:36:05 loss: 0.3398 Lr: 0.00376
[2026-07-21 10:34:54,295 INFO misc.py line 117 10873] Train: [45/100][38/50] Data 0.002 (0.521) Batch 0.251 (0.768) Remain 00:35:22 loss: 0.3686 Lr: 0.00376
[2026-07-21 10:34:54,507 INFO misc.py line 117 10873] Train: [45/100][39/50] Data 0.002 (0.507) Batch 0.212 (0.753) Remain 00:34:39 loss: 0.2834 Lr: 0.00376
[2026-07-21 10:34:54,744 INFO misc.py line 117 10873] Train: [45/100][40/50] Data 0.002 (0.493) Batch 0.238 (0.739) Remain 00:33:59 loss: 0.4253 Lr: 0.00375
[2026-07-21 10:34:54,980 INFO misc.py line 117 10873] Train: [45/100][41/50] Data 0.001 (0.480) Batch 0.236 (0.726) Remain 00:33:22 loss: 0.3831 Lr: 0.00375
[2026-07-21 10:34:55,195 INFO misc.py line 117 10873] Train: [45/100][42/50] Data 0.001 (0.468) Batch 0.215 (0.713) Remain 00:32:45 loss: 0.2658 Lr: 0.00375
[2026-07-21 10:34:55,417 INFO misc.py line 117 10873] Train: [45/100][43/50] Data 0.001 (0.456) Batch 0.222 (0.700) Remain 00:32:11 loss: 0.2513 Lr: 0.00375
[2026-07-21 10:34:55,639 INFO misc.py line 117 10873] Train: [45/100][44/50] Data 0.001 (0.445) Batch 0.222 (0.689) Remain 00:31:38 loss: 0.2592 Lr: 0.00375
[2026-07-21 10:34:55,876 INFO misc.py line 117 10873] Train: [45/100][45/50] Data 0.001 (0.434) Batch 0.237 (0.678) Remain 00:31:08 loss: 0.3838 Lr: 0.00374
[2026-07-21 10:34:56,092 INFO misc.py line 117 10873] Train: [45/100][46/50] Data 0.001 (0.424) Batch 0.216 (0.667) Remain 00:30:37 loss: 0.2744 Lr: 0.00374
[2026-07-21 10:34:56,327 INFO misc.py line 117 10873] Train: [45/100][47/50] Data 0.001 (0.415) Batch 0.235 (0.657) Remain 00:30:10 loss: 0.3432 Lr: 0.00374
[2026-07-21 10:34:56,574 INFO misc.py line 117 10873] Train: [45/100][48/50] Data 0.001 (0.406) Batch 0.246 (0.648) Remain 00:29:44 loss: 0.4680 Lr: 0.00374
[2026-07-21 10:34:56,800 INFO misc.py line 117 10873] Train: [45/100][49/50] Data 0.001 (0.397) Batch 0.227 (0.639) Remain 00:29:18 loss: 0.2270 Lr: 0.00374
[2026-07-21 10:34:57,007 INFO misc.py line 117 10873] Train: [45/100][50/50] Data 0.001 (0.388) Batch 0.207 (0.630) Remain 00:28:52 loss: 0.2444 Lr: 0.00373
[2026-07-21 10:34:57,008 INFO misc.py line 147 10873] Train result: loss: 0.3317 
[2026-07-21 10:34:57,008 INFO evaluator.py line 169 10873] >>>>>>>>>>>>>>>> Start Evaluation (Segmentation) >>>>>>>>>>>>>>>>
[2026-07-21 10:35:05,841 INFO evaluator.py line 228 10873] Test: [1/1] Loss 0.4976 
[2026-07-21 10:35:06,133 INFO evaluator.py line 257 10873] Val result: mIoU/macroF1/mAcc/mPrecision/allAcc 0.7116/0.8104/0.7873/0.8529/0.9543.
[2026-07-21 10:35:06,134 INFO evaluator.py line 266 10873] Class_0-road Metrics: IoU=0.9492, accuracy=0.9771, precision=0.9707, F1=0.9739
[2026-07-21 10:35:06,134 INFO evaluator.py line 266 10873] Class_1-road_marking Metrics: IoU=0.4270, accuracy=0.4588, precision=0.8601, F1=0.5984
[2026-07-21 10:35:06,134 INFO evaluator.py line 266 10873] Class_2-natural Metrics: IoU=0.9447, accuracy=0.9787, precision=0.9646, F1=0.9716
[2026-07-21 10:35:06,134 INFO evaluator.py line 266 10873] Class_3-building Metrics: IoU=0.8826, accuracy=0.9456, precision=0.9298, F1=0.9376
[2026-07-21 10:35:06,134 INFO evaluator.py line 266 10873] Class_4-utility_line Metrics: IoU=0.6371, accuracy=0.8061, precision=0.7524, F1=0.7784
[2026-07-21 10:35:06,134 INFO evaluator.py line 266 10873] Class_5-pole Metrics: IoU=0.6858, accuracy=0.7186, precision=0.9376, F1=0.8136
[2026-07-21 10:35:06,134 INFO evaluator.py line 266 10873] Class_6-car Metrics: IoU=0.8316, accuracy=0.8937, precision=0.9229, F1=0.9081
[2026-07-21 10:35:06,134 INFO evaluator.py line 266 10873] Class_7-fence Metrics: IoU=0.3350, accuracy=0.5197, precision=0.4852, F1=0.5018
[2026-07-21 10:35:06,134 INFO evaluator.py line 321 10873] <<<<<<<<<<<<<<<<< End Evaluation <<<<<<<<<<<<<<<<<
[2026-07-21 10:35:06,135 INFO misc.py line 187 10873] Currently Best mIoU: 0.7304
[2026-07-21 10:35:06,135 INFO misc.py line 196 10873] Saving checkpoint to: exp/toronto3d/spunet-toronto3d/model/model_last.pth
[2026-07-21 10:35:32,441 INFO misc.py line 117 10873] Train: [46/100][1/50] Data 25.780 (25.780) Batch 26.038 (26.038) Remain 19:52:57 loss: 0.3786 Lr: 0.00373
[2026-07-21 10:35:35,884 INFO misc.py line 117 10873] Train: [46/100][2/50] Data 3.207 (3.207) Batch 3.443 (3.443) Remain 02:37:42 loss: 0.3750 Lr: 0.00373
[2026-07-21 10:35:36,182 INFO misc.py line 117 10873] Train: [46/100][3/50] Data 0.008 (0.008) Batch 0.298 (0.298) Remain 00:13:37 loss: 0.3435 Lr: 0.00373
[2026-07-21 10:35:36,450 INFO misc.py line 117 10873] Train: [46/100][4/50] Data 0.004 (0.004) Batch 0.267 (0.267) Remain 00:12:14 loss: 0.4145 Lr: 0.00373
[2026-07-21 10:35:36,719 INFO misc.py line 117 10873] Train: [46/100][5/50] Data 0.004 (0.004) Batch 0.270 (0.269) Remain 00:12:17 loss: 0.2995 Lr: 0.00373
[2026-07-21 10:35:36,977 INFO misc.py line 117 10873] Train: [46/100][6/50] Data 0.003 (0.004) Batch 0.258 (0.265) Remain 00:12:07 loss: 0.3548 Lr: 0.00372
[2026-07-21 10:35:37,213 INFO misc.py line 117 10873] Train: [46/100][7/50] Data 0.003 (0.003) Batch 0.236 (0.258) Remain 00:11:47 loss: 0.3176 Lr: 0.00372
[2026-07-21 10:35:37,449 INFO misc.py line 117 10873] Train: [46/100][8/50] Data 0.002 (0.003) Batch 0.235 (0.253) Remain 00:11:34 loss: 0.2304 Lr: 0.00372
[2026-07-21 10:35:37,697 INFO misc.py line 117 10873] Train: [46/100][9/50] Data 0.003 (0.003) Batch 0.249 (0.253) Remain 00:11:32 loss: 0.3027 Lr: 0.00372
[2026-07-21 10:35:37,934 INFO misc.py line 117 10873] Train: [46/100][10/50] Data 0.003 (0.003) Batch 0.237 (0.250) Remain 00:11:25 loss: 0.3732 Lr: 0.00372
[2026-07-21 10:35:38,178 INFO misc.py line 117 10873] Train: [46/100][11/50] Data 0.002 (0.003) Batch 0.244 (0.250) Remain 00:11:23 loss: 0.3197 Lr: 0.00371
[2026-07-21 10:35:38,430 INFO misc.py line 117 10873] Train: [46/100][12/50] Data 0.003 (0.003) Batch 0.252 (0.250) Remain 00:11:23 loss: 0.3085 Lr: 0.00371
[2026-07-21 10:35:38,686 INFO misc.py line 117 10873] Train: [46/100][13/50] Data 0.002 (0.003) Batch 0.256 (0.250) Remain 00:11:25 loss: 0.3277 Lr: 0.00371
[2026-07-21 10:35:38,923 INFO misc.py line 117 10873] Train: [46/100][14/50] Data 0.003 (0.003) Batch 0.237 (0.249) Remain 00:11:21 loss: 0.2392 Lr: 0.00371
[2026-07-21 10:35:39,174 INFO misc.py line 117 10873] Train: [46/100][15/50] Data 0.003 (0.003) Batch 0.251 (0.249) Remain 00:11:21 loss: 0.2691 Lr: 0.00371
[2026-07-21 10:35:39,412 INFO misc.py line 117 10873] Train: [46/100][16/50] Data 0.003 (0.003) Batch 0.238 (0.248) Remain 00:11:19 loss: 0.2910 Lr: 0.00370
[2026-07-21 10:35:39,667 INFO misc.py line 117 10873] Train: [46/100][17/50] Data 0.002 (0.003) Batch 0.255 (0.249) Remain 00:11:20 loss: 0.3020 Lr: 0.00370
[2026-07-21 10:35:39,900 INFO misc.py line 117 10873] Train: [46/100][18/50] Data 0.003 (0.003) Batch 0.233 (0.248) Remain 00:11:17 loss: 0.2055 Lr: 0.00370
[2026-07-21 10:35:40,141 INFO misc.py line 117 10873] Train: [46/100][19/50] Data 0.003 (0.003) Batch 0.241 (0.247) Remain 00:11:15 loss: 0.2814 Lr: 0.00370
[2026-07-21 10:35:40,413 INFO misc.py line 117 10873] Train: [46/100][20/50] Data 0.002 (0.003) Batch 0.272 (0.249) Remain 00:11:19 loss: 0.4035 Lr: 0.00370
[2026-07-21 10:35:40,656 INFO misc.py line 117 10873] Train: [46/100][21/50] Data 0.003 (0.003) Batch 0.244 (0.249) Remain 00:11:18 loss: 0.2586 Lr: 0.00369
[2026-07-21 10:35:40,911 INFO misc.py line 117 10873] Train: [46/100][22/50] Data 0.002 (0.003) Batch 0.255 (0.249) Remain 00:11:19 loss: 0.3466 Lr: 0.00369
[2026-07-21 10:35:41,170 INFO misc.py line 117 10873] Train: [46/100][23/50] Data 0.002 (0.003) Batch 0.259 (0.249) Remain 00:11:20 loss: 0.3375 Lr: 0.00369
[2026-07-21 10:35:41,435 INFO misc.py line 117 10873] Train: [46/100][24/50] Data 0.002 (0.003) Batch 0.263 (0.250) Remain 00:11:21 loss: 0.2489 Lr: 0.00369
[2026-07-21 10:35:41,695 INFO misc.py line 117 10873] Train: [46/100][25/50] Data 0.004 (0.003) Batch 0.261 (0.251) Remain 00:11:22 loss: 0.3816 Lr: 0.00369
[2026-07-21 10:35:41,926 INFO misc.py line 117 10873] Train: [46/100][26/50] Data 0.003 (0.003) Batch 0.232 (0.250) Remain 00:11:20 loss: 0.3593 Lr: 0.00368
[2026-07-21 10:35:42,179 INFO misc.py line 117 10873] Train: [46/100][27/50] Data 0.003 (0.003) Batch 0.253 (0.250) Remain 00:11:20 loss: 0.3367 Lr: 0.00368
[2026-07-21 10:35:42,431 INFO misc.py line 117 10873] Train: [46/100][28/50] Data 0.002 (0.003) Batch 0.252 (0.250) Remain 00:11:20 loss: 0.2578 Lr: 0.00368
[2026-07-21 10:35:56,718 INFO misc.py line 117 10873] Train: [46/100][29/50] Data 14.042 (0.543) Batch 14.288 (0.790) Remain 00:35:49 loss: 0.3396 Lr: 0.00368
[2026-07-21 10:35:59,430 INFO misc.py line 117 10873] Train: [46/100][30/50] Data 2.450 (0.613) Batch 2.712 (0.861) Remain 00:39:02 loss: 0.4111 Lr: 0.00368
[2026-07-21 10:35:59,656 INFO misc.py line 117 10873] Train: [46/100][31/50] Data 0.003 (0.592) Batch 0.226 (0.838) Remain 00:37:59 loss: 0.3262 Lr: 0.00367
[2026-07-21 10:35:59,895 INFO misc.py line 117 10873] Train: [46/100][32/50] Data 0.002 (0.571) Batch 0.239 (0.818) Remain 00:37:02 loss: 0.3713 Lr: 0.00367
[2026-07-21 10:36:00,151 INFO misc.py line 117 10873] Train: [46/100][33/50] Data 0.002 (0.552) Batch 0.256 (0.799) Remain 00:36:10 loss: 0.3635 Lr: 0.00367
[2026-07-21 10:36:00,405 INFO misc.py line 117 10873] Train: [46/100][34/50] Data 0.002 (0.535) Batch 0.255 (0.781) Remain 00:35:22 loss: 0.4317 Lr: 0.00367
[2026-07-21 10:36:00,626 INFO misc.py line 117 10873] Train: [46/100][35/50] Data 0.002 (0.518) Batch 0.221 (0.764) Remain 00:34:34 loss: 0.2309 Lr: 0.00367
[2026-07-21 10:36:00,867 INFO misc.py line 117 10873] Train: [46/100][36/50] Data 0.002 (0.502) Batch 0.241 (0.748) Remain 00:33:50 loss: 0.2955 Lr: 0.00367
[2026-07-21 10:36:01,089 INFO misc.py line 117 10873] Train: [46/100][37/50] Data 0.001 (0.488) Batch 0.222 (0.733) Remain 00:33:07 loss: 0.2707 Lr: 0.00366
[2026-07-21 10:36:03,157 INFO misc.py line 117 10873] Train: [46/100][38/50] Data 1.845 (0.526) Batch 2.068 (0.771) Remain 00:34:50 loss: 0.2970 Lr: 0.00366
[2026-07-21 10:36:03,416 INFO misc.py line 117 10873] Train: [46/100][39/50] Data 0.001 (0.512) Batch 0.258 (0.757) Remain 00:34:10 loss: 0.2549 Lr: 0.00366
[2026-07-21 10:36:03,655 INFO misc.py line 117 10873] Train: [46/100][40/50] Data 0.001 (0.498) Batch 0.239 (0.743) Remain 00:33:32 loss: 0.2911 Lr: 0.00366
[2026-07-21 10:36:03,873 INFO misc.py line 117 10873] Train: [46/100][41/50] Data 0.001 (0.485) Batch 0.218 (0.729) Remain 00:32:54 loss: 0.2297 Lr: 0.00366
[2026-07-21 10:36:04,110 INFO misc.py line 117 10873] Train: [46/100][42/50] Data 0.001 (0.472) Batch 0.237 (0.716) Remain 00:32:19 loss: 0.3612 Lr: 0.00365
[2026-07-21 10:36:04,339 INFO misc.py line 117 10873] Train: [46/100][43/50] Data 0.001 (0.461) Batch 0.229 (0.704) Remain 00:31:45 loss: 0.3570 Lr: 0.00365
[2026-07-21 10:36:04,564 INFO misc.py line 117 10873] Train: [46/100][44/50] Data 0.001 (0.449) Batch 0.225 (0.692) Remain 00:31:13 loss: 0.2883 Lr: 0.00365
[2026-07-21 10:36:04,790 INFO misc.py line 117 10873] Train: [46/100][45/50] Data 0.001 (0.439) Batch 0.227 (0.681) Remain 00:30:42 loss: 0.2372 Lr: 0.00365
[2026-07-21 10:36:05,013 INFO misc.py line 117 10873] Train: [46/100][46/50] Data 0.001 (0.429) Batch 0.222 (0.671) Remain 00:30:13 loss: 0.2759 Lr: 0.00365
[2026-07-21 10:36:05,225 INFO misc.py line 117 10873] Train: [46/100][47/50] Data 0.001 (0.419) Batch 0.213 (0.660) Remain 00:29:44 loss: 0.2323 Lr: 0.00364
[2026-07-21 10:36:05,472 INFO misc.py line 117 10873] Train: [46/100][48/50] Data 0.001 (0.410) Batch 0.247 (0.651) Remain 00:29:18 loss: 0.3662 Lr: 0.00364
[2026-07-21 10:36:05,701 INFO misc.py line 117 10873] Train: [46/100][49/50] Data 0.001 (0.401) Batch 0.229 (0.642) Remain 00:28:53 loss: 0.3828 Lr: 0.00364
[2026-07-21 10:36:05,951 INFO misc.py line 117 10873] Train: [46/100][50/50] Data 0.001 (0.392) Batch 0.251 (0.633) Remain 00:28:30 loss: 0.3305 Lr: 0.00364
[2026-07-21 10:36:05,952 INFO misc.py line 147 10873] Train result: loss: 0.3162 
[2026-07-21 10:36:05,952 INFO evaluator.py line 169 10873] >>>>>>>>>>>>>>>> Start Evaluation (Segmentation) >>>>>>>>>>>>>>>>
[2026-07-21 10:36:14,776 INFO evaluator.py line 228 10873] Test: [1/1] Loss 0.4531 
[2026-07-21 10:36:15,047 INFO evaluator.py line 257 10873] Val result: mIoU/macroF1/mAcc/mPrecision/allAcc 0.7352/0.8301/0.8101/0.8561/0.9581.
[2026-07-21 10:36:15,047 INFO evaluator.py line 266 10873] Class_0-road Metrics: IoU=0.9540, accuracy=0.9751, precision=0.9778, F1=0.9765
[2026-07-21 10:36:15,048 INFO evaluator.py line 266 10873] Class_1-road_marking Metrics: IoU=0.5053, accuracy=0.5928, precision=0.7739, F1=0.6714
[2026-07-21 10:36:15,048 INFO evaluator.py line 266 10873] Class_2-natural Metrics: IoU=0.9551, accuracy=0.9819, precision=0.9723, F1=0.9771
[2026-07-21 10:36:15,048 INFO evaluator.py line 266 10873] Class_3-building Metrics: IoU=0.8751, accuracy=0.9549, precision=0.9128, F1=0.9334
[2026-07-21 10:36:15,048 INFO evaluator.py line 266 10873] Class_4-utility_line Metrics: IoU=0.6779, accuracy=0.8237, precision=0.7930, F1=0.8080
[2026-07-21 10:36:15,048 INFO evaluator.py line 266 10873] Class_5-pole Metrics: IoU=0.7103, accuracy=0.7491, precision=0.9321, F1=0.8306
[2026-07-21 10:36:15,048 INFO evaluator.py line 266 10873] Class_6-car Metrics: IoU=0.8461, accuracy=0.8879, precision=0.9473, F1=0.9166
[2026-07-21 10:36:15,048 INFO evaluator.py line 266 10873] Class_7-fence Metrics: IoU=0.3580, accuracy=0.5156, precision=0.5394, F1=0.5273
[2026-07-21 10:36:15,048 INFO evaluator.py line 321 10873] <<<<<<<<<<<<<<<<< End Evaluation <<<<<<<<<<<<<<<<<
[2026-07-21 10:36:15,049 INFO misc.py line 182 10873] Best validation mIoU updated to: 0.7352
[2026-07-21 10:36:15,049 INFO misc.py line 187 10873] Currently Best mIoU: 0.7352
[2026-07-21 10:36:15,049 INFO misc.py line 196 10873] Saving checkpoint to: exp/toronto3d/spunet-toronto3d/model/model_last.pth
[2026-07-21 10:36:46,059 INFO misc.py line 117 10873] Train: [47/100][1/50] Data 27.869 (27.869) Batch 28.129 (28.129) Remain 21:05:20 loss: 0.2931 Lr: 0.00364
[2026-07-21 10:36:46,336 INFO misc.py line 117 10873] Train: [47/100][2/50] Data 0.008 (0.008) Batch 0.277 (0.277) Remain 00:12:27 loss: 0.3118 Lr: 0.00363
[2026-07-21 10:36:47,740 INFO misc.py line 117 10873] Train: [47/100][3/50] Data 1.144 (1.144) Batch 1.404 (1.404) Remain 01:03:05 loss: 0.3899 Lr: 0.00363
[2026-07-21 10:36:47,988 INFO misc.py line 117 10873] Train: [47/100][4/50] Data 0.003 (0.003) Batch 0.247 (0.247) Remain 00:11:05 loss: 0.3115 Lr: 0.00363
[2026-07-21 10:36:48,255 INFO misc.py line 117 10873] Train: [47/100][5/50] Data 0.005 (0.004) Batch 0.266 (0.256) Remain 00:11:30 loss: 0.2585 Lr: 0.00363
[2026-07-21 10:36:48,497 INFO misc.py line 117 10873] Train: [47/100][6/50] Data 0.006 (0.005) Batch 0.245 (0.253) Remain 00:11:20 loss: 0.1957 Lr: 0.00363
[2026-07-21 10:36:48,788 INFO misc.py line 117 10873] Train: [47/100][7/50] Data 0.012 (0.007) Batch 0.291 (0.262) Remain 00:11:45 loss: 0.3280 Lr: 0.00362
[2026-07-21 10:36:49,041 INFO misc.py line 117 10873] Train: [47/100][8/50] Data 0.003 (0.006) Batch 0.253 (0.260) Remain 00:11:40 loss: 0.3902 Lr: 0.00362
[2026-07-21 10:36:49,292 INFO misc.py line 117 10873] Train: [47/100][9/50] Data 0.003 (0.005) Batch 0.250 (0.258) Remain 00:11:35 loss: 0.4071 Lr: 0.00362
[2026-07-21 10:36:49,562 INFO misc.py line 117 10873] Train: [47/100][10/50] Data 0.005 (0.005) Batch 0.272 (0.260) Remain 00:11:40 loss: 0.2354 Lr: 0.00362
[2026-07-21 10:36:49,840 INFO misc.py line 117 10873] Train: [47/100][11/50] Data 0.002 (0.005) Batch 0.276 (0.262) Remain 00:11:45 loss: 0.2507 Lr: 0.00362
[2026-07-21 10:36:50,096 INFO misc.py line 117 10873] Train: [47/100][12/50] Data 0.004 (0.005) Batch 0.257 (0.262) Remain 00:11:43 loss: 0.2824 Lr: 0.00361
[2026-07-21 10:36:50,349 INFO misc.py line 117 10873] Train: [47/100][13/50] Data 0.003 (0.005) Batch 0.253 (0.261) Remain 00:11:40 loss: 0.2850 Lr: 0.00361
[2026-07-21 10:36:50,595 INFO misc.py line 117 10873] Train: [47/100][14/50] Data 0.003 (0.004) Batch 0.246 (0.260) Remain 00:11:37 loss: 0.3340 Lr: 0.00361
[2026-07-21 10:36:50,844 INFO misc.py line 117 10873] Train: [47/100][15/50] Data 0.002 (0.004) Batch 0.249 (0.259) Remain 00:11:34 loss: 0.3349 Lr: 0.00361
[2026-07-21 10:36:51,081 INFO misc.py line 117 10873] Train: [47/100][16/50] Data 0.004 (0.004) Batch 0.237 (0.257) Remain 00:11:29 loss: 0.2390 Lr: 0.00361
[2026-07-21 10:36:51,348 INFO misc.py line 117 10873] Train: [47/100][17/50] Data 0.003 (0.004) Batch 0.266 (0.258) Remain 00:11:31 loss: 0.2901 Lr: 0.00361
[2026-07-21 10:36:51,600 INFO misc.py line 117 10873] Train: [47/100][18/50] Data 0.003 (0.004) Batch 0.253 (0.257) Remain 00:11:30 loss: 0.3054 Lr: 0.00360
[2026-07-21 10:36:51,861 INFO misc.py line 117 10873] Train: [47/100][19/50] Data 0.002 (0.004) Batch 0.260 (0.258) Remain 00:11:30 loss: 0.4173 Lr: 0.00360
[2026-07-21 10:36:52,117 INFO misc.py line 117 10873] Train: [47/100][20/50] Data 0.003 (0.004) Batch 0.256 (0.257) Remain 00:11:29 loss: 0.2574 Lr: 0.00360
[2026-07-21 10:36:52,366 INFO misc.py line 117 10873] Train: [47/100][21/50] Data 0.003 (0.004) Batch 0.250 (0.257) Remain 00:11:28 loss: 0.3626 Lr: 0.00360
[2026-07-21 10:36:52,635 INFO misc.py line 117 10873] Train: [47/100][22/50] Data 0.002 (0.004) Batch 0.269 (0.258) Remain 00:11:29 loss: 0.3049 Lr: 0.00360
[2026-07-21 10:36:52,894 INFO misc.py line 117 10873] Train: [47/100][23/50] Data 0.002 (0.004) Batch 0.259 (0.258) Remain 00:11:29 loss: 0.3324 Lr: 0.00359
[2026-07-21 10:36:53,155 INFO misc.py line 117 10873] Train: [47/100][24/50] Data 0.003 (0.004) Batch 0.261 (0.258) Remain 00:11:29 loss: 0.2998 Lr: 0.00359
[2026-07-21 10:36:53,395 INFO misc.py line 117 10873] Train: [47/100][25/50] Data 0.003 (0.004) Batch 0.241 (0.257) Remain 00:11:27 loss: 0.3876 Lr: 0.00359
[2026-07-21 10:36:53,635 INFO misc.py line 117 10873] Train: [47/100][26/50] Data 0.003 (0.004) Batch 0.240 (0.256) Remain 00:11:25 loss: 0.2541 Lr: 0.00359
[2026-07-21 10:36:53,896 INFO misc.py line 117 10873] Train: [47/100][27/50] Data 0.002 (0.004) Batch 0.260 (0.256) Remain 00:11:25 loss: 0.3144 Lr: 0.00359
[2026-07-21 10:36:54,141 INFO misc.py line 117 10873] Train: [47/100][28/50] Data 0.004 (0.004) Batch 0.245 (0.256) Remain 00:11:24 loss: 0.2919 Lr: 0.00358
[2026-07-21 10:37:10,421 INFO misc.py line 117 10873] Train: [47/100][29/50] Data 16.015 (0.619) Batch 16.281 (0.872) Remain 00:38:50 loss: 0.2860 Lr: 0.00358
[2026-07-21 10:37:10,678 INFO misc.py line 117 10873] Train: [47/100][30/50] Data 0.002 (0.597) Batch 0.257 (0.850) Remain 00:37:48 loss: 0.3528 Lr: 0.00358
[2026-07-21 10:37:12,577 INFO misc.py line 117 10873] Train: [47/100][31/50] Data 1.659 (0.634) Batch 1.899 (0.887) Remain 00:39:27 loss: 0.2668 Lr: 0.00358
[2026-07-21 10:37:12,812 INFO misc.py line 117 10873] Train: [47/100][32/50] Data 0.015 (0.613) Batch 0.235 (0.865) Remain 00:38:26 loss: 0.2837 Lr: 0.00358
[2026-07-21 10:37:13,033 INFO misc.py line 117 10873] Train: [47/100][33/50] Data 0.001 (0.593) Batch 0.221 (0.843) Remain 00:37:28 loss: 0.2511 Lr: 0.00357
[2026-07-21 10:37:13,255 INFO misc.py line 117 10873] Train: [47/100][34/50] Data 0.001 (0.574) Batch 0.222 (0.823) Remain 00:36:34 loss: 0.3729 Lr: 0.00357
[2026-07-21 10:37:13,490 INFO misc.py line 117 10873] Train: [47/100][35/50] Data 0.001 (0.556) Batch 0.235 (0.805) Remain 00:35:44 loss: 0.2575 Lr: 0.00357
[2026-07-21 10:37:13,734 INFO misc.py line 117 10873] Train: [47/100][36/50] Data 0.016 (0.539) Batch 0.244 (0.788) Remain 00:34:58 loss: 0.3294 Lr: 0.00357
[2026-07-21 10:37:13,967 INFO misc.py line 117 10873] Train: [47/100][37/50] Data 0.001 (0.524) Batch 0.233 (0.771) Remain 00:34:14 loss: 0.2618 Lr: 0.00357
[2026-07-21 10:37:14,200 INFO misc.py line 117 10873] Train: [47/100][38/50] Data 0.001 (0.509) Batch 0.233 (0.756) Remain 00:33:32 loss: 0.3200 Lr: 0.00356
[2026-07-21 10:37:14,409 INFO misc.py line 117 10873] Train: [47/100][39/50] Data 0.001 (0.495) Batch 0.209 (0.741) Remain 00:32:51 loss: 0.2201 Lr: 0.00356
[2026-07-21 10:37:14,635 INFO misc.py line 117 10873] Train: [47/100][40/50] Data 0.001 (0.481) Batch 0.226 (0.727) Remain 00:32:13 loss: 0.4088 Lr: 0.00356
[2026-07-21 10:37:14,891 INFO misc.py line 117 10873] Train: [47/100][41/50] Data 0.001 (0.469) Batch 0.256 (0.715) Remain 00:31:39 loss: 0.2965 Lr: 0.00356
[2026-07-21 10:37:15,140 INFO misc.py line 117 10873] Train: [47/100][42/50] Data 0.001 (0.457) Batch 0.248 (0.703) Remain 00:31:07 loss: 0.3302 Lr: 0.00356
[2026-07-21 10:37:15,371 INFO misc.py line 117 10873] Train: [47/100][43/50] Data 0.001 (0.445) Batch 0.232 (0.691) Remain 00:30:35 loss: 0.2227 Lr: 0.00355
[2026-07-21 10:37:15,622 INFO misc.py line 117 10873] Train: [47/100][44/50] Data 0.001 (0.434) Batch 0.251 (0.680) Remain 00:30:06 loss: 0.3403 Lr: 0.00355
[2026-07-21 10:37:15,868 INFO misc.py line 117 10873] Train: [47/100][45/50] Data 0.001 (0.424) Batch 0.245 (0.670) Remain 00:29:38 loss: 0.3754 Lr: 0.00355
[2026-07-21 10:37:16,093 INFO misc.py line 117 10873] Train: [47/100][46/50] Data 0.001 (0.414) Batch 0.225 (0.659) Remain 00:29:10 loss: 0.2703 Lr: 0.00355
[2026-07-21 10:37:16,317 INFO misc.py line 117 10873] Train: [47/100][47/50] Data 0.001 (0.405) Batch 0.224 (0.649) Remain 00:28:43 loss: 0.3165 Lr: 0.00355
[2026-07-21 10:37:16,568 INFO misc.py line 117 10873] Train: [47/100][48/50] Data 0.001 (0.396) Batch 0.251 (0.641) Remain 00:28:18 loss: 0.2889 Lr: 0.00354
[2026-07-21 10:37:16,787 INFO misc.py line 117 10873] Train: [47/100][49/50] Data 0.001 (0.387) Batch 0.219 (0.631) Remain 00:27:54 loss: 0.2737 Lr: 0.00354
[2026-07-21 10:37:17,011 INFO misc.py line 117 10873] Train: [47/100][50/50] Data 0.001 (0.379) Batch 0.224 (0.623) Remain 00:27:30 loss: 0.3034 Lr: 0.00354
[2026-07-21 10:37:17,011 INFO misc.py line 147 10873] Train result: loss: 0.3059 
[2026-07-21 10:37:17,011 INFO evaluator.py line 169 10873] >>>>>>>>>>>>>>>> Start Evaluation (Segmentation) >>>>>>>>>>>>>>>>
[2026-07-21 10:37:25,790 INFO evaluator.py line 228 10873] Test: [1/1] Loss 0.4592 
[2026-07-21 10:37:26,052 INFO evaluator.py line 257 10873] Val result: mIoU/macroF1/mAcc/mPrecision/allAcc 0.7287/0.8197/0.7787/0.8767/0.9585.
[2026-07-21 10:37:26,052 INFO evaluator.py line 266 10873] Class_0-road Metrics: IoU=0.9526, accuracy=0.9805, precision=0.9710, F1=0.9757
[2026-07-21 10:37:26,052 INFO evaluator.py line 266 10873] Class_1-road_marking Metrics: IoU=0.4599, accuracy=0.5255, precision=0.7865, F1=0.6301
[2026-07-21 10:37:26,053 INFO evaluator.py line 266 10873] Class_2-natural Metrics: IoU=0.9544, accuracy=0.9808, precision=0.9726, F1=0.9767
[2026-07-21 10:37:26,053 INFO evaluator.py line 266 10873] Class_3-building Metrics: IoU=0.8721, accuracy=0.9505, precision=0.9135, F1=0.9317
[2026-07-21 10:37:26,053 INFO evaluator.py line 266 10873] Class_4-utility_line Metrics: IoU=0.6884, accuracy=0.7038, precision=0.9692, F1=0.8154
[2026-07-21 10:37:26,053 INFO evaluator.py line 266 10873] Class_5-pole Metrics: IoU=0.7359, accuracy=0.7862, precision=0.9200, F1=0.8479
[2026-07-21 10:37:26,053 INFO evaluator.py line 266 10873] Class_6-car Metrics: IoU=0.8822, accuracy=0.9185, precision=0.9571, F1=0.9374
[2026-07-21 10:37:26,053 INFO evaluator.py line 266 10873] Class_7-fence Metrics: IoU=0.2842, accuracy=0.3835, precision=0.5235, F1=0.4427
[2026-07-21 10:37:26,053 INFO evaluator.py line 321 10873] <<<<<<<<<<<<<<<<< End Evaluation <<<<<<<<<<<<<<<<<
[2026-07-21 10:37:26,054 INFO misc.py line 187 10873] Currently Best mIoU: 0.7352
[2026-07-21 10:37:26,054 INFO misc.py line 196 10873] Saving checkpoint to: exp/toronto3d/spunet-toronto3d/model/model_last.pth
[2026-07-21 10:37:53,694 INFO misc.py line 117 10873] Train: [48/100][1/50] Data 27.121 (27.121) Batch 27.377 (27.377) Remain 20:08:42 loss: 0.4050 Lr: 0.00354
[2026-07-21 10:37:55,981 INFO misc.py line 117 10873] Train: [48/100][2/50] Data 2.023 (2.023) Batch 2.287 (2.287) Remain 01:40:56 loss: 0.4539 Lr: 0.00354
[2026-07-21 10:37:56,904 INFO misc.py line 117 10873] Train: [48/100][3/50] Data 0.688 (0.688) Batch 0.924 (0.924) Remain 00:40:45 loss: 0.3097 Lr: 0.00354
[2026-07-21 10:37:57,153 INFO misc.py line 117 10873] Train: [48/100][4/50] Data 0.002 (0.002) Batch 0.248 (0.248) Remain 00:10:57 loss: 0.2862 Lr: 0.00353
[2026-07-21 10:37:57,407 INFO misc.py line 117 10873] Train: [48/100][5/50] Data 0.003 (0.002) Batch 0.254 (0.251) Remain 00:11:04 loss: 0.2960 Lr: 0.00353
[2026-07-21 10:37:58,767 INFO misc.py line 117 10873] Train: [48/100][6/50] Data 1.125 (0.376) Batch 1.360 (0.621) Remain 00:27:21 loss: 0.2496 Lr: 0.00353
[2026-07-21 10:37:59,052 INFO misc.py line 117 10873] Train: [48/100][7/50] Data 0.002 (0.283) Batch 0.285 (0.537) Remain 00:23:38 loss: 0.3952 Lr: 0.00353
[2026-07-21 10:37:59,293 INFO misc.py line 117 10873] Train: [48/100][8/50] Data 0.003 (0.227) Batch 0.241 (0.478) Remain 00:21:02 loss: 0.2905 Lr: 0.00353
[2026-07-21 10:37:59,537 INFO misc.py line 117 10873] Train: [48/100][9/50] Data 0.002 (0.189) Batch 0.244 (0.439) Remain 00:19:18 loss: 0.2790 Lr: 0.00352
[2026-07-21 10:37:59,823 INFO misc.py line 117 10873] Train: [48/100][10/50] Data 0.003 (0.163) Batch 0.285 (0.417) Remain 00:18:20 loss: 0.4374 Lr: 0.00352
[2026-07-21 10:38:00,056 INFO misc.py line 117 10873] Train: [48/100][11/50] Data 0.003 (0.143) Batch 0.234 (0.394) Remain 00:17:19 loss: 0.2556 Lr: 0.00352
[2026-07-21 10:38:00,321 INFO misc.py line 117 10873] Train: [48/100][12/50] Data 0.002 (0.127) Batch 0.264 (0.379) Remain 00:16:41 loss: 0.3068 Lr: 0.00352
[2026-07-21 10:38:00,568 INFO misc.py line 117 10873] Train: [48/100][13/50] Data 0.003 (0.115) Batch 0.248 (0.366) Remain 00:16:05 loss: 0.2351 Lr: 0.00352
[2026-07-21 10:38:00,815 INFO misc.py line 117 10873] Train: [48/100][14/50] Data 0.003 (0.105) Batch 0.247 (0.355) Remain 00:15:36 loss: 0.3011 Lr: 0.00351
[2026-07-21 10:38:01,047 INFO misc.py line 117 10873] Train: [48/100][15/50] Data 0.002 (0.096) Batch 0.232 (0.345) Remain 00:15:09 loss: 0.2451 Lr: 0.00351
[2026-07-21 10:38:01,292 INFO misc.py line 117 10873] Train: [48/100][16/50] Data 0.013 (0.090) Batch 0.244 (0.337) Remain 00:14:48 loss: 0.2276 Lr: 0.00351
[2026-07-21 10:38:01,541 INFO misc.py line 117 10873] Train: [48/100][17/50] Data 0.003 (0.083) Batch 0.250 (0.331) Remain 00:14:31 loss: 0.2197 Lr: 0.00351
[2026-07-21 10:38:01,808 INFO misc.py line 117 10873] Train: [48/100][18/50] Data 0.002 (0.078) Batch 0.267 (0.327) Remain 00:14:20 loss: 0.3710 Lr: 0.00351
[2026-07-21 10:38:02,070 INFO misc.py line 117 10873] Train: [48/100][19/50] Data 0.002 (0.073) Batch 0.261 (0.323) Remain 00:14:09 loss: 0.2363 Lr: 0.00350
[2026-07-21 10:38:02,304 INFO misc.py line 117 10873] Train: [48/100][20/50] Data 0.002 (0.069) Batch 0.235 (0.318) Remain 00:13:55 loss: 0.2777 Lr: 0.00350
[2026-07-21 10:38:02,542 INFO misc.py line 117 10873] Train: [48/100][21/50] Data 0.002 (0.065) Batch 0.236 (0.313) Remain 00:13:43 loss: 0.2852 Lr: 0.00350
[2026-07-21 10:38:02,785 INFO misc.py line 117 10873] Train: [48/100][22/50] Data 0.005 (0.062) Batch 0.244 (0.309) Remain 00:13:33 loss: 0.2466 Lr: 0.00350
[2026-07-21 10:38:03,065 INFO misc.py line 117 10873] Train: [48/100][23/50] Data 0.004 (0.059) Batch 0.281 (0.308) Remain 00:13:29 loss: 0.3135 Lr: 0.00350
[2026-07-21 10:38:03,316 INFO misc.py line 117 10873] Train: [48/100][24/50] Data 0.002 (0.057) Batch 0.251 (0.305) Remain 00:13:21 loss: 0.2873 Lr: 0.00349
[2026-07-21 10:38:03,583 INFO misc.py line 117 10873] Train: [48/100][25/50] Data 0.003 (0.054) Batch 0.267 (0.304) Remain 00:13:16 loss: 0.2972 Lr: 0.00349
[2026-07-21 10:38:03,815 INFO misc.py line 117 10873] Train: [48/100][26/50] Data 0.002 (0.052) Batch 0.232 (0.300) Remain 00:13:08 loss: 0.2407 Lr: 0.00349
[2026-07-21 10:38:04,127 INFO misc.py line 117 10873] Train: [48/100][27/50] Data 0.012 (0.050) Batch 0.312 (0.301) Remain 00:13:09 loss: 0.3557 Lr: 0.00349
[2026-07-21 10:38:04,366 INFO misc.py line 117 10873] Train: [48/100][28/50] Data 0.002 (0.048) Batch 0.238 (0.298) Remain 00:13:02 loss: 0.2775 Lr: 0.00349
[2026-07-21 10:38:15,818 INFO misc.py line 117 10873] Train: [48/100][29/50] Data 11.164 (0.476) Batch 11.452 (0.727) Remain 00:31:46 loss: 0.3159 Lr: 0.00348
[2026-07-21 10:38:23,331 INFO misc.py line 117 10873] Train: [48/100][30/50] Data 7.275 (0.728) Batch 7.514 (0.979) Remain 00:42:44 loss: 0.2943 Lr: 0.00348
[2026-07-21 10:38:24,092 INFO misc.py line 117 10873] Train: [48/100][31/50] Data 0.539 (0.721) Batch 0.761 (0.971) Remain 00:42:22 loss: 0.3187 Lr: 0.00348
[2026-07-21 10:38:24,323 INFO misc.py line 117 10873] Train: [48/100][32/50] Data 0.001 (0.696) Batch 0.232 (0.945) Remain 00:41:15 loss: 0.3248 Lr: 0.00348
[2026-07-21 10:38:24,553 INFO misc.py line 117 10873] Train: [48/100][33/50] Data 0.001 (0.673) Batch 0.230 (0.922) Remain 00:40:11 loss: 0.3054 Lr: 0.00348
[2026-07-21 10:38:24,774 INFO misc.py line 117 10873] Train: [48/100][34/50] Data 0.001 (0.651) Batch 0.221 (0.899) Remain 00:39:11 loss: 0.2809 Lr: 0.00347
[2026-07-21 10:38:24,990 INFO misc.py line 117 10873] Train: [48/100][35/50] Data 0.001 (0.631) Batch 0.216 (0.878) Remain 00:38:15 loss: 0.2844 Lr: 0.00347
[2026-07-21 10:38:25,239 INFO misc.py line 117 10873] Train: [48/100][36/50] Data 0.001 (0.612) Batch 0.249 (0.859) Remain 00:37:24 loss: 0.3733 Lr: 0.00347
[2026-07-21 10:38:25,458 INFO misc.py line 117 10873] Train: [48/100][37/50] Data 0.001 (0.594) Batch 0.219 (0.840) Remain 00:36:34 loss: 0.2773 Lr: 0.00347
[2026-07-21 10:38:25,680 INFO misc.py line 117 10873] Train: [48/100][38/50] Data 0.001 (0.577) Batch 0.222 (0.822) Remain 00:35:47 loss: 0.3001 Lr: 0.00347
[2026-07-21 10:38:25,915 INFO misc.py line 117 10873] Train: [48/100][39/50] Data 0.001 (0.561) Batch 0.235 (0.806) Remain 00:35:04 loss: 0.2351 Lr: 0.00346
[2026-07-21 10:38:26,136 INFO misc.py line 117 10873] Train: [48/100][40/50] Data 0.001 (0.546) Batch 0.221 (0.790) Remain 00:34:22 loss: 0.3893 Lr: 0.00346
[2026-07-21 10:38:26,352 INFO misc.py line 117 10873] Train: [48/100][41/50] Data 0.001 (0.531) Batch 0.216 (0.775) Remain 00:33:41 loss: 0.2728 Lr: 0.00346
[2026-07-21 10:38:26,587 INFO misc.py line 117 10873] Train: [48/100][42/50] Data 0.001 (0.518) Batch 0.234 (0.761) Remain 00:33:04 loss: 0.2838 Lr: 0.00346
[2026-07-21 10:38:26,816 INFO misc.py line 117 10873] Train: [48/100][43/50] Data 0.001 (0.505) Batch 0.230 (0.748) Remain 00:32:29 loss: 0.2782 Lr: 0.00346
[2026-07-21 10:38:27,047 INFO misc.py line 117 10873] Train: [48/100][44/50] Data 0.001 (0.493) Batch 0.231 (0.735) Remain 00:31:55 loss: 0.3081 Lr: 0.00345
[2026-07-21 10:38:27,285 INFO misc.py line 117 10873] Train: [48/100][45/50] Data 0.001 (0.481) Batch 0.238 (0.723) Remain 00:31:24 loss: 0.3204 Lr: 0.00345
[2026-07-21 10:38:27,511 INFO misc.py line 117 10873] Train: [48/100][46/50] Data 0.001 (0.470) Batch 0.226 (0.712) Remain 00:30:53 loss: 0.3064 Lr: 0.00345
[2026-07-21 10:38:27,741 INFO misc.py line 117 10873] Train: [48/100][47/50] Data 0.001 (0.459) Batch 0.229 (0.701) Remain 00:30:24 loss: 0.2637 Lr: 0.00345
[2026-07-21 10:38:27,966 INFO misc.py line 117 10873] Train: [48/100][48/50] Data 0.001 (0.449) Batch 0.225 (0.690) Remain 00:29:56 loss: 0.2842 Lr: 0.00345
[2026-07-21 10:38:28,186 INFO misc.py line 117 10873] Train: [48/100][49/50] Data 0.001 (0.439) Batch 0.220 (0.680) Remain 00:29:28 loss: 0.2047 Lr: 0.00345
[2026-07-21 10:38:28,427 INFO misc.py line 117 10873] Train: [48/100][50/50] Data 0.001 (0.430) Batch 0.241 (0.671) Remain 00:29:03 loss: 0.2496 Lr: 0.00344
[2026-07-21 10:38:28,427 INFO misc.py line 147 10873] Train result: loss: 0.2971 
[2026-07-21 10:38:28,428 INFO evaluator.py line 169 10873] >>>>>>>>>>>>>>>> Start Evaluation (Segmentation) >>>>>>>>>>>>>>>>
[2026-07-21 10:38:37,248 INFO evaluator.py line 228 10873] Test: [1/1] Loss 0.4718 
[2026-07-21 10:38:37,508 INFO evaluator.py line 257 10873] Val result: mIoU/macroF1/mAcc/mPrecision/allAcc 0.7294/0.8212/0.8089/0.8394/0.9544.
[2026-07-21 10:38:37,509 INFO evaluator.py line 266 10873] Class_0-road Metrics: IoU=0.9476, accuracy=0.9776, precision=0.9686, F1=0.9731
[2026-07-21 10:38:37,509 INFO evaluator.py line 266 10873] Class_1-road_marking Metrics: IoU=0.4441, accuracy=0.5939, precision=0.6377, F1=0.6150
[2026-07-21 10:38:37,509 INFO evaluator.py line 266 10873] Class_2-natural Metrics: IoU=0.9478, accuracy=0.9663, precision=0.9803, F1=0.9732
[2026-07-21 10:38:37,509 INFO evaluator.py line 266 10873] Class_3-building Metrics: IoU=0.8732, accuracy=0.9589, precision=0.9072, F1=0.9323
[2026-07-21 10:38:37,509 INFO evaluator.py line 266 10873] Class_4-utility_line Metrics: IoU=0.7662, accuracy=0.8091, precision=0.9353, F1=0.8676
[2026-07-21 10:38:37,509 INFO evaluator.py line 266 10873] Class_5-pole Metrics: IoU=0.7023, accuracy=0.7442, precision=0.9258, F1=0.8251
[2026-07-21 10:38:37,509 INFO evaluator.py line 266 10873] Class_6-car Metrics: IoU=0.8528, accuracy=0.8948, precision=0.9479, F1=0.9206
[2026-07-21 10:38:37,509 INFO evaluator.py line 266 10873] Class_7-fence Metrics: IoU=0.3009, accuracy=0.5263, precision=0.4127, F1=0.4626
[2026-07-21 10:38:37,510 INFO evaluator.py line 321 10873] <<<<<<<<<<<<<<<<< End Evaluation <<<<<<<<<<<<<<<<<
[2026-07-21 10:38:37,511 INFO misc.py line 187 10873] Currently Best mIoU: 0.7352
[2026-07-21 10:38:37,511 INFO misc.py line 196 10873] Saving checkpoint to: exp/toronto3d/spunet-toronto3d/model/model_last.pth
[2026-07-21 10:39:04,707 INFO misc.py line 117 10873] Train: [49/100][1/50] Data 26.674 (26.674) Batch 26.928 (26.928) Remain 19:26:26 loss: 0.2981 Lr: 0.00344
[2026-07-21 10:39:05,669 INFO misc.py line 117 10873] Train: [49/100][2/50] Data 0.703 (0.703) Batch 0.962 (0.962) Remain 00:41:40 loss: 0.2760 Lr: 0.00344
[2026-07-21 10:39:06,453 INFO misc.py line 117 10873] Train: [49/100][3/50] Data 0.493 (0.493) Batch 0.784 (0.784) Remain 00:33:56 loss: 0.3712 Lr: 0.00344
[2026-07-21 10:39:06,751 INFO misc.py line 117 10873] Train: [49/100][4/50] Data 0.003 (0.003) Batch 0.297 (0.297) Remain 00:12:50 loss: 0.3029 Lr: 0.00344
[2026-07-21 10:39:07,022 INFO misc.py line 117 10873] Train: [49/100][5/50] Data 0.004 (0.003) Batch 0.272 (0.284) Remain 00:12:17 loss: 0.2263 Lr: 0.00343
[2026-07-21 10:39:09,489 INFO misc.py line 117 10873] Train: [49/100][6/50] Data 2.210 (0.739) Batch 2.457 (1.009) Remain 00:43:36 loss: 0.3537 Lr: 0.00343
[2026-07-21 10:39:09,829 INFO misc.py line 117 10873] Train: [49/100][7/50] Data 0.021 (0.559) Batch 0.339 (0.841) Remain 00:36:21 loss: 0.4339 Lr: 0.00343
[2026-07-21 10:39:10,107 INFO misc.py line 117 10873] Train: [49/100][8/50] Data 0.013 (0.450) Batch 0.289 (0.731) Remain 00:31:34 loss: 0.2545 Lr: 0.00343
[2026-07-21 10:39:10,367 INFO misc.py line 117 10873] Train: [49/100][9/50] Data 0.019 (0.378) Batch 0.260 (0.652) Remain 00:28:10 loss: 0.4124 Lr: 0.00343
[2026-07-21 10:39:10,622 INFO misc.py line 117 10873] Train: [49/100][10/50] Data 0.003 (0.325) Batch 0.255 (0.596) Remain 00:25:42 loss: 0.2724 Lr: 0.00342
[2026-07-21 10:39:10,887 INFO misc.py line 117 10873] Train: [49/100][11/50] Data 0.004 (0.285) Batch 0.265 (0.554) Remain 00:23:55 loss: 0.3188 Lr: 0.00342
[2026-07-21 10:39:11,161 INFO misc.py line 117 10873] Train: [49/100][12/50] Data 0.002 (0.253) Batch 0.274 (0.523) Remain 00:22:33 loss: 0.5535 Lr: 0.00342
[2026-07-21 10:39:11,393 INFO misc.py line 117 10873] Train: [49/100][13/50] Data 0.003 (0.228) Batch 0.232 (0.494) Remain 00:21:18 loss: 0.2872 Lr: 0.00342
[2026-07-21 10:39:11,644 INFO misc.py line 117 10873] Train: [49/100][14/50] Data 0.003 (0.208) Batch 0.251 (0.472) Remain 00:20:20 loss: 0.3822 Lr: 0.00342
[2026-07-21 10:39:11,895 INFO misc.py line 117 10873] Train: [49/100][15/50] Data 0.002 (0.191) Batch 0.251 (0.453) Remain 00:19:32 loss: 0.2723 Lr: 0.00341
[2026-07-21 10:39:12,129 INFO misc.py line 117 10873] Train: [49/100][16/50] Data 0.003 (0.176) Batch 0.234 (0.437) Remain 00:18:48 loss: 0.2616 Lr: 0.00341
[2026-07-21 10:39:12,393 INFO misc.py line 117 10873] Train: [49/100][17/50] Data 0.003 (0.164) Batch 0.264 (0.424) Remain 00:18:15 loss: 0.3244 Lr: 0.00341
[2026-07-21 10:39:12,644 INFO misc.py line 117 10873] Train: [49/100][18/50] Data 0.002 (0.153) Batch 0.251 (0.413) Remain 00:17:45 loss: 0.2794 Lr: 0.00341
[2026-07-21 10:39:12,882 INFO misc.py line 117 10873] Train: [49/100][19/50] Data 0.003 (0.144) Batch 0.238 (0.402) Remain 00:17:17 loss: 0.3833 Lr: 0.00341
[2026-07-21 10:39:13,122 INFO misc.py line 117 10873] Train: [49/100][20/50] Data 0.003 (0.135) Batch 0.240 (0.392) Remain 00:16:52 loss: 0.2514 Lr: 0.00340
[2026-07-21 10:39:13,380 INFO misc.py line 117 10873] Train: [49/100][21/50] Data 0.002 (0.128) Batch 0.258 (0.385) Remain 00:16:32 loss: 0.4164 Lr: 0.00340
[2026-07-21 10:39:13,685 INFO misc.py line 117 10873] Train: [49/100][22/50] Data 0.003 (0.121) Batch 0.305 (0.381) Remain 00:16:21 loss: 0.2638 Lr: 0.00340
[2026-07-21 10:39:13,920 INFO misc.py line 117 10873] Train: [49/100][23/50] Data 0.003 (0.115) Batch 0.236 (0.373) Remain 00:16:02 loss: 0.2223 Lr: 0.00340
[2026-07-21 10:39:14,147 INFO misc.py line 117 10873] Train: [49/100][24/50] Data 0.002 (0.110) Batch 0.227 (0.366) Remain 00:15:43 loss: 0.2503 Lr: 0.00340
[2026-07-21 10:39:14,400 INFO misc.py line 117 10873] Train: [49/100][25/50] Data 0.002 (0.105) Batch 0.252 (0.361) Remain 00:15:30 loss: 0.2737 Lr: 0.00339
[2026-07-21 10:39:14,643 INFO misc.py line 117 10873] Train: [49/100][26/50] Data 0.003 (0.101) Batch 0.241 (0.356) Remain 00:15:16 loss: 0.3116 Lr: 0.00339
[2026-07-21 10:39:14,894 INFO misc.py line 117 10873] Train: [49/100][27/50] Data 0.005 (0.097) Batch 0.253 (0.352) Remain 00:15:04 loss: 0.2430 Lr: 0.00339
[2026-07-21 10:39:15,164 INFO misc.py line 117 10873] Train: [49/100][28/50] Data 0.003 (0.093) Batch 0.269 (0.348) Remain 00:14:56 loss: 0.3285 Lr: 0.00339
[2026-07-21 10:39:30,858 INFO misc.py line 117 10873] Train: [49/100][29/50] Data 15.465 (0.684) Batch 15.695 (0.939) Remain 00:40:13 loss: 0.2105 Lr: 0.00339
[2026-07-21 10:39:31,102 INFO misc.py line 117 10873] Train: [49/100][30/50] Data 0.027 (0.660) Batch 0.243 (0.913) Remain 00:39:06 loss: 0.3017 Lr: 0.00338
[2026-07-21 10:39:31,325 INFO misc.py line 117 10873] Train: [49/100][31/50] Data 0.002 (0.636) Batch 0.223 (0.888) Remain 00:38:02 loss: 0.2106 Lr: 0.00338
[2026-07-21 10:39:31,552 INFO misc.py line 117 10873] Train: [49/100][32/50] Data 0.002 (0.614) Batch 0.227 (0.865) Remain 00:37:02 loss: 0.2035 Lr: 0.00338
[2026-07-21 10:39:31,788 INFO misc.py line 117 10873] Train: [49/100][33/50] Data 0.003 (0.594) Batch 0.234 (0.844) Remain 00:36:07 loss: 0.2680 Lr: 0.00338
[2026-07-21 10:39:32,018 INFO misc.py line 117 10873] Train: [49/100][34/50] Data 0.004 (0.575) Batch 0.232 (0.825) Remain 00:35:16 loss: 0.2702 Lr: 0.00338
[2026-07-21 10:39:32,252 INFO misc.py line 117 10873] Train: [49/100][35/50] Data 0.002 (0.557) Batch 0.233 (0.806) Remain 00:34:27 loss: 0.3352 Lr: 0.00337
[2026-07-21 10:39:32,474 INFO misc.py line 117 10873] Train: [49/100][36/50] Data 0.002 (0.540) Batch 0.222 (0.789) Remain 00:33:41 loss: 0.3602 Lr: 0.00337
[2026-07-21 10:39:32,699 INFO misc.py line 117 10873] Train: [49/100][37/50] Data 0.002 (0.524) Batch 0.225 (0.772) Remain 00:32:58 loss: 0.2354 Lr: 0.00337
[2026-07-21 10:39:32,933 INFO misc.py line 117 10873] Train: [49/100][38/50] Data 0.002 (0.509) Batch 0.234 (0.757) Remain 00:32:18 loss: 0.4202 Lr: 0.00337
[2026-07-21 10:39:33,162 INFO misc.py line 117 10873] Train: [49/100][39/50] Data 0.001 (0.495) Batch 0.229 (0.742) Remain 00:31:40 loss: 0.2751 Lr: 0.00337
[2026-07-21 10:39:33,413 INFO misc.py line 117 10873] Train: [49/100][40/50] Data 0.001 (0.482) Batch 0.251 (0.729) Remain 00:31:05 loss: 0.4060 Lr: 0.00336
[2026-07-21 10:39:33,644 INFO misc.py line 117 10873] Train: [49/100][41/50] Data 0.001 (0.469) Batch 0.231 (0.716) Remain 00:30:31 loss: 0.4155 Lr: 0.00336
[2026-07-21 10:39:33,871 INFO misc.py line 117 10873] Train: [49/100][42/50] Data 0.001 (0.457) Batch 0.226 (0.703) Remain 00:29:58 loss: 0.2955 Lr: 0.00336
[2026-07-21 10:39:34,123 INFO misc.py line 117 10873] Train: [49/100][43/50] Data 0.001 (0.446) Batch 0.252 (0.692) Remain 00:29:28 loss: 0.4025 Lr: 0.00336
[2026-07-21 10:39:34,368 INFO misc.py line 117 10873] Train: [49/100][44/50] Data 0.001 (0.435) Batch 0.245 (0.681) Remain 00:29:00 loss: 0.3060 Lr: 0.00336
[2026-07-21 10:39:34,599 INFO misc.py line 117 10873] Train: [49/100][45/50] Data 0.001 (0.425) Batch 0.231 (0.670) Remain 00:28:32 loss: 0.3099 Lr: 0.00335
[2026-07-21 10:39:34,858 INFO misc.py line 117 10873] Train: [49/100][46/50] Data 0.001 (0.415) Batch 0.259 (0.661) Remain 00:28:07 loss: 0.3134 Lr: 0.00335
[2026-07-21 10:39:35,094 INFO misc.py line 117 10873] Train: [49/100][47/50] Data 0.001 (0.405) Batch 0.236 (0.651) Remain 00:27:41 loss: 0.4109 Lr: 0.00335
[2026-07-21 10:39:35,312 INFO misc.py line 117 10873] Train: [49/100][48/50] Data 0.001 (0.397) Batch 0.218 (0.641) Remain 00:27:16 loss: 0.4074 Lr: 0.00335
[2026-07-21 10:39:35,545 INFO misc.py line 117 10873] Train: [49/100][49/50] Data 0.001 (0.388) Batch 0.233 (0.632) Remain 00:26:53 loss: 0.3876 Lr: 0.00335
[2026-07-21 10:39:35,769 INFO misc.py line 117 10873] Train: [49/100][50/50] Data 0.001 (0.380) Batch 0.224 (0.624) Remain 00:26:30 loss: 0.3044 Lr: 0.00334
[2026-07-21 10:39:35,769 INFO misc.py line 147 10873] Train result: loss: 0.3175 
[2026-07-21 10:39:35,769 INFO evaluator.py line 169 10873] >>>>>>>>>>>>>>>> Start Evaluation (Segmentation) >>>>>>>>>>>>>>>>
[2026-07-21 10:39:44,607 INFO evaluator.py line 228 10873] Test: [1/1] Loss 0.4278 
[2026-07-21 10:39:44,870 INFO evaluator.py line 257 10873] Val result: mIoU/macroF1/mAcc/mPrecision/allAcc 0.7601/0.8450/0.8284/0.8660/0.9602.
[2026-07-21 10:39:44,870 INFO evaluator.py line 266 10873] Class_0-road Metrics: IoU=0.9542, accuracy=0.9790, precision=0.9742, F1=0.9766
[2026-07-21 10:39:44,870 INFO evaluator.py line 266 10873] Class_1-road_marking Metrics: IoU=0.4755, accuracy=0.5631, precision=0.7536, F1=0.6445
[2026-07-21 10:39:44,870 INFO evaluator.py line 266 10873] Class_2-natural Metrics: IoU=0.9536, accuracy=0.9725, precision=0.9800, F1=0.9763
[2026-07-21 10:39:44,870 INFO evaluator.py line 266 10873] Class_3-building Metrics: IoU=0.8788, accuracy=0.9603, precision=0.9119, F1=0.9355
[2026-07-21 10:39:44,870 INFO evaluator.py line 266 10873] Class_4-utility_line Metrics: IoU=0.8277, accuracy=0.8863, precision=0.9260, F1=0.9057
[2026-07-21 10:39:44,870 INFO evaluator.py line 266 10873] Class_5-pole Metrics: IoU=0.7572, accuracy=0.8206, precision=0.9074, F1=0.8618
[2026-07-21 10:39:44,870 INFO evaluator.py line 266 10873] Class_6-car Metrics: IoU=0.8788, accuracy=0.9165, precision=0.9552, F1=0.9355
[2026-07-21 10:39:44,870 INFO evaluator.py line 266 10873] Class_7-fence Metrics: IoU=0.3551, accuracy=0.5286, precision=0.5196, F1=0.5241
[2026-07-21 10:39:44,871 INFO evaluator.py line 321 10873] <<<<<<<<<<<<<<<<< End Evaluation <<<<<<<<<<<<<<<<<
[2026-07-21 10:39:44,872 INFO misc.py line 182 10873] Best validation mIoU updated to: 0.7601
[2026-07-21 10:39:44,872 INFO misc.py line 187 10873] Currently Best mIoU: 0.7601
[2026-07-21 10:39:44,872 INFO misc.py line 196 10873] Saving checkpoint to: exp/toronto3d/spunet-toronto3d/model/model_last.pth
[2026-07-21 10:40:16,138 INFO misc.py line 117 10873] Train: [50/100][1/50] Data 27.645 (27.645) Batch 27.886 (27.886) Remain 19:44:42 loss: 0.2519 Lr: 0.00334
[2026-07-21 10:40:16,388 INFO misc.py line 117 10873] Train: [50/100][2/50] Data 0.005 (0.005) Batch 0.251 (0.251) Remain 00:10:40 loss: 0.2571 Lr: 0.00334
[2026-07-21 10:40:16,643 INFO misc.py line 117 10873] Train: [50/100][3/50] Data 0.003 (0.003) Batch 0.255 (0.255) Remain 00:10:49 loss: 0.2543 Lr: 0.00334
[2026-07-21 10:40:16,881 INFO misc.py line 117 10873] Train: [50/100][4/50] Data 0.004 (0.004) Batch 0.238 (0.238) Remain 00:10:06 loss: 0.3242 Lr: 0.00334
[2026-07-21 10:40:18,546 INFO misc.py line 117 10873] Train: [50/100][5/50] Data 1.406 (0.705) Batch 1.665 (0.952) Remain 00:40:22 loss: 0.2860 Lr: 0.00333
[2026-07-21 10:40:18,818 INFO misc.py line 117 10873] Train: [50/100][6/50] Data 0.002 (0.471) Batch 0.271 (0.725) Remain 00:30:44 loss: 0.2795 Lr: 0.00333
[2026-07-21 10:40:19,095 INFO misc.py line 117 10873] Train: [50/100][7/50] Data 0.005 (0.354) Batch 0.278 (0.613) Remain 00:25:59 loss: 0.2403 Lr: 0.00333
[2026-07-21 10:40:19,325 INFO misc.py line 117 10873] Train: [50/100][8/50] Data 0.002 (0.284) Batch 0.230 (0.536) Remain 00:22:43 loss: 0.2793 Lr: 0.00333
[2026-07-21 10:40:19,574 INFO misc.py line 117 10873] Train: [50/100][9/50] Data 0.002 (0.237) Batch 0.249 (0.488) Remain 00:20:41 loss: 0.3606 Lr: 0.00333
[2026-07-21 10:40:19,836 INFO misc.py line 117 10873] Train: [50/100][10/50] Data 0.003 (0.204) Batch 0.262 (0.456) Remain 00:19:18 loss: 0.2242 Lr: 0.00333
[2026-07-21 10:40:20,075 INFO misc.py line 117 10873] Train: [50/100][11/50] Data 0.003 (0.178) Batch 0.239 (0.429) Remain 00:18:09 loss: 0.2703 Lr: 0.00332
[2026-07-21 10:40:20,325 INFO misc.py line 117 10873] Train: [50/100][12/50] Data 0.003 (0.159) Batch 0.250 (0.409) Remain 00:17:18 loss: 0.3720 Lr: 0.00332
[2026-07-21 10:40:20,579 INFO misc.py line 117 10873] Train: [50/100][13/50] Data 0.003 (0.143) Batch 0.254 (0.394) Remain 00:16:38 loss: 0.2828 Lr: 0.00332
[2026-07-21 10:40:20,828 INFO misc.py line 117 10873] Train: [50/100][14/50] Data 0.003 (0.131) Batch 0.249 (0.380) Remain 00:16:04 loss: 0.2966 Lr: 0.00332
[2026-07-21 10:40:21,127 INFO misc.py line 117 10873] Train: [50/100][15/50] Data 0.003 (0.120) Batch 0.300 (0.374) Remain 00:15:47 loss: 0.3037 Lr: 0.00332
[2026-07-21 10:40:21,437 INFO misc.py line 117 10873] Train: [50/100][16/50] Data 0.012 (0.112) Batch 0.309 (0.369) Remain 00:15:34 loss: 0.3857 Lr: 0.00331
[2026-07-21 10:40:21,672 INFO misc.py line 117 10873] Train: [50/100][17/50] Data 0.002 (0.104) Batch 0.235 (0.359) Remain 00:15:09 loss: 0.2209 Lr: 0.00331
[2026-07-21 10:40:21,934 INFO misc.py line 117 10873] Train: [50/100][18/50] Data 0.003 (0.097) Batch 0.262 (0.353) Remain 00:14:53 loss: 0.2998 Lr: 0.00331
[2026-07-21 10:40:22,189 INFO misc.py line 117 10873] Train: [50/100][19/50] Data 0.005 (0.091) Batch 0.256 (0.347) Remain 00:14:37 loss: 0.3073 Lr: 0.00331
[2026-07-21 10:40:22,431 INFO misc.py line 117 10873] Train: [50/100][20/50] Data 0.002 (0.086) Batch 0.242 (0.341) Remain 00:14:21 loss: 0.2606 Lr: 0.00331
[2026-07-21 10:40:22,669 INFO misc.py line 117 10873] Train: [50/100][21/50] Data 0.002 (0.081) Batch 0.237 (0.335) Remain 00:14:06 loss: 0.2466 Lr: 0.00330
[2026-07-21 10:40:22,920 INFO misc.py line 117 10873] Train: [50/100][22/50] Data 0.003 (0.077) Batch 0.251 (0.330) Remain 00:13:55 loss: 0.3127 Lr: 0.00330
[2026-07-21 10:40:23,169 INFO misc.py line 117 10873] Train: [50/100][23/50] Data 0.003 (0.074) Batch 0.250 (0.326) Remain 00:13:44 loss: 0.2184 Lr: 0.00330
[2026-07-21 10:40:23,411 INFO misc.py line 117 10873] Train: [50/100][24/50] Data 0.002 (0.070) Batch 0.242 (0.322) Remain 00:13:34 loss: 0.2059 Lr: 0.00330
[2026-07-21 10:40:23,671 INFO misc.py line 117 10873] Train: [50/100][25/50] Data 0.003 (0.067) Batch 0.259 (0.319) Remain 00:13:26 loss: 0.2359 Lr: 0.00330
[2026-07-21 10:40:23,913 INFO misc.py line 117 10873] Train: [50/100][26/50] Data 0.003 (0.064) Batch 0.242 (0.316) Remain 00:13:17 loss: 0.1911 Lr: 0.00329
[2026-07-21 10:40:24,165 INFO misc.py line 117 10873] Train: [50/100][27/50] Data 0.003 (0.062) Batch 0.253 (0.313) Remain 00:13:10 loss: 0.3351 Lr: 0.00329
[2026-07-21 10:40:24,403 INFO misc.py line 117 10873] Train: [50/100][28/50] Data 0.002 (0.059) Batch 0.237 (0.310) Remain 00:13:02 loss: 0.2766 Lr: 0.00329
[2026-07-21 10:40:39,228 INFO misc.py line 117 10873] Train: [50/100][29/50] Data 14.568 (0.617) Batch 14.826 (0.869) Remain 00:36:29 loss: 0.3412 Lr: 0.00329
[2026-07-21 10:40:39,462 INFO misc.py line 117 10873] Train: [50/100][30/50] Data 0.003 (0.595) Batch 0.234 (0.845) Remain 00:35:29 loss: 0.3774 Lr: 0.00329
[2026-07-21 10:40:40,706 INFO misc.py line 117 10873] Train: [50/100][31/50] Data 1.009 (0.609) Batch 1.244 (0.859) Remain 00:36:04 loss: 0.3579 Lr: 0.00328
[2026-07-21 10:40:40,951 INFO misc.py line 117 10873] Train: [50/100][32/50] Data 0.002 (0.589) Batch 0.245 (0.838) Remain 00:35:10 loss: 0.2995 Lr: 0.00328
[2026-07-21 10:40:45,113 INFO misc.py line 117 10873] Train: [50/100][33/50] Data 3.926 (0.700) Batch 4.162 (0.949) Remain 00:39:48 loss: 0.2890 Lr: 0.00328
[2026-07-21 10:40:45,353 INFO misc.py line 117 10873] Train: [50/100][34/50] Data 0.001 (0.677) Batch 0.240 (0.926) Remain 00:38:50 loss: 0.4426 Lr: 0.00328
[2026-07-21 10:40:45,569 INFO misc.py line 117 10873] Train: [50/100][35/50] Data 0.001 (0.656) Batch 0.217 (0.904) Remain 00:37:53 loss: 0.2737 Lr: 0.00328
[2026-07-21 10:40:45,792 INFO misc.py line 117 10873] Train: [50/100][36/50] Data 0.001 (0.636) Batch 0.223 (0.883) Remain 00:37:00 loss: 0.2228 Lr: 0.00327
[2026-07-21 10:40:46,026 INFO misc.py line 117 10873] Train: [50/100][37/50] Data 0.001 (0.618) Batch 0.234 (0.864) Remain 00:36:11 loss: 0.3070 Lr: 0.00327
[2026-07-21 10:40:46,254 INFO misc.py line 117 10873] Train: [50/100][38/50] Data 0.001 (0.600) Batch 0.228 (0.846) Remain 00:35:25 loss: 0.2902 Lr: 0.00327
[2026-07-21 10:40:46,484 INFO misc.py line 117 10873] Train: [50/100][39/50] Data 0.001 (0.583) Batch 0.230 (0.829) Remain 00:34:41 loss: 0.2395 Lr: 0.00327
[2026-07-21 10:40:46,696 INFO misc.py line 117 10873] Train: [50/100][40/50] Data 0.001 (0.568) Batch 0.212 (0.812) Remain 00:33:58 loss: 0.2924 Lr: 0.00327
[2026-07-21 10:40:46,907 INFO misc.py line 117 10873] Train: [50/100][41/50] Data 0.001 (0.553) Batch 0.211 (0.796) Remain 00:33:18 loss: 0.2274 Lr: 0.00326
[2026-07-21 10:40:47,124 INFO misc.py line 117 10873] Train: [50/100][42/50] Data 0.001 (0.539) Batch 0.217 (0.782) Remain 00:32:40 loss: 0.2764 Lr: 0.00326
[2026-07-21 10:40:47,391 INFO misc.py line 117 10873] Train: [50/100][43/50] Data 0.001 (0.525) Batch 0.267 (0.769) Remain 00:32:07 loss: 0.3893 Lr: 0.00326
[2026-07-21 10:40:47,603 INFO misc.py line 117 10873] Train: [50/100][44/50] Data 0.001 (0.512) Batch 0.212 (0.755) Remain 00:31:32 loss: 0.2984 Lr: 0.00326
[2026-07-21 10:40:47,862 INFO misc.py line 117 10873] Train: [50/100][45/50] Data 0.001 (0.500) Batch 0.259 (0.743) Remain 00:31:02 loss: 0.2259 Lr: 0.00326
[2026-07-21 10:40:48,091 INFO misc.py line 117 10873] Train: [50/100][46/50] Data 0.001 (0.489) Batch 0.229 (0.731) Remain 00:30:31 loss: 0.2376 Lr: 0.00325
[2026-07-21 10:40:48,316 INFO misc.py line 117 10873] Train: [50/100][47/50] Data 0.001 (0.477) Batch 0.225 (0.720) Remain 00:30:01 loss: 0.3057 Lr: 0.00325
[2026-07-21 10:40:48,551 INFO misc.py line 117 10873] Train: [50/100][48/50] Data 0.001 (0.467) Batch 0.235 (0.709) Remain 00:29:34 loss: 0.3585 Lr: 0.00325
[2026-07-21 10:40:48,766 INFO misc.py line 117 10873] Train: [50/100][49/50] Data 0.001 (0.457) Batch 0.215 (0.698) Remain 00:29:06 loss: 0.2430 Lr: 0.00325
[2026-07-21 10:40:49,020 INFO misc.py line 117 10873] Train: [50/100][50/50] Data 0.001 (0.447) Batch 0.254 (0.689) Remain 00:28:42 loss: 0.4393 Lr: 0.00325
[2026-07-21 10:40:49,020 INFO misc.py line 147 10873] Train result: loss: 0.2903 
[2026-07-21 10:40:49,020 INFO evaluator.py line 169 10873] >>>>>>>>>>>>>>>> Start Evaluation (Segmentation) >>>>>>>>>>>>>>>>
[2026-07-21 10:40:57,784 INFO evaluator.py line 228 10873] Test: [1/1] Loss 0.4661 
[2026-07-21 10:40:58,047 INFO evaluator.py line 257 10873] Val result: mIoU/macroF1/mAcc/mPrecision/allAcc 0.7327/0.8255/0.7908/0.8770/0.9586.
[2026-07-21 10:40:58,048 INFO evaluator.py line 266 10873] Class_0-road Metrics: IoU=0.9551, accuracy=0.9857, precision=0.9685, F1=0.9770
[2026-07-21 10:40:58,048 INFO evaluator.py line 266 10873] Class_1-road_marking Metrics: IoU=0.4653, accuracy=0.5221, precision=0.8104, F1=0.6351
[2026-07-21 10:40:58,048 INFO evaluator.py line 266 10873] Class_2-natural Metrics: IoU=0.9533, accuracy=0.9749, precision=0.9774, F1=0.9761
[2026-07-21 10:40:58,048 INFO evaluator.py line 266 10873] Class_3-building Metrics: IoU=0.8721, accuracy=0.9486, precision=0.9155, F1=0.9317
[2026-07-21 10:40:58,048 INFO evaluator.py line 266 10873] Class_4-utility_line Metrics: IoU=0.7459, accuracy=0.7673, precision=0.9641, F1=0.8545
[2026-07-21 10:40:58,048 INFO evaluator.py line 266 10873] Class_5-pole Metrics: IoU=0.6421, accuracy=0.6677, precision=0.9437, F1=0.7820
[2026-07-21 10:40:58,048 INFO evaluator.py line 266 10873] Class_6-car Metrics: IoU=0.8881, accuracy=0.9399, precision=0.9415, F1=0.9407
[2026-07-21 10:40:58,048 INFO evaluator.py line 266 10873] Class_7-fence Metrics: IoU=0.3396, accuracy=0.5202, precision=0.4945, F1=0.5070
[2026-07-21 10:40:58,048 INFO evaluator.py line 321 10873] <<<<<<<<<<<<<<<<< End Evaluation <<<<<<<<<<<<<<<<<
[2026-07-21 10:40:58,050 INFO misc.py line 187 10873] Currently Best mIoU: 0.7601
[2026-07-21 10:40:58,050 INFO misc.py line 196 10873] Saving checkpoint to: exp/toronto3d/spunet-toronto3d/model/model_last.pth
[2026-07-21 10:41:27,517 INFO misc.py line 117 10873] Train: [51/100][1/50] Data 28.920 (28.920) Batch 29.204 (29.204) Remain 20:16:21 loss: 0.3483 Lr: 0.00324
[2026-07-21 10:41:27,768 INFO misc.py line 117 10873] Train: [51/100][2/50] Data 0.003 (0.003) Batch 0.251 (0.251) Remain 00:10:27 loss: 0.2427 Lr: 0.00324
[2026-07-21 10:41:28,054 INFO misc.py line 117 10873] Train: [51/100][3/50] Data 0.003 (0.003) Batch 0.285 (0.285) Remain 00:11:50 loss: 0.2805 Lr: 0.00324
[2026-07-21 10:41:28,765 INFO misc.py line 117 10873] Train: [51/100][4/50] Data 0.004 (0.004) Batch 0.712 (0.712) Remain 00:29:37 loss: 0.2405 Lr: 0.00324
[2026-07-21 10:41:29,027 INFO misc.py line 117 10873] Train: [51/100][5/50] Data 0.003 (0.003) Batch 0.262 (0.487) Remain 00:20:15 loss: 0.3538 Lr: 0.00324
[2026-07-21 10:41:29,327 INFO misc.py line 117 10873] Train: [51/100][6/50] Data 0.004 (0.004) Batch 0.299 (0.424) Remain 00:17:38 loss: 0.2739 Lr: 0.00323
[2026-07-21 10:41:29,609 INFO misc.py line 117 10873] Train: [51/100][7/50] Data 0.003 (0.003) Batch 0.281 (0.389) Remain 00:16:08 loss: 0.3689 Lr: 0.00323
[2026-07-21 10:41:29,927 INFO misc.py line 117 10873] Train: [51/100][8/50] Data 0.004 (0.004) Batch 0.320 (0.375) Remain 00:15:34 loss: 0.3441 Lr: 0.00323
[2026-07-21 10:41:30,178 INFO misc.py line 117 10873] Train: [51/100][9/50] Data 0.003 (0.004) Batch 0.251 (0.354) Remain 00:14:42 loss: 0.3233 Lr: 0.00323
[2026-07-21 10:41:30,420 INFO misc.py line 117 10873] Train: [51/100][10/50] Data 0.003 (0.003) Batch 0.242 (0.338) Remain 00:14:01 loss: 0.3471 Lr: 0.00323
[2026-07-21 10:41:30,661 INFO misc.py line 117 10873] Train: [51/100][11/50] Data 0.004 (0.004) Batch 0.241 (0.326) Remain 00:13:31 loss: 0.3521 Lr: 0.00322
[2026-07-21 10:41:30,900 INFO misc.py line 117 10873] Train: [51/100][12/50] Data 0.003 (0.003) Batch 0.239 (0.316) Remain 00:13:06 loss: 0.2993 Lr: 0.00322
[2026-07-21 10:41:31,191 INFO misc.py line 117 10873] Train: [51/100][13/50] Data 0.015 (0.005) Batch 0.291 (0.314) Remain 00:13:00 loss: 0.3804 Lr: 0.00322
[2026-07-21 10:41:31,459 INFO misc.py line 117 10873] Train: [51/100][14/50] Data 0.003 (0.004) Batch 0.269 (0.310) Remain 00:12:49 loss: 0.2483 Lr: 0.00322
[2026-07-21 10:41:31,719 INFO misc.py line 117 10873] Train: [51/100][15/50] Data 0.003 (0.004) Batch 0.260 (0.306) Remain 00:12:39 loss: 0.3082 Lr: 0.00322
[2026-07-21 10:41:31,968 INFO misc.py line 117 10873] Train: [51/100][16/50] Data 0.003 (0.004) Batch 0.249 (0.301) Remain 00:12:28 loss: 0.3056 Lr: 0.00321
[2026-07-21 10:41:32,203 INFO misc.py line 117 10873] Train: [51/100][17/50] Data 0.002 (0.004) Batch 0.234 (0.296) Remain 00:12:16 loss: 0.2752 Lr: 0.00321
[2026-07-21 10:41:32,466 INFO misc.py line 117 10873] Train: [51/100][18/50] Data 0.003 (0.004) Batch 0.262 (0.294) Remain 00:12:10 loss: 0.2887 Lr: 0.00321
[2026-07-21 10:41:32,712 INFO misc.py line 117 10873] Train: [51/100][19/50] Data 0.004 (0.004) Batch 0.246 (0.291) Remain 00:12:02 loss: 0.2563 Lr: 0.00321
[2026-07-21 10:41:32,967 INFO misc.py line 117 10873] Train: [51/100][20/50] Data 0.003 (0.004) Batch 0.256 (0.289) Remain 00:11:56 loss: 0.2838 Lr: 0.00321
[2026-07-21 10:41:33,221 INFO misc.py line 117 10873] Train: [51/100][21/50] Data 0.004 (0.004) Batch 0.254 (0.287) Remain 00:11:51 loss: 0.2674 Lr: 0.00320
[2026-07-21 10:41:33,455 INFO misc.py line 117 10873] Train: [51/100][22/50] Data 0.002 (0.004) Batch 0.233 (0.284) Remain 00:11:44 loss: 0.2776 Lr: 0.00320
[2026-07-21 10:41:33,708 INFO misc.py line 117 10873] Train: [51/100][23/50] Data 0.003 (0.004) Batch 0.244 (0.282) Remain 00:11:39 loss: 0.2482 Lr: 0.00320
[2026-07-21 10:41:34,024 INFO misc.py line 117 10873] Train: [51/100][24/50] Data 0.022 (0.005) Batch 0.326 (0.284) Remain 00:11:44 loss: 0.2744 Lr: 0.00320
[2026-07-21 10:41:34,267 INFO misc.py line 117 10873] Train: [51/100][25/50] Data 0.003 (0.005) Batch 0.243 (0.282) Remain 00:11:39 loss: 0.2114 Lr: 0.00320
[2026-07-21 10:41:34,500 INFO misc.py line 117 10873] Train: [51/100][26/50] Data 0.003 (0.005) Batch 0.233 (0.280) Remain 00:11:33 loss: 0.2268 Lr: 0.00319
[2026-07-21 10:41:34,780 INFO misc.py line 117 10873] Train: [51/100][27/50] Data 0.003 (0.004) Batch 0.280 (0.280) Remain 00:11:33 loss: 0.5317 Lr: 0.00319
[2026-07-21 10:41:35,017 INFO misc.py line 117 10873] Train: [51/100][28/50] Data 0.003 (0.004) Batch 0.238 (0.279) Remain 00:11:28 loss: 0.2186 Lr: 0.00319
[2026-07-21 10:41:50,847 INFO misc.py line 117 10873] Train: [51/100][29/50] Data 15.591 (0.604) Batch 15.830 (0.877) Remain 00:36:06 loss: 0.2336 Lr: 0.00319
[2026-07-21 10:41:51,086 INFO misc.py line 117 10873] Train: [51/100][30/50] Data 0.002 (0.582) Batch 0.239 (0.853) Remain 00:35:07 loss: 0.2233 Lr: 0.00319
[2026-07-21 10:41:51,573 INFO misc.py line 117 10873] Train: [51/100][31/50] Data 0.269 (0.570) Batch 0.487 (0.840) Remain 00:34:34 loss: 0.3125 Lr: 0.00318
[2026-07-21 10:41:51,814 INFO misc.py line 117 10873] Train: [51/100][32/50] Data 0.002 (0.551) Batch 0.241 (0.819) Remain 00:33:42 loss: 0.3510 Lr: 0.00318
[2026-07-21 10:41:52,040 INFO misc.py line 117 10873] Train: [51/100][33/50] Data 0.002 (0.533) Batch 0.227 (0.800) Remain 00:32:52 loss: 0.3259 Lr: 0.00318
[2026-07-21 10:41:52,278 INFO misc.py line 117 10873] Train: [51/100][34/50] Data 0.002 (0.515) Batch 0.238 (0.781) Remain 00:32:07 loss: 0.3014 Lr: 0.00318
[2026-07-21 10:41:52,502 INFO misc.py line 117 10873] Train: [51/100][35/50] Data 0.002 (0.499) Batch 0.224 (0.764) Remain 00:31:23 loss: 0.2530 Lr: 0.00318
[2026-07-21 10:41:52,732 INFO misc.py line 117 10873] Train: [51/100][36/50] Data 0.002 (0.484) Batch 0.230 (0.748) Remain 00:30:42 loss: 0.2282 Lr: 0.00317
[2026-07-21 10:41:52,973 INFO misc.py line 117 10873] Train: [51/100][37/50] Data 0.002 (0.470) Batch 0.241 (0.733) Remain 00:30:05 loss: 0.2649 Lr: 0.00317
[2026-07-21 10:41:53,202 INFO misc.py line 117 10873] Train: [51/100][38/50] Data 0.002 (0.457) Batch 0.229 (0.719) Remain 00:29:29 loss: 0.2413 Lr: 0.00317
[2026-07-21 10:41:53,431 INFO misc.py line 117 10873] Train: [51/100][39/50] Data 0.001 (0.444) Batch 0.229 (0.705) Remain 00:28:54 loss: 0.2108 Lr: 0.00317
[2026-07-21 10:41:53,660 INFO misc.py line 117 10873] Train: [51/100][40/50] Data 0.001 (0.432) Batch 0.228 (0.692) Remain 00:28:22 loss: 0.3600 Lr: 0.00317
[2026-07-21 10:41:53,886 INFO misc.py line 117 10873] Train: [51/100][41/50] Data 0.001 (0.421) Batch 0.226 (0.680) Remain 00:27:51 loss: 0.2141 Lr: 0.00316
[2026-07-21 10:41:54,111 INFO misc.py line 117 10873] Train: [51/100][42/50] Data 0.001 (0.410) Batch 0.226 (0.668) Remain 00:27:22 loss: 0.2694 Lr: 0.00316
[2026-07-21 10:41:54,328 INFO misc.py line 117 10873] Train: [51/100][43/50] Data 0.001 (0.400) Batch 0.217 (0.657) Remain 00:26:54 loss: 0.2534 Lr: 0.00316
[2026-07-21 10:41:54,552 INFO misc.py line 117 10873] Train: [51/100][44/50] Data 0.001 (0.390) Batch 0.224 (0.646) Remain 00:26:27 loss: 0.2283 Lr: 0.00316
[2026-07-21 10:41:54,791 INFO misc.py line 117 10873] Train: [51/100][45/50] Data 0.001 (0.381) Batch 0.238 (0.637) Remain 00:26:02 loss: 0.1843 Lr: 0.00316
[2026-07-21 10:41:55,012 INFO misc.py line 117 10873] Train: [51/100][46/50] Data 0.001 (0.372) Batch 0.221 (0.627) Remain 00:25:38 loss: 0.2246 Lr: 0.00315
[2026-07-21 10:41:55,245 INFO misc.py line 117 10873] Train: [51/100][47/50] Data 0.001 (0.364) Batch 0.234 (0.618) Remain 00:25:16 loss: 0.2447 Lr: 0.00315
[2026-07-21 10:41:55,459 INFO misc.py line 117 10873] Train: [51/100][48/50] Data 0.001 (0.355) Batch 0.214 (0.609) Remain 00:24:53 loss: 0.2673 Lr: 0.00315
[2026-07-21 10:41:55,695 INFO misc.py line 117 10873] Train: [51/100][49/50] Data 0.001 (0.348) Batch 0.235 (0.601) Remain 00:24:32 loss: 0.2644 Lr: 0.00315
[2026-07-21 10:41:55,908 INFO misc.py line 117 10873] Train: [51/100][50/50] Data 0.001 (0.340) Batch 0.214 (0.593) Remain 00:24:12 loss: 0.2256 Lr: 0.00315
[2026-07-21 10:41:55,909 INFO misc.py line 147 10873] Train result: loss: 0.2812 
[2026-07-21 10:41:55,909 INFO evaluator.py line 169 10873] >>>>>>>>>>>>>>>> Start Evaluation (Segmentation) >>>>>>>>>>>>>>>>
[2026-07-21 10:42:04,469 INFO evaluator.py line 228 10873] Test: [1/1] Loss 0.5343 
[2026-07-21 10:42:04,723 INFO evaluator.py line 257 10873] Val result: mIoU/macroF1/mAcc/mPrecision/allAcc 0.6784/0.7757/0.7991/0.7671/0.9420.
[2026-07-21 10:42:04,724 INFO evaluator.py line 266 10873] Class_0-road Metrics: IoU=0.9370, accuracy=0.9611, precision=0.9739, F1=0.9674
[2026-07-21 10:42:04,724 INFO evaluator.py line 266 10873] Class_1-road_marking Metrics: IoU=0.3686, accuracy=0.7259, precision=0.4283, F1=0.5387
[2026-07-21 10:42:04,724 INFO evaluator.py line 266 10873] Class_2-natural Metrics: IoU=0.9517, accuracy=0.9748, precision=0.9757, F1=0.9753
[2026-07-21 10:42:04,724 INFO evaluator.py line 266 10873] Class_3-building Metrics: IoU=0.8221, accuracy=0.8872, precision=0.9181, F1=0.9024
[2026-07-21 10:42:04,724 INFO evaluator.py line 266 10873] Class_4-utility_line Metrics: IoU=0.7506, accuracy=0.7739, precision=0.9615, F1=0.8576
[2026-07-21 10:42:04,724 INFO evaluator.py line 266 10873] Class_5-pole Metrics: IoU=0.5820, accuracy=0.8263, precision=0.6631, F1=0.7358
[2026-07-21 10:42:04,724 INFO evaluator.py line 266 10873] Class_6-car Metrics: IoU=0.8193, accuracy=0.8930, precision=0.9084, F1=0.9007
[2026-07-21 10:42:04,724 INFO evaluator.py line 266 10873] Class_7-fence Metrics: IoU=0.1960, accuracy=0.3508, precision=0.3077, F1=0.3278
[2026-07-21 10:42:04,724 INFO evaluator.py line 321 10873] <<<<<<<<<<<<<<<<< End Evaluation <<<<<<<<<<<<<<<<<
[2026-07-21 10:42:04,725 INFO misc.py line 187 10873] Currently Best mIoU: 0.7601
[2026-07-21 10:42:04,725 INFO misc.py line 196 10873] Saving checkpoint to: exp/toronto3d/spunet-toronto3d/model/model_last.pth
[2026-07-21 10:42:34,372 INFO misc.py line 117 10873] Train: [52/100][1/50] Data 29.121 (29.121) Batch 29.383 (29.383) Remain 19:59:19 loss: 0.1875 Lr: 0.00315
[2026-07-21 10:42:34,650 INFO misc.py line 117 10873] Train: [52/100][2/50] Data 0.003 (0.003) Batch 0.277 (0.277) Remain 00:11:17 loss: 0.3905 Lr: 0.00314
[2026-07-21 10:42:34,892 INFO misc.py line 117 10873] Train: [52/100][3/50] Data 0.003 (0.003) Batch 0.243 (0.243) Remain 00:09:54 loss: 0.2286 Lr: 0.00314
[2026-07-21 10:42:35,159 INFO misc.py line 117 10873] Train: [52/100][4/50] Data 0.003 (0.003) Batch 0.267 (0.267) Remain 00:10:51 loss: 0.2913 Lr: 0.00314
[2026-07-21 10:42:35,392 INFO misc.py line 117 10873] Train: [52/100][5/50] Data 0.003 (0.003) Batch 0.233 (0.250) Remain 00:10:10 loss: 0.2591 Lr: 0.00314
[2026-07-21 10:42:35,649 INFO misc.py line 117 10873] Train: [52/100][6/50] Data 0.003 (0.003) Batch 0.257 (0.252) Remain 00:10:16 loss: 0.2676 Lr: 0.00314
[2026-07-21 10:42:35,926 INFO misc.py line 117 10873] Train: [52/100][7/50] Data 0.011 (0.005) Batch 0.278 (0.259) Remain 00:10:31 loss: 0.3189 Lr: 0.00313
[2026-07-21 10:42:36,184 INFO misc.py line 117 10873] Train: [52/100][8/50] Data 0.003 (0.004) Batch 0.257 (0.258) Remain 00:10:30 loss: 0.3143 Lr: 0.00313
[2026-07-21 10:42:36,413 INFO misc.py line 117 10873] Train: [52/100][9/50] Data 0.002 (0.004) Batch 0.229 (0.254) Remain 00:10:18 loss: 0.2675 Lr: 0.00313
[2026-07-21 10:42:36,651 INFO misc.py line 117 10873] Train: [52/100][10/50] Data 0.003 (0.004) Batch 0.237 (0.251) Remain 00:10:13 loss: 0.2244 Lr: 0.00313
[2026-07-21 10:42:36,906 INFO misc.py line 117 10873] Train: [52/100][11/50] Data 0.003 (0.004) Batch 0.255 (0.252) Remain 00:10:14 loss: 0.2626 Lr: 0.00313
[2026-07-21 10:42:37,167 INFO misc.py line 117 10873] Train: [52/100][12/50] Data 0.003 (0.004) Batch 0.259 (0.253) Remain 00:10:15 loss: 0.3288 Lr: 0.00312
[2026-07-21 10:42:37,425 INFO misc.py line 117 10873] Train: [52/100][13/50] Data 0.005 (0.004) Batch 0.260 (0.253) Remain 00:10:17 loss: 0.3206 Lr: 0.00312
[2026-07-21 10:42:37,651 INFO misc.py line 117 10873] Train: [52/100][14/50] Data 0.002 (0.004) Batch 0.224 (0.251) Remain 00:10:10 loss: 0.2173 Lr: 0.00312
[2026-07-21 10:42:37,909 INFO misc.py line 117 10873] Train: [52/100][15/50] Data 0.005 (0.004) Batch 0.258 (0.251) Remain 00:10:11 loss: 0.2382 Lr: 0.00312
[2026-07-21 10:42:38,209 INFO misc.py line 117 10873] Train: [52/100][16/50] Data 0.003 (0.004) Batch 0.301 (0.255) Remain 00:10:21 loss: 0.2630 Lr: 0.00312
[2026-07-21 10:42:38,467 INFO misc.py line 117 10873] Train: [52/100][17/50] Data 0.004 (0.004) Batch 0.258 (0.255) Remain 00:10:21 loss: 0.3268 Lr: 0.00311
[2026-07-21 10:42:38,711 INFO misc.py line 117 10873] Train: [52/100][18/50] Data 0.003 (0.004) Batch 0.244 (0.255) Remain 00:10:19 loss: 0.2717 Lr: 0.00311
[2026-07-21 10:42:38,957 INFO misc.py line 117 10873] Train: [52/100][19/50] Data 0.003 (0.004) Batch 0.246 (0.254) Remain 00:10:17 loss: 0.3700 Lr: 0.00311
[2026-07-21 10:42:39,187 INFO misc.py line 117 10873] Train: [52/100][20/50] Data 0.002 (0.004) Batch 0.229 (0.253) Remain 00:10:13 loss: 0.1894 Lr: 0.00311
[2026-07-21 10:42:39,430 INFO misc.py line 117 10873] Train: [52/100][21/50] Data 0.003 (0.004) Batch 0.242 (0.252) Remain 00:10:12 loss: 0.3352 Lr: 0.00311
[2026-07-21 10:42:39,692 INFO misc.py line 117 10873] Train: [52/100][22/50] Data 0.004 (0.004) Batch 0.263 (0.253) Remain 00:10:13 loss: 0.3379 Lr: 0.00310
[2026-07-21 10:42:39,926 INFO misc.py line 117 10873] Train: [52/100][23/50] Data 0.003 (0.004) Batch 0.234 (0.252) Remain 00:10:10 loss: 0.2633 Lr: 0.00310
[2026-07-21 10:42:40,165 INFO misc.py line 117 10873] Train: [52/100][24/50] Data 0.002 (0.003) Batch 0.239 (0.251) Remain 00:10:09 loss: 0.2774 Lr: 0.00310
[2026-07-21 10:42:40,416 INFO misc.py line 117 10873] Train: [52/100][25/50] Data 0.003 (0.003) Batch 0.251 (0.251) Remain 00:10:08 loss: 0.3038 Lr: 0.00310
[2026-07-21 10:42:40,662 INFO misc.py line 117 10873] Train: [52/100][26/50] Data 0.003 (0.003) Batch 0.246 (0.251) Remain 00:10:08 loss: 0.2236 Lr: 0.00310
[2026-07-21 10:42:40,906 INFO misc.py line 117 10873] Train: [52/100][27/50] Data 0.003 (0.003) Batch 0.244 (0.251) Remain 00:10:07 loss: 0.3473 Lr: 0.00309
[2026-07-21 10:42:41,170 INFO misc.py line 117 10873] Train: [52/100][28/50] Data 0.003 (0.003) Batch 0.265 (0.251) Remain 00:10:08 loss: 0.3238 Lr: 0.00309
[2026-07-21 10:42:58,261 INFO misc.py line 117 10873] Train: [52/100][29/50] Data 16.845 (0.651) Batch 17.091 (0.899) Remain 00:36:16 loss: 0.4401 Lr: 0.00309
[2026-07-21 10:42:58,504 INFO misc.py line 117 10873] Train: [52/100][30/50] Data 0.002 (0.627) Batch 0.243 (0.875) Remain 00:35:16 loss: 0.3868 Lr: 0.00309
[2026-07-21 10:42:58,736 INFO misc.py line 117 10873] Train: [52/100][31/50] Data 0.002 (0.605) Batch 0.231 (0.852) Remain 00:34:19 loss: 0.2403 Lr: 0.00309
[2026-07-21 10:42:58,969 INFO misc.py line 117 10873] Train: [52/100][32/50] Data 0.002 (0.584) Batch 0.233 (0.830) Remain 00:33:27 loss: 0.2749 Lr: 0.00308
[2026-07-21 10:42:59,203 INFO misc.py line 117 10873] Train: [52/100][33/50] Data 0.002 (0.565) Batch 0.234 (0.810) Remain 00:32:38 loss: 0.2150 Lr: 0.00308
[2026-07-21 10:42:59,432 INFO misc.py line 117 10873] Train: [52/100][34/50] Data 0.002 (0.546) Batch 0.230 (0.792) Remain 00:31:52 loss: 0.3084 Lr: 0.00308
[2026-07-21 10:42:59,650 INFO misc.py line 117 10873] Train: [52/100][35/50] Data 0.002 (0.529) Batch 0.218 (0.774) Remain 00:31:08 loss: 0.2302 Lr: 0.00308
[2026-07-21 10:42:59,871 INFO misc.py line 117 10873] Train: [52/100][36/50] Data 0.002 (0.513) Batch 0.220 (0.757) Remain 00:30:27 loss: 0.2500 Lr: 0.00308
[2026-07-21 10:43:00,115 INFO misc.py line 117 10873] Train: [52/100][37/50] Data 0.002 (0.498) Batch 0.244 (0.742) Remain 00:29:50 loss: 0.3533 Lr: 0.00307
[2026-07-21 10:43:00,346 INFO misc.py line 117 10873] Train: [52/100][38/50] Data 0.002 (0.484) Batch 0.232 (0.727) Remain 00:29:14 loss: 0.3755 Lr: 0.00307
[2026-07-21 10:43:00,589 INFO misc.py line 117 10873] Train: [52/100][39/50] Data 0.002 (0.471) Batch 0.243 (0.714) Remain 00:28:41 loss: 0.3426 Lr: 0.00307
[2026-07-21 10:43:00,834 INFO misc.py line 117 10873] Train: [52/100][40/50] Data 0.002 (0.458) Batch 0.245 (0.701) Remain 00:28:09 loss: 0.3587 Lr: 0.00307
[2026-07-21 10:43:01,073 INFO misc.py line 117 10873] Train: [52/100][41/50] Data 0.002 (0.446) Batch 0.239 (0.689) Remain 00:27:39 loss: 0.3411 Lr: 0.00307
[2026-07-21 10:43:01,296 INFO misc.py line 117 10873] Train: [52/100][42/50] Data 0.001 (0.435) Batch 0.223 (0.677) Remain 00:27:10 loss: 0.2582 Lr: 0.00306
[2026-07-21 10:43:01,723 INFO misc.py line 117 10873] Train: [52/100][43/50] Data 0.213 (0.429) Batch 0.427 (0.671) Remain 00:26:54 loss: 0.2097 Lr: 0.00306
[2026-07-21 10:43:01,948 INFO misc.py line 117 10873] Train: [52/100][44/50] Data 0.001 (0.419) Batch 0.225 (0.660) Remain 00:26:27 loss: 0.2472 Lr: 0.00306
[2026-07-21 10:43:02,162 INFO misc.py line 117 10873] Train: [52/100][45/50] Data 0.001 (0.409) Batch 0.214 (0.649) Remain 00:26:01 loss: 0.2258 Lr: 0.00306
[2026-07-21 10:43:02,392 INFO misc.py line 117 10873] Train: [52/100][46/50] Data 0.001 (0.399) Batch 0.230 (0.640) Remain 00:25:37 loss: 0.3278 Lr: 0.00306
[2026-07-21 10:43:02,614 INFO misc.py line 117 10873] Train: [52/100][47/50] Data 0.001 (0.390) Batch 0.222 (0.630) Remain 00:25:14 loss: 0.2508 Lr: 0.00305
[2026-07-21 10:43:02,845 INFO misc.py line 117 10873] Train: [52/100][48/50] Data 0.001 (0.382) Batch 0.231 (0.621) Remain 00:24:52 loss: 0.2245 Lr: 0.00305
[2026-07-21 10:43:03,087 INFO misc.py line 117 10873] Train: [52/100][49/50] Data 0.001 (0.373) Batch 0.242 (0.613) Remain 00:24:31 loss: 0.3656 Lr: 0.00305
[2026-07-21 10:43:03,317 INFO misc.py line 117 10873] Train: [52/100][50/50] Data 0.001 (0.365) Batch 0.229 (0.605) Remain 00:24:11 loss: 0.3433 Lr: 0.00305
[2026-07-21 10:43:03,317 INFO misc.py line 147 10873] Train result: loss: 0.2904 
[2026-07-21 10:43:03,318 INFO evaluator.py line 169 10873] >>>>>>>>>>>>>>>> Start Evaluation (Segmentation) >>>>>>>>>>>>>>>>
[2026-07-21 10:43:11,901 INFO evaluator.py line 228 10873] Test: [1/1] Loss 0.4808 
[2026-07-21 10:43:12,165 INFO evaluator.py line 257 10873] Val result: mIoU/macroF1/mAcc/mPrecision/allAcc 0.7156/0.8064/0.8237/0.8095/0.9483.
[2026-07-21 10:43:12,165 INFO evaluator.py line 266 10873] Class_0-road Metrics: IoU=0.9475, accuracy=0.9746, precision=0.9715, F1=0.9730
[2026-07-21 10:43:12,165 INFO evaluator.py line 266 10873] Class_1-road_marking Metrics: IoU=0.4595, accuracy=0.7107, precision=0.5652, F1=0.6296
[2026-07-21 10:43:12,165 INFO evaluator.py line 266 10873] Class_2-natural Metrics: IoU=0.9403, accuracy=0.9532, precision=0.9858, F1=0.9692
[2026-07-21 10:43:12,165 INFO evaluator.py line 266 10873] Class_3-building Metrics: IoU=0.8383, accuracy=0.9370, precision=0.8884, F1=0.9120
[2026-07-21 10:43:12,165 INFO evaluator.py line 266 10873] Class_4-utility_line Metrics: IoU=0.7331, accuracy=0.7531, precision=0.9651, F1=0.8460
[2026-07-21 10:43:12,166 INFO evaluator.py line 266 10873] Class_5-pole Metrics: IoU=0.7123, accuracy=0.7806, precision=0.8906, F1=0.8320
[2026-07-21 10:43:12,166 INFO evaluator.py line 266 10873] Class_6-car Metrics: IoU=0.8792, accuracy=0.9205, precision=0.9514, F1=0.9357
[2026-07-21 10:43:12,166 INFO evaluator.py line 266 10873] Class_7-fence Metrics: IoU=0.2147, accuracy=0.5602, precision=0.2583, F1=0.3536
[2026-07-21 10:43:12,166 INFO evaluator.py line 321 10873] <<<<<<<<<<<<<<<<< End Evaluation <<<<<<<<<<<<<<<<<
[2026-07-21 10:43:12,167 INFO misc.py line 187 10873] Currently Best mIoU: 0.7601
[2026-07-21 10:43:12,167 INFO misc.py line 196 10873] Saving checkpoint to: exp/toronto3d/spunet-toronto3d/model/model_last.pth
[2026-07-21 10:43:41,685 INFO misc.py line 117 10873] Train: [53/100][1/50] Data 28.995 (28.995) Batch 29.250 (29.250) Remain 19:29:30 loss: 0.1985 Lr: 0.00305
[2026-07-21 10:43:41,929 INFO misc.py line 117 10873] Train: [53/100][2/50] Data 0.005 (0.005) Batch 0.246 (0.246) Remain 00:09:49 loss: 0.2852 Lr: 0.00304
[2026-07-21 10:43:42,215 INFO misc.py line 117 10873] Train: [53/100][3/50] Data 0.003 (0.003) Batch 0.287 (0.287) Remain 00:11:27 loss: 0.3333 Lr: 0.00304
[2026-07-21 10:43:42,462 INFO misc.py line 117 10873] Train: [53/100][4/50] Data 0.002 (0.002) Batch 0.246 (0.246) Remain 00:09:50 loss: 0.2290 Lr: 0.00304
[2026-07-21 10:43:42,715 INFO misc.py line 117 10873] Train: [53/100][5/50] Data 0.003 (0.003) Batch 0.252 (0.249) Remain 00:09:57 loss: 0.2505 Lr: 0.00304
[2026-07-21 10:43:42,976 INFO misc.py line 117 10873] Train: [53/100][6/50] Data 0.006 (0.004) Batch 0.260 (0.253) Remain 00:10:05 loss: 0.2330 Lr: 0.00304
[2026-07-21 10:43:43,286 INFO misc.py line 117 10873] Train: [53/100][7/50] Data 0.005 (0.004) Batch 0.309 (0.267) Remain 00:10:38 loss: 0.3024 Lr: 0.00303
[2026-07-21 10:43:43,545 INFO misc.py line 117 10873] Train: [53/100][8/50] Data 0.006 (0.004) Batch 0.262 (0.266) Remain 00:10:36 loss: 0.3063 Lr: 0.00303
[2026-07-21 10:43:43,781 INFO misc.py line 117 10873] Train: [53/100][9/50] Data 0.003 (0.004) Batch 0.236 (0.261) Remain 00:10:24 loss: 0.1842 Lr: 0.00303
[2026-07-21 10:43:44,050 INFO misc.py line 117 10873] Train: [53/100][10/50] Data 0.003 (0.004) Batch 0.268 (0.262) Remain 00:10:26 loss: 0.3407 Lr: 0.00303
[2026-07-21 10:43:44,324 INFO misc.py line 117 10873] Train: [53/100][11/50] Data 0.002 (0.004) Batch 0.275 (0.264) Remain 00:10:29 loss: 0.2702 Lr: 0.00303
[2026-07-21 10:43:44,566 INFO misc.py line 117 10873] Train: [53/100][12/50] Data 0.010 (0.004) Batch 0.241 (0.261) Remain 00:10:23 loss: 0.3151 Lr: 0.00302
[2026-07-21 10:43:44,857 INFO misc.py line 117 10873] Train: [53/100][13/50] Data 0.003 (0.004) Batch 0.291 (0.264) Remain 00:10:30 loss: 0.2623 Lr: 0.00302
[2026-07-21 10:43:45,142 INFO misc.py line 117 10873] Train: [53/100][14/50] Data 0.002 (0.004) Batch 0.285 (0.266) Remain 00:10:34 loss: 0.2977 Lr: 0.00302
[2026-07-21 10:43:45,399 INFO misc.py line 117 10873] Train: [53/100][15/50] Data 0.003 (0.004) Batch 0.257 (0.265) Remain 00:10:32 loss: 0.3072 Lr: 0.00302
[2026-07-21 10:43:45,657 INFO misc.py line 117 10873] Train: [53/100][16/50] Data 0.004 (0.004) Batch 0.258 (0.265) Remain 00:10:31 loss: 0.2626 Lr: 0.00302
[2026-07-21 10:43:45,923 INFO misc.py line 117 10873] Train: [53/100][17/50] Data 0.003 (0.004) Batch 0.266 (0.265) Remain 00:10:31 loss: 0.4274 Lr: 0.00301
[2026-07-21 10:43:46,168 INFO misc.py line 117 10873] Train: [53/100][18/50] Data 0.002 (0.004) Batch 0.245 (0.264) Remain 00:10:27 loss: 0.3960 Lr: 0.00301
[2026-07-21 10:43:46,424 INFO misc.py line 117 10873] Train: [53/100][19/50] Data 0.003 (0.004) Batch 0.256 (0.263) Remain 00:10:26 loss: 0.3117 Lr: 0.00301
[2026-07-21 10:43:46,669 INFO misc.py line 117 10873] Train: [53/100][20/50] Data 0.002 (0.004) Batch 0.244 (0.262) Remain 00:10:23 loss: 0.2929 Lr: 0.00301
[2026-07-21 10:43:46,918 INFO misc.py line 117 10873] Train: [53/100][21/50] Data 0.002 (0.004) Batch 0.249 (0.261) Remain 00:10:21 loss: 0.2423 Lr: 0.00301
[2026-07-21 10:43:47,173 INFO misc.py line 117 10873] Train: [53/100][22/50] Data 0.003 (0.003) Batch 0.256 (0.261) Remain 00:10:20 loss: 0.3013 Lr: 0.00300
[2026-07-21 10:43:47,427 INFO misc.py line 117 10873] Train: [53/100][23/50] Data 0.003 (0.003) Batch 0.254 (0.261) Remain 00:10:19 loss: 0.3250 Lr: 0.00300
[2026-07-21 10:43:47,705 INFO misc.py line 117 10873] Train: [53/100][24/50] Data 0.023 (0.004) Batch 0.278 (0.261) Remain 00:10:21 loss: 0.3630 Lr: 0.00300
[2026-07-21 10:43:47,951 INFO misc.py line 117 10873] Train: [53/100][25/50] Data 0.002 (0.004) Batch 0.246 (0.261) Remain 00:10:19 loss: 0.2680 Lr: 0.00300
[2026-07-21 10:43:48,215 INFO misc.py line 117 10873] Train: [53/100][26/50] Data 0.003 (0.004) Batch 0.264 (0.261) Remain 00:10:19 loss: 0.4018 Lr: 0.00300
[2026-07-21 10:43:48,470 INFO misc.py line 117 10873] Train: [53/100][27/50] Data 0.003 (0.004) Batch 0.254 (0.261) Remain 00:10:18 loss: 0.2793 Lr: 0.00299
[2026-07-21 10:43:48,741 INFO misc.py line 117 10873] Train: [53/100][28/50] Data 0.003 (0.004) Batch 0.269 (0.261) Remain 00:10:18 loss: 0.2979 Lr: 0.00299
[2026-07-21 10:44:06,432 INFO misc.py line 117 10873] Train: [53/100][29/50] Data 17.458 (0.675) Batch 17.694 (0.931) Remain 00:36:48 loss: 0.2363 Lr: 0.00299
[2026-07-21 10:44:06,928 INFO misc.py line 117 10873] Train: [53/100][30/50] Data 0.269 (0.660) Batch 0.496 (0.915) Remain 00:36:09 loss: 0.2216 Lr: 0.00299
[2026-07-21 10:44:07,192 INFO misc.py line 117 10873] Train: [53/100][31/50] Data 0.002 (0.637) Batch 0.264 (0.892) Remain 00:35:13 loss: 0.3394 Lr: 0.00299
[2026-07-21 10:44:09,835 INFO misc.py line 117 10873] Train: [53/100][32/50] Data 2.429 (0.699) Batch 2.643 (0.952) Remain 00:37:35 loss: 0.2347 Lr: 0.00298
[2026-07-21 10:44:10,049 INFO misc.py line 117 10873] Train: [53/100][33/50] Data 0.001 (0.675) Batch 0.214 (0.928) Remain 00:36:36 loss: 0.2509 Lr: 0.00298
[2026-07-21 10:44:10,280 INFO misc.py line 117 10873] Train: [53/100][34/50] Data 0.001 (0.654) Batch 0.231 (0.905) Remain 00:35:41 loss: 0.2661 Lr: 0.00298
[2026-07-21 10:44:10,516 INFO misc.py line 117 10873] Train: [53/100][35/50] Data 0.002 (0.633) Batch 0.236 (0.884) Remain 00:34:51 loss: 0.2026 Lr: 0.00298
[2026-07-21 10:44:10,766 INFO misc.py line 117 10873] Train: [53/100][36/50] Data 0.001 (0.614) Batch 0.250 (0.865) Remain 00:34:05 loss: 0.2878 Lr: 0.00298
[2026-07-21 10:44:10,982 INFO misc.py line 117 10873] Train: [53/100][37/50] Data 0.001 (0.596) Batch 0.216 (0.846) Remain 00:33:19 loss: 0.2602 Lr: 0.00297
[2026-07-21 10:44:11,245 INFO misc.py line 117 10873] Train: [53/100][38/50] Data 0.001 (0.579) Batch 0.264 (0.829) Remain 00:32:39 loss: 0.3939 Lr: 0.00297
[2026-07-21 10:44:11,482 INFO misc.py line 117 10873] Train: [53/100][39/50] Data 0.002 (0.563) Batch 0.236 (0.813) Remain 00:31:59 loss: 0.3333 Lr: 0.00297
[2026-07-21 10:44:11,711 INFO misc.py line 117 10873] Train: [53/100][40/50] Data 0.001 (0.548) Batch 0.230 (0.797) Remain 00:31:21 loss: 0.2407 Lr: 0.00297
[2026-07-21 10:44:11,934 INFO misc.py line 117 10873] Train: [53/100][41/50] Data 0.001 (0.533) Batch 0.223 (0.782) Remain 00:30:44 loss: 0.1983 Lr: 0.00297
[2026-07-21 10:44:12,186 INFO misc.py line 117 10873] Train: [53/100][42/50] Data 0.001 (0.520) Batch 0.252 (0.768) Remain 00:30:12 loss: 0.3065 Lr: 0.00296
[2026-07-21 10:44:12,411 INFO misc.py line 117 10873] Train: [53/100][43/50] Data 0.001 (0.507) Batch 0.225 (0.755) Remain 00:29:39 loss: 0.2295 Lr: 0.00296
[2026-07-21 10:44:12,641 INFO misc.py line 117 10873] Train: [53/100][44/50] Data 0.001 (0.495) Batch 0.230 (0.742) Remain 00:29:08 loss: 0.2732 Lr: 0.00296
[2026-07-21 10:44:12,863 INFO misc.py line 117 10873] Train: [53/100][45/50] Data 0.001 (0.483) Batch 0.221 (0.730) Remain 00:28:38 loss: 0.3652 Lr: 0.00296
[2026-07-21 10:44:13,094 INFO misc.py line 117 10873] Train: [53/100][46/50] Data 0.001 (0.472) Batch 0.232 (0.718) Remain 00:28:10 loss: 0.2433 Lr: 0.00296
[2026-07-21 10:44:13,327 INFO misc.py line 117 10873] Train: [53/100][47/50] Data 0.001 (0.461) Batch 0.233 (0.707) Remain 00:27:43 loss: 0.1978 Lr: 0.00295
[2026-07-21 10:44:13,557 INFO misc.py line 117 10873] Train: [53/100][48/50] Data 0.001 (0.451) Batch 0.229 (0.696) Remain 00:27:18 loss: 0.3504 Lr: 0.00295
[2026-07-21 10:44:13,786 INFO misc.py line 117 10873] Train: [53/100][49/50] Data 0.001 (0.441) Batch 0.229 (0.686) Remain 00:26:53 loss: 0.3171 Lr: 0.00295
[2026-07-21 10:44:14,008 INFO misc.py line 117 10873] Train: [53/100][50/50] Data 0.001 (0.432) Batch 0.222 (0.676) Remain 00:26:29 loss: 0.2185 Lr: 0.00295
[2026-07-21 10:44:14,008 INFO misc.py line 147 10873] Train result: loss: 0.2850 
[2026-07-21 10:44:14,008 INFO evaluator.py line 169 10873] >>>>>>>>>>>>>>>> Start Evaluation (Segmentation) >>>>>>>>>>>>>>>>
[2026-07-21 10:44:22,557 INFO evaluator.py line 228 10873] Test: [1/1] Loss 0.4167 
[2026-07-21 10:44:22,809 INFO evaluator.py line 257 10873] Val result: mIoU/macroF1/mAcc/mPrecision/allAcc 0.7597/0.8483/0.8125/0.8953/0.9591.
[2026-07-21 10:44:22,809 INFO evaluator.py line 266 10873] Class_0-road Metrics: IoU=0.9572, accuracy=0.9823, precision=0.9740, F1=0.9781
[2026-07-21 10:44:22,809 INFO evaluator.py line 266 10873] Class_1-road_marking Metrics: IoU=0.5424, accuracy=0.6333, precision=0.7908, F1=0.7034
[2026-07-21 10:44:22,809 INFO evaluator.py line 266 10873] Class_2-natural Metrics: IoU=0.9477, accuracy=0.9646, precision=0.9819, F1=0.9731
[2026-07-21 10:44:22,809 INFO evaluator.py line 266 10873] Class_3-building Metrics: IoU=0.8636, accuracy=0.9697, precision=0.8876, F1=0.9268
[2026-07-21 10:44:22,809 INFO evaluator.py line 266 10873] Class_4-utility_line Metrics: IoU=0.7586, accuracy=0.7734, precision=0.9754, F1=0.8627
[2026-07-21 10:44:22,809 INFO evaluator.py line 266 10873] Class_5-pole Metrics: IoU=0.7365, accuracy=0.7789, precision=0.9312, F1=0.8482
[2026-07-21 10:44:22,810 INFO evaluator.py line 266 10873] Class_6-car Metrics: IoU=0.8895, accuracy=0.9224, precision=0.9615, F1=0.9415
[2026-07-21 10:44:22,810 INFO evaluator.py line 266 10873] Class_7-fence Metrics: IoU=0.3818, accuracy=0.4754, precision=0.6597, F1=0.5526
[2026-07-21 10:44:22,810 INFO evaluator.py line 321 10873] <<<<<<<<<<<<<<<<< End Evaluation <<<<<<<<<<<<<<<<<
[2026-07-21 10:44:22,811 INFO misc.py line 187 10873] Currently Best mIoU: 0.7601
[2026-07-21 10:44:22,811 INFO misc.py line 196 10873] Saving checkpoint to: exp/toronto3d/spunet-toronto3d/model/model_last.pth
[2026-07-21 10:44:49,874 INFO misc.py line 117 10873] Train: [54/100][1/50] Data 26.487 (26.487) Batch 26.801 (26.801) Remain 17:29:15 loss: 0.3073 Lr: 0.00295
[2026-07-21 10:44:50,169 INFO misc.py line 117 10873] Train: [54/100][2/50] Data 0.051 (0.051) Batch 0.295 (0.295) Remain 00:11:33 loss: 0.2335 Lr: 0.00294
[2026-07-21 10:44:55,324 INFO misc.py line 117 10873] Train: [54/100][3/50] Data 4.885 (4.885) Batch 5.155 (5.155) Remain 03:21:38 loss: 0.3234 Lr: 0.00294
[2026-07-21 10:44:55,580 INFO misc.py line 117 10873] Train: [54/100][4/50] Data 0.002 (0.002) Batch 0.255 (0.255) Remain 00:09:58 loss: 0.2973 Lr: 0.00294
[2026-07-21 10:44:55,850 INFO misc.py line 117 10873] Train: [54/100][5/50] Data 0.005 (0.004) Batch 0.271 (0.263) Remain 00:10:16 loss: 0.2720 Lr: 0.00294
[2026-07-21 10:44:56,113 INFO misc.py line 117 10873] Train: [54/100][6/50] Data 0.003 (0.004) Batch 0.264 (0.263) Remain 00:10:16 loss: 0.3104 Lr: 0.00294
[2026-07-21 10:44:56,370 INFO misc.py line 117 10873] Train: [54/100][7/50] Data 0.003 (0.003) Batch 0.257 (0.262) Remain 00:10:12 loss: 0.3643 Lr: 0.00293
[2026-07-21 10:44:56,610 INFO misc.py line 117 10873] Train: [54/100][8/50] Data 0.003 (0.003) Batch 0.240 (0.257) Remain 00:10:02 loss: 0.2349 Lr: 0.00293
[2026-07-21 10:44:56,840 INFO misc.py line 117 10873] Train: [54/100][9/50] Data 0.002 (0.003) Batch 0.230 (0.253) Remain 00:09:51 loss: 0.2542 Lr: 0.00293
[2026-07-21 10:44:57,078 INFO misc.py line 117 10873] Train: [54/100][10/50] Data 0.002 (0.003) Batch 0.237 (0.251) Remain 00:09:46 loss: 0.1963 Lr: 0.00293
[2026-07-21 10:44:57,323 INFO misc.py line 117 10873] Train: [54/100][11/50] Data 0.002 (0.003) Batch 0.246 (0.250) Remain 00:09:44 loss: 0.3015 Lr: 0.00293
[2026-07-21 10:44:57,566 INFO misc.py line 117 10873] Train: [54/100][12/50] Data 0.002 (0.003) Batch 0.243 (0.249) Remain 00:09:42 loss: 0.2133 Lr: 0.00292
[2026-07-21 10:44:57,824 INFO misc.py line 117 10873] Train: [54/100][13/50] Data 0.002 (0.003) Batch 0.257 (0.250) Remain 00:09:44 loss: 0.2148 Lr: 0.00292
[2026-07-21 10:44:58,076 INFO misc.py line 117 10873] Train: [54/100][14/50] Data 0.003 (0.003) Batch 0.253 (0.250) Remain 00:09:44 loss: 0.2941 Lr: 0.00292
[2026-07-21 10:44:58,331 INFO misc.py line 117 10873] Train: [54/100][15/50] Data 0.002 (0.003) Batch 0.255 (0.251) Remain 00:09:45 loss: 0.2912 Lr: 0.00292
[2026-07-21 10:44:58,580 INFO misc.py line 117 10873] Train: [54/100][16/50] Data 0.003 (0.003) Batch 0.248 (0.250) Remain 00:09:44 loss: 0.3449 Lr: 0.00292
[2026-07-21 10:44:58,821 INFO misc.py line 117 10873] Train: [54/100][17/50] Data 0.004 (0.003) Batch 0.242 (0.250) Remain 00:09:42 loss: 0.2825 Lr: 0.00292
[2026-07-21 10:44:59,094 INFO misc.py line 117 10873] Train: [54/100][18/50] Data 0.002 (0.003) Batch 0.273 (0.251) Remain 00:09:46 loss: 0.2540 Lr: 0.00291
[2026-07-21 10:44:59,327 INFO misc.py line 117 10873] Train: [54/100][19/50] Data 0.003 (0.003) Batch 0.234 (0.250) Remain 00:09:43 loss: 0.3858 Lr: 0.00291
[2026-07-21 10:44:59,563 INFO misc.py line 117 10873] Train: [54/100][20/50] Data 0.003 (0.003) Batch 0.235 (0.249) Remain 00:09:40 loss: 0.3361 Lr: 0.00291
[2026-07-21 10:44:59,830 INFO misc.py line 117 10873] Train: [54/100][21/50] Data 0.002 (0.003) Batch 0.267 (0.250) Remain 00:09:42 loss: 0.2682 Lr: 0.00291
[2026-07-21 10:45:00,083 INFO misc.py line 117 10873] Train: [54/100][22/50] Data 0.003 (0.003) Batch 0.254 (0.251) Remain 00:09:43 loss: 0.3049 Lr: 0.00291
[2026-07-21 10:45:00,332 INFO misc.py line 117 10873] Train: [54/100][23/50] Data 0.003 (0.003) Batch 0.248 (0.250) Remain 00:09:42 loss: 0.3081 Lr: 0.00290
[2026-07-21 10:45:00,580 INFO misc.py line 117 10873] Train: [54/100][24/50] Data 0.003 (0.003) Batch 0.248 (0.250) Remain 00:09:42 loss: 0.2064 Lr: 0.00290
[2026-07-21 10:45:00,833 INFO misc.py line 117 10873] Train: [54/100][25/50] Data 0.003 (0.003) Batch 0.253 (0.250) Remain 00:09:42 loss: 0.2522 Lr: 0.00290
[2026-07-21 10:45:01,065 INFO misc.py line 117 10873] Train: [54/100][26/50] Data 0.003 (0.003) Batch 0.232 (0.250) Remain 00:09:40 loss: 0.3704 Lr: 0.00290
[2026-07-21 10:45:01,306 INFO misc.py line 117 10873] Train: [54/100][27/50] Data 0.002 (0.003) Batch 0.241 (0.249) Remain 00:09:38 loss: 0.2716 Lr: 0.00290
[2026-07-21 10:45:01,572 INFO misc.py line 117 10873] Train: [54/100][28/50] Data 0.003 (0.003) Batch 0.266 (0.250) Remain 00:09:40 loss: 0.2088 Lr: 0.00289
[2026-07-21 10:45:13,729 INFO misc.py line 117 10873] Train: [54/100][29/50] Data 11.920 (0.461) Batch 12.157 (0.708) Remain 00:27:22 loss: 0.2304 Lr: 0.00289
[2026-07-21 10:45:17,202 INFO misc.py line 117 10873] Train: [54/100][30/50] Data 3.245 (0.564) Batch 3.474 (0.810) Remain 00:31:19 loss: 0.3039 Lr: 0.00289
[2026-07-21 10:45:20,395 INFO misc.py line 117 10873] Train: [54/100][31/50] Data 2.945 (0.649) Batch 3.194 (0.895) Remain 00:34:36 loss: 0.2288 Lr: 0.00289
[2026-07-21 10:45:20,647 INFO misc.py line 117 10873] Train: [54/100][32/50] Data 0.001 (0.627) Batch 0.252 (0.873) Remain 00:33:44 loss: 0.3586 Lr: 0.00289
[2026-07-21 10:45:20,889 INFO misc.py line 117 10873] Train: [54/100][33/50] Data 0.001 (0.606) Batch 0.241 (0.852) Remain 00:32:54 loss: 0.3268 Lr: 0.00288
[2026-07-21 10:45:21,125 INFO misc.py line 117 10873] Train: [54/100][34/50] Data 0.001 (0.587) Batch 0.236 (0.832) Remain 00:32:07 loss: 0.2662 Lr: 0.00288
[2026-07-21 10:45:21,338 INFO misc.py line 117 10873] Train: [54/100][35/50] Data 0.001 (0.568) Batch 0.213 (0.813) Remain 00:31:22 loss: 0.2132 Lr: 0.00288
[2026-07-21 10:45:21,559 INFO misc.py line 117 10873] Train: [54/100][36/50] Data 0.001 (0.551) Batch 0.221 (0.795) Remain 00:30:39 loss: 0.2545 Lr: 0.00288
[2026-07-21 10:45:21,773 INFO misc.py line 117 10873] Train: [54/100][37/50] Data 0.001 (0.535) Batch 0.215 (0.778) Remain 00:29:59 loss: 0.2445 Lr: 0.00288
[2026-07-21 10:45:21,987 INFO misc.py line 117 10873] Train: [54/100][38/50] Data 0.001 (0.520) Batch 0.213 (0.762) Remain 00:29:21 loss: 0.2551 Lr: 0.00287
[2026-07-21 10:45:22,219 INFO misc.py line 117 10873] Train: [54/100][39/50] Data 0.001 (0.505) Batch 0.233 (0.747) Remain 00:28:46 loss: 0.2641 Lr: 0.00287
[2026-07-21 10:45:22,454 INFO misc.py line 117 10873] Train: [54/100][40/50] Data 0.001 (0.492) Batch 0.235 (0.733) Remain 00:28:13 loss: 0.2700 Lr: 0.00287
[2026-07-21 10:45:22,682 INFO misc.py line 117 10873] Train: [54/100][41/50] Data 0.001 (0.479) Batch 0.228 (0.720) Remain 00:27:42 loss: 0.2324 Lr: 0.00287
[2026-07-21 10:45:22,908 INFO misc.py line 117 10873] Train: [54/100][42/50] Data 0.001 (0.467) Batch 0.226 (0.707) Remain 00:27:12 loss: 0.2583 Lr: 0.00287
[2026-07-21 10:45:23,137 INFO misc.py line 117 10873] Train: [54/100][43/50] Data 0.001 (0.455) Batch 0.229 (0.695) Remain 00:26:44 loss: 0.2819 Lr: 0.00286
[2026-07-21 10:45:23,363 INFO misc.py line 117 10873] Train: [54/100][44/50] Data 0.001 (0.444) Batch 0.226 (0.684) Remain 00:26:17 loss: 0.2940 Lr: 0.00286
[2026-07-21 10:45:23,601 INFO misc.py line 117 10873] Train: [54/100][45/50] Data 0.001 (0.433) Batch 0.238 (0.673) Remain 00:25:51 loss: 0.3135 Lr: 0.00286
[2026-07-21 10:45:23,809 INFO misc.py line 117 10873] Train: [54/100][46/50] Data 0.001 (0.423) Batch 0.208 (0.662) Remain 00:25:26 loss: 0.2898 Lr: 0.00286
[2026-07-21 10:45:24,042 INFO misc.py line 117 10873] Train: [54/100][47/50] Data 0.001 (0.414) Batch 0.233 (0.653) Remain 00:25:03 loss: 0.3434 Lr: 0.00286
[2026-07-21 10:45:24,258 INFO misc.py line 117 10873] Train: [54/100][48/50] Data 0.001 (0.404) Batch 0.216 (0.643) Remain 00:24:40 loss: 0.3319 Lr: 0.00285
[2026-07-21 10:45:24,479 INFO misc.py line 117 10873] Train: [54/100][49/50] Data 0.001 (0.396) Batch 0.221 (0.634) Remain 00:24:18 loss: 0.2679 Lr: 0.00285
[2026-07-21 10:45:24,698 INFO misc.py line 117 10873] Train: [54/100][50/50] Data 0.001 (0.387) Batch 0.219 (0.625) Remain 00:23:57 loss: 0.2387 Lr: 0.00285
[2026-07-21 10:45:24,699 INFO misc.py line 147 10873] Train result: loss: 0.2794 
[2026-07-21 10:45:24,699 INFO evaluator.py line 169 10873] >>>>>>>>>>>>>>>> Start Evaluation (Segmentation) >>>>>>>>>>>>>>>>
[2026-07-21 10:45:33,261 INFO evaluator.py line 228 10873] Test: [1/1] Loss 0.4047 
[2026-07-21 10:45:33,529 INFO evaluator.py line 257 10873] Val result: mIoU/macroF1/mAcc/mPrecision/allAcc 0.7581/0.8410/0.8255/0.8584/0.9620.
[2026-07-21 10:45:33,530 INFO evaluator.py line 266 10873] Class_0-road Metrics: IoU=0.9542, accuracy=0.9745, precision=0.9786, F1=0.9766
[2026-07-21 10:45:33,530 INFO evaluator.py line 266 10873] Class_1-road_marking Metrics: IoU=0.4715, accuracy=0.6336, precision=0.6482, F1=0.6408
[2026-07-21 10:45:33,530 INFO evaluator.py line 266 10873] Class_2-natural Metrics: IoU=0.9578, accuracy=0.9836, precision=0.9734, F1=0.9784
[2026-07-21 10:45:33,530 INFO evaluator.py line 266 10873] Class_3-building Metrics: IoU=0.8926, accuracy=0.9516, precision=0.9350, F1=0.9433
[2026-07-21 10:45:33,530 INFO evaluator.py line 266 10873] Class_4-utility_line Metrics: IoU=0.8081, accuracy=0.8560, precision=0.9352, F1=0.8939
[2026-07-21 10:45:33,530 INFO evaluator.py line 266 10873] Class_5-pole Metrics: IoU=0.7736, accuracy=0.8186, precision=0.9338, F1=0.8724
[2026-07-21 10:45:33,530 INFO evaluator.py line 266 10873] Class_6-car Metrics: IoU=0.8904, accuracy=0.9370, precision=0.9471, F1=0.9420
[2026-07-21 10:45:33,530 INFO evaluator.py line 266 10873] Class_7-fence Metrics: IoU=0.3163, accuracy=0.4495, precision=0.5162, F1=0.4805
[2026-07-21 10:45:33,531 INFO evaluator.py line 321 10873] <<<<<<<<<<<<<<<<< End Evaluation <<<<<<<<<<<<<<<<<
[2026-07-21 10:45:33,532 INFO misc.py line 187 10873] Currently Best mIoU: 0.7601
[2026-07-21 10:45:33,532 INFO misc.py line 196 10873] Saving checkpoint to: exp/toronto3d/spunet-toronto3d/model/model_last.pth
[2026-07-21 10:46:04,500 INFO misc.py line 117 10873] Train: [55/100][1/50] Data 30.420 (30.420) Batch 30.698 (30.698) Remain 19:36:14 loss: 0.2168 Lr: 0.00285
[2026-07-21 10:46:04,771 INFO misc.py line 117 10873] Train: [55/100][2/50] Data 0.002 (0.002) Batch 0.271 (0.271) Remain 00:10:22 loss: 0.2136 Lr: 0.00285
[2026-07-21 10:46:05,025 INFO misc.py line 117 10873] Train: [55/100][3/50] Data 0.003 (0.003) Batch 0.253 (0.253) Remain 00:09:41 loss: 0.4346 Lr: 0.00284
[2026-07-21 10:46:05,272 INFO misc.py line 117 10873] Train: [55/100][4/50] Data 0.005 (0.005) Batch 0.247 (0.247) Remain 00:09:26 loss: 0.2667 Lr: 0.00284
[2026-07-21 10:46:05,525 INFO misc.py line 117 10873] Train: [55/100][5/50] Data 0.004 (0.004) Batch 0.254 (0.251) Remain 00:09:35 loss: 0.2167 Lr: 0.00284
[2026-07-21 10:46:05,783 INFO misc.py line 117 10873] Train: [55/100][6/50] Data 0.003 (0.004) Batch 0.258 (0.253) Remain 00:09:40 loss: 0.3274 Lr: 0.00284
[2026-07-21 10:46:06,058 INFO misc.py line 117 10873] Train: [55/100][7/50] Data 0.003 (0.004) Batch 0.265 (0.256) Remain 00:09:46 loss: 0.2600 Lr: 0.00284
[2026-07-21 10:46:06,330 INFO misc.py line 117 10873] Train: [55/100][8/50] Data 0.013 (0.005) Batch 0.282 (0.261) Remain 00:09:58 loss: 0.3634 Lr: 0.00283
[2026-07-21 10:46:06,568 INFO misc.py line 117 10873] Train: [55/100][9/50] Data 0.003 (0.005) Batch 0.238 (0.257) Remain 00:09:49 loss: 0.2791 Lr: 0.00283
[2026-07-21 10:46:06,831 INFO misc.py line 117 10873] Train: [55/100][10/50] Data 0.002 (0.005) Batch 0.263 (0.258) Remain 00:09:50 loss: 0.2946 Lr: 0.00283
[2026-07-21 10:46:07,068 INFO misc.py line 117 10873] Train: [55/100][11/50] Data 0.003 (0.004) Batch 0.238 (0.255) Remain 00:09:44 loss: 0.2094 Lr: 0.00283
[2026-07-21 10:46:07,319 INFO misc.py line 117 10873] Train: [55/100][12/50] Data 0.002 (0.004) Batch 0.250 (0.255) Remain 00:09:43 loss: 0.3129 Lr: 0.00283
[2026-07-21 10:46:07,568 INFO misc.py line 117 10873] Train: [55/100][13/50] Data 0.004 (0.004) Batch 0.250 (0.254) Remain 00:09:41 loss: 0.1935 Lr: 0.00282
[2026-07-21 10:46:07,837 INFO misc.py line 117 10873] Train: [55/100][14/50] Data 0.005 (0.004) Batch 0.269 (0.256) Remain 00:09:44 loss: 0.1758 Lr: 0.00282
[2026-07-21 10:46:08,100 INFO misc.py line 117 10873] Train: [55/100][15/50] Data 0.002 (0.004) Batch 0.263 (0.256) Remain 00:09:45 loss: 0.1932 Lr: 0.00282
[2026-07-21 10:46:08,355 INFO misc.py line 117 10873] Train: [55/100][16/50] Data 0.002 (0.004) Batch 0.254 (0.256) Remain 00:09:45 loss: 0.2791 Lr: 0.00282
[2026-07-21 10:46:08,604 INFO misc.py line 117 10873] Train: [55/100][17/50] Data 0.004 (0.004) Batch 0.250 (0.256) Remain 00:09:43 loss: 0.2011 Lr: 0.00282
[2026-07-21 10:46:08,837 INFO misc.py line 117 10873] Train: [55/100][18/50] Data 0.002 (0.004) Batch 0.233 (0.254) Remain 00:09:39 loss: 0.2381 Lr: 0.00281
[2026-07-21 10:46:09,103 INFO misc.py line 117 10873] Train: [55/100][19/50] Data 0.003 (0.004) Batch 0.266 (0.255) Remain 00:09:41 loss: 0.3503 Lr: 0.00281
[2026-07-21 10:46:09,381 INFO misc.py line 117 10873] Train: [55/100][20/50] Data 0.003 (0.004) Batch 0.278 (0.256) Remain 00:09:44 loss: 0.2205 Lr: 0.00281
[2026-07-21 10:46:09,615 INFO misc.py line 117 10873] Train: [55/100][21/50] Data 0.002 (0.004) Batch 0.234 (0.255) Remain 00:09:41 loss: 0.3176 Lr: 0.00281
[2026-07-21 10:46:09,878 INFO misc.py line 117 10873] Train: [55/100][22/50] Data 0.003 (0.004) Batch 0.262 (0.255) Remain 00:09:41 loss: 0.2906 Lr: 0.00281
[2026-07-21 10:46:10,127 INFO misc.py line 117 10873] Train: [55/100][23/50] Data 0.004 (0.004) Batch 0.250 (0.255) Remain 00:09:40 loss: 0.2210 Lr: 0.00280
[2026-07-21 10:46:10,442 INFO misc.py line 117 10873] Train: [55/100][24/50] Data 0.022 (0.004) Batch 0.314 (0.258) Remain 00:09:47 loss: 0.2577 Lr: 0.00280
[2026-07-21 10:46:10,702 INFO misc.py line 117 10873] Train: [55/100][25/50] Data 0.002 (0.004) Batch 0.260 (0.258) Remain 00:09:47 loss: 0.2429 Lr: 0.00280
[2026-07-21 10:46:10,946 INFO misc.py line 117 10873] Train: [55/100][26/50] Data 0.002 (0.004) Batch 0.244 (0.257) Remain 00:09:45 loss: 0.2219 Lr: 0.00280
[2026-07-21 10:46:11,178 INFO misc.py line 117 10873] Train: [55/100][27/50] Data 0.002 (0.004) Batch 0.231 (0.256) Remain 00:09:42 loss: 0.4577 Lr: 0.00280
[2026-07-21 10:46:11,422 INFO misc.py line 117 10873] Train: [55/100][28/50] Data 0.003 (0.004) Batch 0.244 (0.256) Remain 00:09:41 loss: 0.3044 Lr: 0.00279
[2026-07-21 10:46:28,218 INFO misc.py line 117 10873] Train: [55/100][29/50] Data 16.572 (0.641) Batch 16.797 (0.892) Remain 00:33:45 loss: 0.2983 Lr: 0.00279
[2026-07-21 10:46:28,446 INFO misc.py line 117 10873] Train: [55/100][30/50] Data 0.002 (0.618) Batch 0.229 (0.867) Remain 00:32:49 loss: 0.2598 Lr: 0.00279
[2026-07-21 10:46:28,670 INFO misc.py line 117 10873] Train: [55/100][31/50] Data 0.002 (0.596) Batch 0.224 (0.844) Remain 00:31:56 loss: 0.3843 Lr: 0.00279
[2026-07-21 10:46:29,087 INFO misc.py line 117 10873] Train: [55/100][32/50] Data 0.180 (0.581) Batch 0.417 (0.830) Remain 00:31:21 loss: 0.2345 Lr: 0.00279
[2026-07-21 10:46:29,310 INFO misc.py line 117 10873] Train: [55/100][33/50] Data 0.001 (0.562) Batch 0.224 (0.810) Remain 00:30:35 loss: 0.2322 Lr: 0.00278
[2026-07-21 10:46:29,534 INFO misc.py line 117 10873] Train: [55/100][34/50] Data 0.002 (0.544) Batch 0.224 (0.791) Remain 00:29:51 loss: 0.3543 Lr: 0.00278
[2026-07-21 10:46:29,750 INFO misc.py line 117 10873] Train: [55/100][35/50] Data 0.001 (0.527) Batch 0.215 (0.773) Remain 00:29:10 loss: 0.1838 Lr: 0.00278
[2026-07-21 10:46:29,980 INFO misc.py line 117 10873] Train: [55/100][36/50] Data 0.001 (0.511) Batch 0.230 (0.756) Remain 00:28:32 loss: 0.2698 Lr: 0.00278
[2026-07-21 10:46:30,227 INFO misc.py line 117 10873] Train: [55/100][37/50] Data 0.001 (0.496) Batch 0.248 (0.741) Remain 00:27:57 loss: 0.3093 Lr: 0.00278
[2026-07-21 10:46:30,461 INFO misc.py line 117 10873] Train: [55/100][38/50] Data 0.001 (0.482) Batch 0.233 (0.727) Remain 00:27:23 loss: 0.2174 Lr: 0.00277
[2026-07-21 10:46:30,680 INFO misc.py line 117 10873] Train: [55/100][39/50] Data 0.001 (0.469) Batch 0.219 (0.713) Remain 00:26:51 loss: 0.2849 Lr: 0.00277
[2026-07-21 10:46:30,940 INFO misc.py line 117 10873] Train: [55/100][40/50] Data 0.001 (0.456) Batch 0.260 (0.700) Remain 00:26:22 loss: 0.3401 Lr: 0.00277
[2026-07-21 10:46:31,185 INFO misc.py line 117 10873] Train: [55/100][41/50] Data 0.001 (0.444) Batch 0.245 (0.688) Remain 00:25:55 loss: 0.3905 Lr: 0.00277
[2026-07-21 10:46:31,408 INFO misc.py line 117 10873] Train: [55/100][42/50] Data 0.001 (0.433) Batch 0.223 (0.677) Remain 00:25:27 loss: 0.3572 Lr: 0.00277
[2026-07-21 10:46:31,622 INFO misc.py line 117 10873] Train: [55/100][43/50] Data 0.001 (0.422) Batch 0.214 (0.665) Remain 00:25:00 loss: 0.3187 Lr: 0.00276
[2026-07-21 10:46:31,850 INFO misc.py line 117 10873] Train: [55/100][44/50] Data 0.001 (0.412) Batch 0.227 (0.654) Remain 00:24:36 loss: 0.2470 Lr: 0.00276
[2026-07-21 10:46:32,093 INFO misc.py line 117 10873] Train: [55/100][45/50] Data 0.002 (0.402) Batch 0.243 (0.644) Remain 00:24:13 loss: 0.4643 Lr: 0.00276
[2026-07-21 10:46:32,315 INFO misc.py line 117 10873] Train: [55/100][46/50] Data 0.001 (0.392) Batch 0.222 (0.635) Remain 00:23:50 loss: 0.2443 Lr: 0.00276
[2026-07-21 10:46:32,537 INFO misc.py line 117 10873] Train: [55/100][47/50] Data 0.001 (0.384) Batch 0.222 (0.625) Remain 00:23:28 loss: 0.2247 Lr: 0.00276
[2026-07-21 10:46:32,760 INFO misc.py line 117 10873] Train: [55/100][48/50] Data 0.001 (0.375) Batch 0.223 (0.616) Remain 00:23:08 loss: 0.1748 Lr: 0.00275
[2026-07-21 10:46:32,988 INFO misc.py line 117 10873] Train: [55/100][49/50] Data 0.001 (0.367) Batch 0.228 (0.608) Remain 00:22:48 loss: 0.2258 Lr: 0.00275
[2026-07-21 10:46:33,226 INFO misc.py line 117 10873] Train: [55/100][50/50] Data 0.001 (0.359) Batch 0.238 (0.600) Remain 00:22:30 loss: 0.2775 Lr: 0.00275
[2026-07-21 10:46:33,226 INFO misc.py line 147 10873] Train result: loss: 0.2771 
[2026-07-21 10:46:33,227 INFO evaluator.py line 169 10873] >>>>>>>>>>>>>>>> Start Evaluation (Segmentation) >>>>>>>>>>>>>>>>
[2026-07-21 10:46:41,772 INFO evaluator.py line 228 10873] Test: [1/1] Loss 0.4673 
[2026-07-21 10:46:42,038 INFO evaluator.py line 257 10873] Val result: mIoU/macroF1/mAcc/mPrecision/allAcc 0.7239/0.8118/0.8391/0.8039/0.9454.
[2026-07-21 10:46:42,038 INFO evaluator.py line 266 10873] Class_0-road Metrics: IoU=0.9231, accuracy=0.9441, precision=0.9764, F1=0.9600
[2026-07-21 10:46:42,038 INFO evaluator.py line 266 10873] Class_1-road_marking Metrics: IoU=0.3043, accuracy=0.7167, precision=0.3460, F1=0.4667
[2026-07-21 10:46:42,038 INFO evaluator.py line 266 10873] Class_2-natural Metrics: IoU=0.9484, accuracy=0.9784, precision=0.9687, F1=0.9735
[2026-07-21 10:46:42,039 INFO evaluator.py line 266 10873] Class_3-building Metrics: IoU=0.8837, accuracy=0.9312, precision=0.9455, F1=0.9383
[2026-07-21 10:46:42,039 INFO evaluator.py line 266 10873] Class_4-utility_line Metrics: IoU=0.8165, accuracy=0.8728, precision=0.9269, F1=0.8990
[2026-07-21 10:46:42,039 INFO evaluator.py line 266 10873] Class_5-pole Metrics: IoU=0.7445, accuracy=0.7936, precision=0.9234, F1=0.8536
[2026-07-21 10:46:42,039 INFO evaluator.py line 266 10873] Class_6-car Metrics: IoU=0.8519, accuracy=0.9298, precision=0.9105, F1=0.9200
[2026-07-21 10:46:42,039 INFO evaluator.py line 266 10873] Class_7-fence Metrics: IoU=0.3188, accuracy=0.5464, precision=0.4336, F1=0.4835
[2026-07-21 10:46:42,039 INFO evaluator.py line 321 10873] <<<<<<<<<<<<<<<<< End Evaluation <<<<<<<<<<<<<<<<<
[2026-07-21 10:46:42,040 INFO misc.py line 187 10873] Currently Best mIoU: 0.7601
[2026-07-21 10:46:42,040 INFO misc.py line 196 10873] Saving checkpoint to: exp/toronto3d/spunet-toronto3d/model/model_last.pth
[2026-07-21 10:47:13,196 INFO misc.py line 117 10873] Train: [56/100][1/50] Data 30.623 (30.623) Batch 30.890 (30.890) Remain 19:17:52 loss: 0.3253 Lr: 0.00275
[2026-07-21 10:47:13,490 INFO misc.py line 117 10873] Train: [56/100][2/50] Data 0.013 (0.013) Batch 0.293 (0.293) Remain 00:10:59 loss: 0.2450 Lr: 0.00275
[2026-07-21 10:47:13,767 INFO misc.py line 117 10873] Train: [56/100][3/50] Data 0.003 (0.003) Batch 0.277 (0.277) Remain 00:10:22 loss: 0.2361 Lr: 0.00274
[2026-07-21 10:47:14,048 INFO misc.py line 117 10873] Train: [56/100][4/50] Data 0.003 (0.003) Batch 0.281 (0.281) Remain 00:10:31 loss: 0.1989 Lr: 0.00274
[2026-07-21 10:47:14,306 INFO misc.py line 117 10873] Train: [56/100][5/50] Data 0.002 (0.003) Batch 0.259 (0.270) Remain 00:10:05 loss: 0.3115 Lr: 0.00274
[2026-07-21 10:47:14,586 INFO misc.py line 117 10873] Train: [56/100][6/50] Data 0.003 (0.003) Batch 0.280 (0.273) Remain 00:10:12 loss: 0.3245 Lr: 0.00274
[2026-07-21 10:47:14,869 INFO misc.py line 117 10873] Train: [56/100][7/50] Data 0.003 (0.003) Batch 0.282 (0.275) Remain 00:10:17 loss: 0.2387 Lr: 0.00274
[2026-07-21 10:47:15,129 INFO misc.py line 117 10873] Train: [56/100][8/50] Data 0.003 (0.003) Batch 0.261 (0.272) Remain 00:10:10 loss: 0.2483 Lr: 0.00273
[2026-07-21 10:47:15,371 INFO misc.py line 117 10873] Train: [56/100][9/50] Data 0.003 (0.003) Batch 0.243 (0.267) Remain 00:09:59 loss: 0.1970 Lr: 0.00273
[2026-07-21 10:47:15,610 INFO misc.py line 117 10873] Train: [56/100][10/50] Data 0.003 (0.003) Batch 0.239 (0.263) Remain 00:09:50 loss: 0.1942 Lr: 0.00273
[2026-07-21 10:47:15,849 INFO misc.py line 117 10873] Train: [56/100][11/50] Data 0.003 (0.003) Batch 0.239 (0.260) Remain 00:09:42 loss: 0.2399 Lr: 0.00273
[2026-07-21 10:47:16,146 INFO misc.py line 117 10873] Train: [56/100][12/50] Data 0.002 (0.003) Batch 0.296 (0.264) Remain 00:09:51 loss: 0.3954 Lr: 0.00273
[2026-07-21 10:47:16,403 INFO misc.py line 117 10873] Train: [56/100][13/50] Data 0.003 (0.003) Batch 0.257 (0.264) Remain 00:09:49 loss: 0.2891 Lr: 0.00272
[2026-07-21 10:47:16,637 INFO misc.py line 117 10873] Train: [56/100][14/50] Data 0.002 (0.003) Batch 0.234 (0.261) Remain 00:09:43 loss: 0.2423 Lr: 0.00272
[2026-07-21 10:47:16,881 INFO misc.py line 117 10873] Train: [56/100][15/50] Data 0.002 (0.003) Batch 0.243 (0.259) Remain 00:09:39 loss: 0.2819 Lr: 0.00272
[2026-07-21 10:47:17,127 INFO misc.py line 117 10873] Train: [56/100][16/50] Data 0.003 (0.003) Batch 0.246 (0.258) Remain 00:09:37 loss: 0.1994 Lr: 0.00272
[2026-07-21 10:47:17,396 INFO misc.py line 117 10873] Train: [56/100][17/50] Data 0.004 (0.003) Batch 0.270 (0.259) Remain 00:09:38 loss: 0.2526 Lr: 0.00272
[2026-07-21 10:47:17,646 INFO misc.py line 117 10873] Train: [56/100][18/50] Data 0.003 (0.003) Batch 0.250 (0.259) Remain 00:09:37 loss: 0.2699 Lr: 0.00272
[2026-07-21 10:47:17,888 INFO misc.py line 117 10873] Train: [56/100][19/50] Data 0.004 (0.003) Batch 0.242 (0.258) Remain 00:09:34 loss: 0.2393 Lr: 0.00271
[2026-07-21 10:47:18,138 INFO misc.py line 117 10873] Train: [56/100][20/50] Data 0.003 (0.003) Batch 0.249 (0.257) Remain 00:09:33 loss: 0.2043 Lr: 0.00271
[2026-07-21 10:47:18,379 INFO misc.py line 117 10873] Train: [56/100][21/50] Data 0.002 (0.003) Batch 0.241 (0.256) Remain 00:09:31 loss: 0.2365 Lr: 0.00271
[2026-07-21 10:47:18,618 INFO misc.py line 117 10873] Train: [56/100][22/50] Data 0.002 (0.003) Batch 0.239 (0.255) Remain 00:09:28 loss: 0.3121 Lr: 0.00271
[2026-07-21 10:47:18,861 INFO misc.py line 117 10873] Train: [56/100][23/50] Data 0.002 (0.003) Batch 0.244 (0.255) Remain 00:09:27 loss: 0.2789 Lr: 0.00271
[2026-07-21 10:47:19,085 INFO misc.py line 117 10873] Train: [56/100][24/50] Data 0.002 (0.003) Batch 0.223 (0.253) Remain 00:09:23 loss: 0.1845 Lr: 0.00270
[2026-07-21 10:47:19,326 INFO misc.py line 117 10873] Train: [56/100][25/50] Data 0.003 (0.003) Batch 0.241 (0.253) Remain 00:09:22 loss: 0.2229 Lr: 0.00270
[2026-07-21 10:47:19,586 INFO misc.py line 117 10873] Train: [56/100][26/50] Data 0.003 (0.003) Batch 0.261 (0.253) Remain 00:09:22 loss: 0.3896 Lr: 0.00270
[2026-07-21 10:47:19,851 INFO misc.py line 117 10873] Train: [56/100][27/50] Data 0.002 (0.003) Batch 0.264 (0.254) Remain 00:09:23 loss: 0.3480 Lr: 0.00270
[2026-07-21 10:47:20,081 INFO misc.py line 117 10873] Train: [56/100][28/50] Data 0.003 (0.003) Batch 0.231 (0.253) Remain 00:09:21 loss: 0.1866 Lr: 0.00270
[2026-07-21 10:47:37,320 INFO misc.py line 117 10873] Train: [56/100][29/50] Data 17.016 (0.657) Batch 17.239 (0.906) Remain 00:33:32 loss: 0.1996 Lr: 0.00269
[2026-07-21 10:47:37,557 INFO misc.py line 117 10873] Train: [56/100][30/50] Data 0.002 (0.633) Batch 0.237 (0.881) Remain 00:32:36 loss: 0.2705 Lr: 0.00269
[2026-07-21 10:47:37,788 INFO misc.py line 117 10873] Train: [56/100][31/50] Data 0.002 (0.610) Batch 0.231 (0.858) Remain 00:31:43 loss: 0.2326 Lr: 0.00269
[2026-07-21 10:47:38,019 INFO misc.py line 117 10873] Train: [56/100][32/50] Data 0.002 (0.589) Batch 0.231 (0.836) Remain 00:30:54 loss: 0.2652 Lr: 0.00269
[2026-07-21 10:47:38,272 INFO misc.py line 117 10873] Train: [56/100][33/50] Data 0.002 (0.570) Batch 0.254 (0.817) Remain 00:30:11 loss: 0.2604 Lr: 0.00269
[2026-07-21 10:47:38,522 INFO misc.py line 117 10873] Train: [56/100][34/50] Data 0.002 (0.551) Batch 0.250 (0.799) Remain 00:29:29 loss: 0.2494 Lr: 0.00268
[2026-07-21 10:47:38,753 INFO misc.py line 117 10873] Train: [56/100][35/50] Data 0.002 (0.534) Batch 0.231 (0.781) Remain 00:28:49 loss: 0.2267 Lr: 0.00268
[2026-07-21 10:47:38,989 INFO misc.py line 117 10873] Train: [56/100][36/50] Data 0.002 (0.518) Batch 0.236 (0.764) Remain 00:28:12 loss: 0.1810 Lr: 0.00268
[2026-07-21 10:47:39,223 INFO misc.py line 117 10873] Train: [56/100][37/50] Data 0.002 (0.503) Batch 0.234 (0.749) Remain 00:27:36 loss: 0.2901 Lr: 0.00268
[2026-07-21 10:47:39,461 INFO misc.py line 117 10873] Train: [56/100][38/50] Data 0.002 (0.489) Batch 0.237 (0.734) Remain 00:27:03 loss: 0.2542 Lr: 0.00268
[2026-07-21 10:47:39,699 INFO misc.py line 117 10873] Train: [56/100][39/50] Data 0.002 (0.475) Batch 0.238 (0.720) Remain 00:26:32 loss: 0.2331 Lr: 0.00267
[2026-07-21 10:47:39,920 INFO misc.py line 117 10873] Train: [56/100][40/50] Data 0.002 (0.462) Batch 0.222 (0.707) Remain 00:26:02 loss: 0.2058 Lr: 0.00267
[2026-07-21 10:47:40,175 INFO misc.py line 117 10873] Train: [56/100][41/50] Data 0.002 (0.450) Batch 0.255 (0.695) Remain 00:25:35 loss: 0.2646 Lr: 0.00267
[2026-07-21 10:47:40,418 INFO misc.py line 117 10873] Train: [56/100][42/50] Data 0.002 (0.439) Batch 0.242 (0.683) Remain 00:25:08 loss: 0.2914 Lr: 0.00267
[2026-07-21 10:47:40,650 INFO misc.py line 117 10873] Train: [56/100][43/50] Data 0.002 (0.428) Batch 0.232 (0.672) Remain 00:24:43 loss: 0.2459 Lr: 0.00267
[2026-07-21 10:47:40,866 INFO misc.py line 117 10873] Train: [56/100][44/50] Data 0.002 (0.417) Batch 0.217 (0.661) Remain 00:24:18 loss: 0.2080 Lr: 0.00266
[2026-07-21 10:47:41,088 INFO misc.py line 117 10873] Train: [56/100][45/50] Data 0.001 (0.407) Batch 0.222 (0.651) Remain 00:23:54 loss: 0.2272 Lr: 0.00266
[2026-07-21 10:47:41,307 INFO misc.py line 117 10873] Train: [56/100][46/50] Data 0.001 (0.398) Batch 0.219 (0.640) Remain 00:23:31 loss: 0.2221 Lr: 0.00266
[2026-07-21 10:47:41,544 INFO misc.py line 117 10873] Train: [56/100][47/50] Data 0.001 (0.389) Batch 0.237 (0.631) Remain 00:23:10 loss: 0.3430 Lr: 0.00266
[2026-07-21 10:47:41,807 INFO misc.py line 117 10873] Train: [56/100][48/50] Data 0.001 (0.380) Batch 0.263 (0.623) Remain 00:22:52 loss: 0.2974 Lr: 0.00266
[2026-07-21 10:47:42,027 INFO misc.py line 117 10873] Train: [56/100][49/50] Data 0.001 (0.372) Batch 0.220 (0.614) Remain 00:22:32 loss: 0.3055 Lr: 0.00265
[2026-07-21 10:47:42,260 INFO misc.py line 117 10873] Train: [56/100][50/50] Data 0.002 (0.364) Batch 0.233 (0.606) Remain 00:22:13 loss: 0.2792 Lr: 0.00265
[2026-07-21 10:47:42,261 INFO misc.py line 147 10873] Train result: loss: 0.2569 
[2026-07-21 10:47:42,261 INFO evaluator.py line 169 10873] >>>>>>>>>>>>>>>> Start Evaluation (Segmentation) >>>>>>>>>>>>>>>>
[2026-07-21 10:47:50,793 INFO evaluator.py line 228 10873] Test: [1/1] Loss 0.4924 
[2026-07-21 10:47:51,064 INFO evaluator.py line 257 10873] Val result: mIoU/macroF1/mAcc/mPrecision/allAcc 0.7060/0.8064/0.7858/0.8361/0.9549.
[2026-07-21 10:47:51,065 INFO evaluator.py line 266 10873] Class_0-road Metrics: IoU=0.9585, accuracy=0.9808, precision=0.9768, F1=0.9788
[2026-07-21 10:47:51,065 INFO evaluator.py line 266 10873] Class_1-road_marking Metrics: IoU=0.5600, accuracy=0.6534, precision=0.7967, F1=0.7180
[2026-07-21 10:47:51,065 INFO evaluator.py line 266 10873] Class_2-natural Metrics: IoU=0.9446, accuracy=0.9698, precision=0.9732, F1=0.9715
[2026-07-21 10:47:51,065 INFO evaluator.py line 266 10873] Class_3-building Metrics: IoU=0.8763, accuracy=0.9577, precision=0.9116, F1=0.9341
[2026-07-21 10:47:51,065 INFO evaluator.py line 266 10873] Class_4-utility_line Metrics: IoU=0.5723, accuracy=0.6967, precision=0.7622, F1=0.7280
[2026-07-21 10:47:51,065 INFO evaluator.py line 266 10873] Class_5-pole Metrics: IoU=0.6307, accuracy=0.6547, precision=0.9451, F1=0.7735
[2026-07-21 10:47:51,065 INFO evaluator.py line 266 10873] Class_6-car Metrics: IoU=0.8169, accuracy=0.9022, precision=0.8962, F1=0.8992
[2026-07-21 10:47:51,065 INFO evaluator.py line 266 10873] Class_7-fence Metrics: IoU=0.2885, accuracy=0.4710, precision=0.4267, F1=0.4478
[2026-07-21 10:47:51,066 INFO evaluator.py line 321 10873] <<<<<<<<<<<<<<<<< End Evaluation <<<<<<<<<<<<<<<<<
[2026-07-21 10:47:51,066 INFO misc.py line 187 10873] Currently Best mIoU: 0.7601
[2026-07-21 10:47:51,066 INFO misc.py line 196 10873] Saving checkpoint to: exp/toronto3d/spunet-toronto3d/model/model_last.pth
[2026-07-21 10:48:17,593 INFO misc.py line 117 10873] Train: [57/100][1/50] Data 26.013 (26.013) Batch 26.256 (26.256) Remain 16:02:17 loss: 0.2036 Lr: 0.00265
[2026-07-21 10:48:19,777 INFO misc.py line 117 10873] Train: [57/100][2/50] Data 1.853 (1.853) Batch 2.185 (2.185) Remain 01:20:02 loss: 0.1843 Lr: 0.00265
[2026-07-21 10:48:20,111 INFO misc.py line 117 10873] Train: [57/100][3/50] Data 0.013 (0.013) Batch 0.333 (0.333) Remain 00:12:10 loss: 0.3770 Lr: 0.00265
[2026-07-21 10:48:20,355 INFO misc.py line 117 10873] Train: [57/100][4/50] Data 0.005 (0.005) Batch 0.246 (0.246) Remain 00:08:59 loss: 0.2029 Lr: 0.00264
[2026-07-21 10:48:20,592 INFO misc.py line 117 10873] Train: [57/100][5/50] Data 0.006 (0.005) Batch 0.237 (0.241) Remain 00:08:49 loss: 0.2219 Lr: 0.00264
[2026-07-21 10:48:21,503 INFO misc.py line 117 10873] Train: [57/100][6/50] Data 0.649 (0.220) Batch 0.911 (0.464) Remain 00:16:58 loss: 0.2130 Lr: 0.00264
[2026-07-21 10:48:21,766 INFO misc.py line 117 10873] Train: [57/100][7/50] Data 0.003 (0.166) Batch 0.263 (0.414) Remain 00:15:07 loss: 0.2960 Lr: 0.00264
[2026-07-21 10:48:22,015 INFO misc.py line 117 10873] Train: [57/100][8/50] Data 0.003 (0.133) Batch 0.250 (0.381) Remain 00:13:55 loss: 0.2882 Lr: 0.00264
[2026-07-21 10:48:22,273 INFO misc.py line 117 10873] Train: [57/100][9/50] Data 0.002 (0.111) Batch 0.258 (0.361) Remain 00:13:10 loss: 0.2675 Lr: 0.00263
[2026-07-21 10:48:22,522 INFO misc.py line 117 10873] Train: [57/100][10/50] Data 0.002 (0.096) Batch 0.249 (0.345) Remain 00:12:34 loss: 0.2896 Lr: 0.00263
[2026-07-21 10:48:22,790 INFO misc.py line 117 10873] Train: [57/100][11/50] Data 0.003 (0.084) Batch 0.268 (0.335) Remain 00:12:13 loss: 0.3007 Lr: 0.00263
[2026-07-21 10:48:23,052 INFO misc.py line 117 10873] Train: [57/100][12/50] Data 0.002 (0.075) Batch 0.262 (0.327) Remain 00:11:55 loss: 0.3991 Lr: 0.00263
[2026-07-21 10:48:23,317 INFO misc.py line 117 10873] Train: [57/100][13/50] Data 0.004 (0.068) Batch 0.265 (0.321) Remain 00:11:41 loss: 0.3462 Lr: 0.00263
[2026-07-21 10:48:23,568 INFO misc.py line 117 10873] Train: [57/100][14/50] Data 0.003 (0.062) Batch 0.251 (0.314) Remain 00:11:27 loss: 0.2576 Lr: 0.00262
[2026-07-21 10:48:23,815 INFO misc.py line 117 10873] Train: [57/100][15/50] Data 0.003 (0.057) Batch 0.247 (0.309) Remain 00:11:14 loss: 0.2631 Lr: 0.00262
[2026-07-21 10:48:24,054 INFO misc.py line 117 10873] Train: [57/100][16/50] Data 0.002 (0.053) Batch 0.239 (0.303) Remain 00:11:02 loss: 0.2394 Lr: 0.00262
[2026-07-21 10:48:24,288 INFO misc.py line 117 10873] Train: [57/100][17/50] Data 0.003 (0.049) Batch 0.235 (0.298) Remain 00:10:51 loss: 0.2036 Lr: 0.00262
[2026-07-21 10:48:24,551 INFO misc.py line 117 10873] Train: [57/100][18/50] Data 0.003 (0.046) Batch 0.262 (0.296) Remain 00:10:46 loss: 0.4071 Lr: 0.00262
[2026-07-21 10:48:24,802 INFO misc.py line 117 10873] Train: [57/100][19/50] Data 0.003 (0.043) Batch 0.252 (0.293) Remain 00:10:39 loss: 0.2273 Lr: 0.00261
[2026-07-21 10:48:25,037 INFO misc.py line 117 10873] Train: [57/100][20/50] Data 0.002 (0.041) Batch 0.235 (0.290) Remain 00:10:31 loss: 0.2141 Lr: 0.00261
[2026-07-21 10:48:25,291 INFO misc.py line 117 10873] Train: [57/100][21/50] Data 0.004 (0.039) Batch 0.254 (0.288) Remain 00:10:27 loss: 0.2420 Lr: 0.00261
[2026-07-21 10:48:25,529 INFO misc.py line 117 10873] Train: [57/100][22/50] Data 0.002 (0.037) Batch 0.238 (0.285) Remain 00:10:21 loss: 0.3346 Lr: 0.00261
[2026-07-21 10:48:25,859 INFO misc.py line 117 10873] Train: [57/100][23/50] Data 0.002 (0.035) Batch 0.329 (0.287) Remain 00:10:25 loss: 0.2854 Lr: 0.00261
[2026-07-21 10:48:26,120 INFO misc.py line 117 10873] Train: [57/100][24/50] Data 0.003 (0.034) Batch 0.260 (0.286) Remain 00:10:22 loss: 0.3594 Lr: 0.00260
[2026-07-21 10:48:26,369 INFO misc.py line 117 10873] Train: [57/100][25/50] Data 0.003 (0.032) Batch 0.250 (0.285) Remain 00:10:18 loss: 0.2833 Lr: 0.00260
[2026-07-21 10:48:26,609 INFO misc.py line 117 10873] Train: [57/100][26/50] Data 0.003 (0.031) Batch 0.239 (0.283) Remain 00:10:14 loss: 0.3132 Lr: 0.00260
[2026-07-21 10:48:26,878 INFO misc.py line 117 10873] Train: [57/100][27/50] Data 0.004 (0.030) Batch 0.270 (0.282) Remain 00:10:12 loss: 0.3525 Lr: 0.00260
[2026-07-21 10:48:27,133 INFO misc.py line 117 10873] Train: [57/100][28/50] Data 0.003 (0.029) Batch 0.256 (0.281) Remain 00:10:10 loss: 0.2683 Lr: 0.00260
[2026-07-21 10:48:43,529 INFO misc.py line 117 10873] Train: [57/100][29/50] Data 16.138 (0.648) Batch 16.396 (0.901) Remain 00:32:35 loss: 0.3192 Lr: 0.00259
[2026-07-21 10:48:43,795 INFO misc.py line 117 10873] Train: [57/100][30/50] Data 0.002 (0.624) Batch 0.266 (0.877) Remain 00:31:43 loss: 0.2716 Lr: 0.00259
[2026-07-21 10:48:44,046 INFO misc.py line 117 10873] Train: [57/100][31/50] Data 0.002 (0.602) Batch 0.251 (0.855) Remain 00:30:54 loss: 0.2310 Lr: 0.00259
[2026-07-21 10:48:45,658 INFO misc.py line 117 10873] Train: [57/100][32/50] Data 1.367 (0.629) Batch 1.611 (0.881) Remain 00:31:49 loss: 0.2385 Lr: 0.00259
[2026-07-21 10:48:45,885 INFO misc.py line 117 10873] Train: [57/100][33/50] Data 0.002 (0.608) Batch 0.228 (0.859) Remain 00:31:01 loss: 0.2004 Lr: 0.00259
[2026-07-21 10:48:46,139 INFO misc.py line 117 10873] Train: [57/100][34/50] Data 0.014 (0.589) Batch 0.254 (0.840) Remain 00:30:18 loss: 0.2659 Lr: 0.00259
[2026-07-21 10:48:46,365 INFO misc.py line 117 10873] Train: [57/100][35/50] Data 0.002 (0.570) Batch 0.226 (0.820) Remain 00:29:36 loss: 0.1794 Lr: 0.00258
[2026-07-21 10:48:46,580 INFO misc.py line 117 10873] Train: [57/100][36/50] Data 0.002 (0.553) Batch 0.215 (0.802) Remain 00:28:55 loss: 0.2522 Lr: 0.00258
[2026-07-21 10:48:46,802 INFO misc.py line 117 10873] Train: [57/100][37/50] Data 0.002 (0.537) Batch 0.223 (0.785) Remain 00:28:18 loss: 0.2157 Lr: 0.00258
[2026-07-21 10:48:47,036 INFO misc.py line 117 10873] Train: [57/100][38/50] Data 0.001 (0.522) Batch 0.233 (0.769) Remain 00:27:43 loss: 0.3335 Lr: 0.00258
[2026-07-21 10:48:47,275 INFO misc.py line 117 10873] Train: [57/100][39/50] Data 0.001 (0.507) Batch 0.240 (0.755) Remain 00:27:10 loss: 0.3425 Lr: 0.00258
[2026-07-21 10:48:47,495 INFO misc.py line 117 10873] Train: [57/100][40/50] Data 0.001 (0.493) Batch 0.220 (0.740) Remain 00:26:38 loss: 0.3183 Lr: 0.00257
[2026-07-21 10:48:47,735 INFO misc.py line 117 10873] Train: [57/100][41/50] Data 0.001 (0.480) Batch 0.240 (0.727) Remain 00:26:09 loss: 0.2554 Lr: 0.00257
[2026-07-21 10:48:48,014 INFO misc.py line 117 10873] Train: [57/100][42/50] Data 0.001 (0.468) Batch 0.279 (0.716) Remain 00:25:44 loss: 0.3487 Lr: 0.00257
[2026-07-21 10:48:48,259 INFO misc.py line 117 10873] Train: [57/100][43/50] Data 0.001 (0.456) Batch 0.244 (0.704) Remain 00:25:17 loss: 0.2373 Lr: 0.00257
[2026-07-21 10:48:48,473 INFO misc.py line 117 10873] Train: [57/100][44/50] Data 0.001 (0.445) Batch 0.215 (0.692) Remain 00:24:51 loss: 0.2406 Lr: 0.00257
[2026-07-21 10:48:48,731 INFO misc.py line 117 10873] Train: [57/100][45/50] Data 0.001 (0.435) Batch 0.258 (0.681) Remain 00:24:28 loss: 0.2555 Lr: 0.00256
[2026-07-21 10:48:48,947 INFO misc.py line 117 10873] Train: [57/100][46/50] Data 0.001 (0.425) Batch 0.216 (0.671) Remain 00:24:04 loss: 0.2745 Lr: 0.00256
[2026-07-21 10:48:49,196 INFO misc.py line 117 10873] Train: [57/100][47/50] Data 0.001 (0.415) Batch 0.249 (0.661) Remain 00:23:43 loss: 0.1998 Lr: 0.00256
[2026-07-21 10:48:49,425 INFO misc.py line 117 10873] Train: [57/100][48/50] Data 0.001 (0.406) Batch 0.229 (0.651) Remain 00:23:21 loss: 0.1657 Lr: 0.00256
[2026-07-21 10:48:49,658 INFO misc.py line 117 10873] Train: [57/100][49/50] Data 0.001 (0.397) Batch 0.233 (0.642) Remain 00:23:01 loss: 0.2701 Lr: 0.00256
[2026-07-21 10:48:49,914 INFO misc.py line 117 10873] Train: [57/100][50/50] Data 0.002 (0.389) Batch 0.256 (0.634) Remain 00:22:43 loss: 0.2606 Lr: 0.00255
[2026-07-21 10:48:49,915 INFO misc.py line 147 10873] Train result: loss: 0.2703 
[2026-07-21 10:48:49,915 INFO evaluator.py line 169 10873] >>>>>>>>>>>>>>>> Start Evaluation (Segmentation) >>>>>>>>>>>>>>>>
[2026-07-21 10:48:58,493 INFO evaluator.py line 228 10873] Test: [1/1] Loss 0.4678 
[2026-07-21 10:48:58,770 INFO evaluator.py line 257 10873] Val result: mIoU/macroF1/mAcc/mPrecision/allAcc 0.7261/0.8111/0.7984/0.8331/0.9532.
[2026-07-21 10:48:58,770 INFO evaluator.py line 266 10873] Class_0-road Metrics: IoU=0.9396, accuracy=0.9605, precision=0.9774, F1=0.9689
[2026-07-21 10:48:58,770 INFO evaluator.py line 266 10873] Class_1-road_marking Metrics: IoU=0.3422, accuracy=0.5702, precision=0.4612, F1=0.5099
[2026-07-21 10:48:58,770 INFO evaluator.py line 266 10873] Class_2-natural Metrics: IoU=0.9520, accuracy=0.9731, precision=0.9777, F1=0.9754
[2026-07-21 10:48:58,770 INFO evaluator.py line 266 10873] Class_3-building Metrics: IoU=0.8766, accuracy=0.9712, precision=0.8999, F1=0.9342
[2026-07-21 10:48:58,770 INFO evaluator.py line 266 10873] Class_4-utility_line Metrics: IoU=0.8180, accuracy=0.8505, precision=0.9554, F1=0.8999
[2026-07-21 10:48:58,770 INFO evaluator.py line 266 10873] Class_5-pole Metrics: IoU=0.7502, accuracy=0.7956, precision=0.9294, F1=0.8573
[2026-07-21 10:48:58,771 INFO evaluator.py line 266 10873] Class_6-car Metrics: IoU=0.8697, accuracy=0.9277, precision=0.9329, F1=0.9303
[2026-07-21 10:48:58,771 INFO evaluator.py line 266 10873] Class_7-fence Metrics: IoU=0.2602, accuracy=0.3380, precision=0.5307, F1=0.4130
[2026-07-21 10:48:58,771 INFO evaluator.py line 321 10873] <<<<<<<<<<<<<<<<< End Evaluation <<<<<<<<<<<<<<<<<
[2026-07-21 10:48:58,772 INFO misc.py line 187 10873] Currently Best mIoU: 0.7601
[2026-07-21 10:48:58,772 INFO misc.py line 196 10873] Saving checkpoint to: exp/toronto3d/spunet-toronto3d/model/model_last.pth
[2026-07-21 10:49:26,322 INFO misc.py line 117 10873] Train: [58/100][1/50] Data 27.038 (27.038) Batch 27.278 (27.278) Remain 16:17:01 loss: 0.3373 Lr: 0.00255
[2026-07-21 10:49:31,010 INFO misc.py line 117 10873] Train: [58/100][2/50] Data 4.427 (4.427) Batch 4.688 (4.688) Remain 02:47:49 loss: 0.3079 Lr: 0.00255
[2026-07-21 10:49:31,256 INFO misc.py line 117 10873] Train: [58/100][3/50] Data 0.003 (0.003) Batch 0.246 (0.246) Remain 00:08:48 loss: 0.2062 Lr: 0.00255
[2026-07-21 10:49:31,523 INFO misc.py line 117 10873] Train: [58/100][4/50] Data 0.002 (0.002) Batch 0.267 (0.267) Remain 00:09:32 loss: 0.3883 Lr: 0.00255
[2026-07-21 10:49:31,784 INFO misc.py line 117 10873] Train: [58/100][5/50] Data 0.003 (0.002) Batch 0.261 (0.264) Remain 00:09:26 loss: 0.2341 Lr: 0.00254
[2026-07-21 10:49:32,040 INFO misc.py line 117 10873] Train: [58/100][6/50] Data 0.003 (0.003) Batch 0.256 (0.261) Remain 00:09:20 loss: 0.2489 Lr: 0.00254
[2026-07-21 10:49:32,288 INFO misc.py line 117 10873] Train: [58/100][7/50] Data 0.003 (0.003) Batch 0.248 (0.258) Remain 00:09:12 loss: 0.2479 Lr: 0.00254
[2026-07-21 10:49:32,535 INFO misc.py line 117 10873] Train: [58/100][8/50] Data 0.003 (0.003) Batch 0.247 (0.256) Remain 00:09:08 loss: 0.3328 Lr: 0.00254
[2026-07-21 10:49:32,793 INFO misc.py line 117 10873] Train: [58/100][9/50] Data 0.003 (0.003) Batch 0.257 (0.256) Remain 00:09:08 loss: 0.3473 Lr: 0.00254
[2026-07-21 10:49:33,035 INFO misc.py line 117 10873] Train: [58/100][10/50] Data 0.002 (0.003) Batch 0.241 (0.254) Remain 00:09:03 loss: 0.2452 Lr: 0.00253
[2026-07-21 10:49:33,284 INFO misc.py line 117 10873] Train: [58/100][11/50] Data 0.004 (0.003) Batch 0.250 (0.253) Remain 00:09:02 loss: 0.2514 Lr: 0.00253
[2026-07-21 10:49:33,525 INFO misc.py line 117 10873] Train: [58/100][12/50] Data 0.003 (0.003) Batch 0.242 (0.252) Remain 00:08:59 loss: 0.2177 Lr: 0.00253
[2026-07-21 10:49:33,757 INFO misc.py line 117 10873] Train: [58/100][13/50] Data 0.002 (0.003) Batch 0.232 (0.250) Remain 00:08:54 loss: 0.3049 Lr: 0.00253
[2026-07-21 10:49:34,014 INFO misc.py line 117 10873] Train: [58/100][14/50] Data 0.002 (0.003) Batch 0.257 (0.251) Remain 00:08:55 loss: 0.2505 Lr: 0.00253
[2026-07-21 10:49:34,269 INFO misc.py line 117 10873] Train: [58/100][15/50] Data 0.002 (0.003) Batch 0.255 (0.251) Remain 00:08:56 loss: 0.2770 Lr: 0.00252
[2026-07-21 10:49:34,515 INFO misc.py line 117 10873] Train: [58/100][16/50] Data 0.002 (0.003) Batch 0.246 (0.251) Remain 00:08:55 loss: 0.2483 Lr: 0.00252
[2026-07-21 10:49:34,777 INFO misc.py line 117 10873] Train: [58/100][17/50] Data 0.002 (0.003) Batch 0.262 (0.252) Remain 00:08:56 loss: 0.2843 Lr: 0.00252
[2026-07-21 10:49:35,040 INFO misc.py line 117 10873] Train: [58/100][18/50] Data 0.012 (0.003) Batch 0.263 (0.252) Remain 00:08:57 loss: 0.2547 Lr: 0.00252
[2026-07-21 10:49:35,318 INFO misc.py line 117 10873] Train: [58/100][19/50] Data 0.003 (0.003) Batch 0.267 (0.253) Remain 00:08:59 loss: 0.2876 Lr: 0.00252
[2026-07-21 10:49:35,648 INFO misc.py line 117 10873] Train: [58/100][20/50] Data 0.012 (0.004) Batch 0.338 (0.258) Remain 00:09:10 loss: 0.2618 Lr: 0.00251
[2026-07-21 10:49:35,925 INFO misc.py line 117 10873] Train: [58/100][21/50] Data 0.006 (0.004) Batch 0.279 (0.259) Remain 00:09:12 loss: 0.3164 Lr: 0.00251
[2026-07-21 10:49:36,165 INFO misc.py line 117 10873] Train: [58/100][22/50] Data 0.003 (0.004) Batch 0.240 (0.258) Remain 00:09:09 loss: 0.2636 Lr: 0.00251
[2026-07-21 10:49:36,404 INFO misc.py line 117 10873] Train: [58/100][23/50] Data 0.003 (0.004) Batch 0.238 (0.257) Remain 00:09:07 loss: 0.2690 Lr: 0.00251
[2026-07-21 10:49:36,648 INFO misc.py line 117 10873] Train: [58/100][24/50] Data 0.003 (0.004) Batch 0.244 (0.257) Remain 00:09:05 loss: 0.2737 Lr: 0.00251
[2026-07-21 10:49:36,895 INFO misc.py line 117 10873] Train: [58/100][25/50] Data 0.003 (0.004) Batch 0.248 (0.256) Remain 00:09:04 loss: 0.2345 Lr: 0.00250
[2026-07-21 10:49:37,149 INFO misc.py line 117 10873] Train: [58/100][26/50] Data 0.002 (0.004) Batch 0.254 (0.256) Remain 00:09:04 loss: 0.3958 Lr: 0.00250
[2026-07-21 10:49:37,396 INFO misc.py line 117 10873] Train: [58/100][27/50] Data 0.002 (0.004) Batch 0.246 (0.256) Remain 00:09:03 loss: 0.2895 Lr: 0.00250
[2026-07-21 10:49:37,632 INFO misc.py line 117 10873] Train: [58/100][28/50] Data 0.003 (0.004) Batch 0.236 (0.255) Remain 00:09:01 loss: 0.3467 Lr: 0.00250
[2026-07-21 10:49:49,067 INFO misc.py line 117 10873] Train: [58/100][29/50] Data 11.168 (0.433) Batch 11.435 (0.685) Remain 00:24:12 loss: 0.4606 Lr: 0.00250
[2026-07-21 10:49:54,305 INFO misc.py line 117 10873] Train: [58/100][30/50] Data 4.983 (0.601) Batch 5.239 (0.854) Remain 00:30:09 loss: 0.3868 Lr: 0.00249
[2026-07-21 10:49:54,544 INFO misc.py line 117 10873] Train: [58/100][31/50] Data 0.001 (0.580) Batch 0.238 (0.832) Remain 00:29:22 loss: 0.3361 Lr: 0.00249
[2026-07-21 10:49:54,783 INFO misc.py line 117 10873] Train: [58/100][32/50] Data 0.001 (0.560) Batch 0.239 (0.811) Remain 00:28:38 loss: 0.2488 Lr: 0.00249
[2026-07-21 10:49:55,008 INFO misc.py line 117 10873] Train: [58/100][33/50] Data 0.001 (0.541) Batch 0.225 (0.792) Remain 00:27:56 loss: 0.2439 Lr: 0.00249
[2026-07-21 10:49:55,234 INFO misc.py line 117 10873] Train: [58/100][34/50] Data 0.001 (0.524) Batch 0.226 (0.774) Remain 00:27:16 loss: 0.4139 Lr: 0.00249
[2026-07-21 10:49:55,455 INFO misc.py line 117 10873] Train: [58/100][35/50] Data 0.001 (0.508) Batch 0.221 (0.756) Remain 00:26:39 loss: 0.2824 Lr: 0.00249
[2026-07-21 10:49:55,683 INFO misc.py line 117 10873] Train: [58/100][36/50] Data 0.001 (0.492) Batch 0.228 (0.740) Remain 00:26:04 loss: 0.2241 Lr: 0.00248
[2026-07-21 10:49:55,924 INFO misc.py line 117 10873] Train: [58/100][37/50] Data 0.001 (0.478) Batch 0.241 (0.726) Remain 00:25:33 loss: 0.3897 Lr: 0.00248
[2026-07-21 10:49:56,135 INFO misc.py line 117 10873] Train: [58/100][38/50] Data 0.002 (0.464) Batch 0.211 (0.711) Remain 00:25:01 loss: 0.2405 Lr: 0.00248
[2026-07-21 10:49:56,366 INFO misc.py line 117 10873] Train: [58/100][39/50] Data 0.002 (0.451) Batch 0.231 (0.698) Remain 00:24:32 loss: 0.3176 Lr: 0.00248
[2026-07-21 10:49:56,600 INFO misc.py line 117 10873] Train: [58/100][40/50] Data 0.002 (0.439) Batch 0.234 (0.685) Remain 00:24:05 loss: 0.2678 Lr: 0.00248
[2026-07-21 10:49:56,824 INFO misc.py line 117 10873] Train: [58/100][41/50] Data 0.002 (0.428) Batch 0.223 (0.673) Remain 00:23:39 loss: 0.3173 Lr: 0.00247
[2026-07-21 10:49:57,065 INFO misc.py line 117 10873] Train: [58/100][42/50] Data 0.001 (0.417) Batch 0.242 (0.662) Remain 00:23:15 loss: 0.3373 Lr: 0.00247
[2026-07-21 10:49:57,279 INFO misc.py line 117 10873] Train: [58/100][43/50] Data 0.001 (0.406) Batch 0.214 (0.651) Remain 00:22:50 loss: 0.3032 Lr: 0.00247
[2026-07-21 10:49:57,538 INFO misc.py line 117 10873] Train: [58/100][44/50] Data 0.001 (0.397) Batch 0.259 (0.641) Remain 00:22:30 loss: 0.3617 Lr: 0.00247
[2026-07-21 10:49:57,769 INFO misc.py line 117 10873] Train: [58/100][45/50] Data 0.001 (0.387) Batch 0.231 (0.631) Remain 00:22:08 loss: 0.3679 Lr: 0.00247
[2026-07-21 10:49:57,987 INFO misc.py line 117 10873] Train: [58/100][46/50] Data 0.001 (0.378) Batch 0.217 (0.622) Remain 00:21:47 loss: 0.2625 Lr: 0.00246
[2026-07-21 10:49:58,211 INFO misc.py line 117 10873] Train: [58/100][47/50] Data 0.001 (0.370) Batch 0.225 (0.613) Remain 00:21:28 loss: 0.3266 Lr: 0.00246
[2026-07-21 10:49:58,432 INFO misc.py line 117 10873] Train: [58/100][48/50] Data 0.001 (0.361) Batch 0.221 (0.604) Remain 00:21:09 loss: 0.2911 Lr: 0.00246
[2026-07-21 10:49:58,648 INFO misc.py line 117 10873] Train: [58/100][49/50] Data 0.001 (0.354) Batch 0.216 (0.595) Remain 00:20:51 loss: 0.2731 Lr: 0.00246
[2026-07-21 10:49:58,867 INFO misc.py line 117 10873] Train: [58/100][50/50] Data 0.001 (0.346) Batch 0.219 (0.587) Remain 00:20:33 loss: 0.1771 Lr: 0.00246
[2026-07-21 10:49:58,868 INFO misc.py line 147 10873] Train result: loss: 0.2951 
[2026-07-21 10:49:58,868 INFO evaluator.py line 169 10873] >>>>>>>>>>>>>>>> Start Evaluation (Segmentation) >>>>>>>>>>>>>>>>
[2026-07-21 10:50:07,366 INFO evaluator.py line 228 10873] Test: [1/1] Loss 0.6852 
[2026-07-21 10:50:07,632 INFO evaluator.py line 257 10873] Val result: mIoU/macroF1/mAcc/mPrecision/allAcc 0.6488/0.7652/0.7564/0.7877/0.9234.
[2026-07-21 10:50:07,632 INFO evaluator.py line 266 10873] Class_0-road Metrics: IoU=0.9044, accuracy=0.9256, precision=0.9753, F1=0.9498
[2026-07-21 10:50:07,632 INFO evaluator.py line 266 10873] Class_1-road_marking Metrics: IoU=0.4798, accuracy=0.5464, precision=0.7975, F1=0.6485
[2026-07-21 10:50:07,632 INFO evaluator.py line 266 10873] Class_2-natural Metrics: IoU=0.9150, accuracy=0.9765, precision=0.9356, F1=0.9556
[2026-07-21 10:50:07,633 INFO evaluator.py line 266 10873] Class_3-building Metrics: IoU=0.7911, accuracy=0.9403, precision=0.8329, F1=0.8833
[2026-07-21 10:50:07,633 INFO evaluator.py line 266 10873] Class_4-utility_line Metrics: IoU=0.5807, accuracy=0.8272, precision=0.6609, F1=0.7347
[2026-07-21 10:50:07,633 INFO evaluator.py line 266 10873] Class_5-pole Metrics: IoU=0.6495, accuracy=0.7962, precision=0.7791, F1=0.7875
[2026-07-21 10:50:07,633 INFO evaluator.py line 266 10873] Class_6-car Metrics: IoU=0.6264, accuracy=0.6754, precision=0.8961, F1=0.7703
[2026-07-21 10:50:07,633 INFO evaluator.py line 266 10873] Class_7-fence Metrics: IoU=0.2435, accuracy=0.3635, precision=0.4243, F1=0.3916
[2026-07-21 10:50:07,633 INFO evaluator.py line 321 10873] <<<<<<<<<<<<<<<<< End Evaluation <<<<<<<<<<<<<<<<<
[2026-07-21 10:50:07,634 INFO misc.py line 187 10873] Currently Best mIoU: 0.7601
[2026-07-21 10:50:07,634 INFO misc.py line 196 10873] Saving checkpoint to: exp/toronto3d/spunet-toronto3d/model/model_last.pth
[2026-07-21 10:50:35,440 INFO misc.py line 117 10873] Train: [59/100][1/50] Data 27.283 (27.283) Batch 27.535 (27.535) Remain 16:03:16 loss: 0.1857 Lr: 0.00245
[2026-07-21 10:50:35,746 INFO misc.py line 117 10873] Train: [59/100][2/50] Data 0.003 (0.003) Batch 0.306 (0.306) Remain 00:10:41 loss: 0.3057 Lr: 0.00245
[2026-07-21 10:50:39,241 INFO misc.py line 117 10873] Train: [59/100][3/50] Data 3.264 (3.264) Batch 3.495 (3.495) Remain 02:02:09 loss: 0.1865 Lr: 0.00245
[2026-07-21 10:50:39,499 INFO misc.py line 117 10873] Train: [59/100][4/50] Data 0.003 (0.003) Batch 0.257 (0.257) Remain 00:08:58 loss: 0.3902 Lr: 0.00245
[2026-07-21 10:50:39,766 INFO misc.py line 117 10873] Train: [59/100][5/50] Data 0.004 (0.003) Batch 0.268 (0.262) Remain 00:09:09 loss: 0.2865 Lr: 0.00245
[2026-07-21 10:50:40,017 INFO misc.py line 117 10873] Train: [59/100][6/50] Data 0.003 (0.003) Batch 0.252 (0.259) Remain 00:09:01 loss: 0.3690 Lr: 0.00244
[2026-07-21 10:50:40,252 INFO misc.py line 117 10873] Train: [59/100][7/50] Data 0.002 (0.003) Batch 0.234 (0.253) Remain 00:08:48 loss: 0.3202 Lr: 0.00244
[2026-07-21 10:50:40,506 INFO misc.py line 117 10873] Train: [59/100][8/50] Data 0.009 (0.004) Batch 0.255 (0.253) Remain 00:08:49 loss: 0.2935 Lr: 0.00244
[2026-07-21 10:50:40,766 INFO misc.py line 117 10873] Train: [59/100][9/50] Data 0.003 (0.004) Batch 0.259 (0.254) Remain 00:08:51 loss: 0.3176 Lr: 0.00244
[2026-07-21 10:50:41,003 INFO misc.py line 117 10873] Train: [59/100][10/50] Data 0.003 (0.004) Batch 0.237 (0.252) Remain 00:08:46 loss: 0.2985 Lr: 0.00244
[2026-07-21 10:50:41,259 INFO misc.py line 117 10873] Train: [59/100][11/50] Data 0.002 (0.003) Batch 0.256 (0.252) Remain 00:08:46 loss: 0.3179 Lr: 0.00243
[2026-07-21 10:50:41,499 INFO misc.py line 117 10873] Train: [59/100][12/50] Data 0.002 (0.003) Batch 0.241 (0.251) Remain 00:08:44 loss: 0.3208 Lr: 0.00243
[2026-07-21 10:50:41,771 INFO misc.py line 117 10873] Train: [59/100][13/50] Data 0.002 (0.003) Batch 0.269 (0.253) Remain 00:08:47 loss: 0.2097 Lr: 0.00243
[2026-07-21 10:50:42,031 INFO misc.py line 117 10873] Train: [59/100][14/50] Data 0.005 (0.003) Batch 0.262 (0.254) Remain 00:08:49 loss: 0.2462 Lr: 0.00243
[2026-07-21 10:50:42,296 INFO misc.py line 117 10873] Train: [59/100][15/50] Data 0.003 (0.003) Batch 0.266 (0.255) Remain 00:08:50 loss: 0.2448 Lr: 0.00243
[2026-07-21 10:50:42,531 INFO misc.py line 117 10873] Train: [59/100][16/50] Data 0.002 (0.003) Batch 0.235 (0.253) Remain 00:08:47 loss: 0.2052 Lr: 0.00242
[2026-07-21 10:50:42,772 INFO misc.py line 117 10873] Train: [59/100][17/50] Data 0.002 (0.003) Batch 0.239 (0.252) Remain 00:08:45 loss: 0.2668 Lr: 0.00242
[2026-07-21 10:50:43,021 INFO misc.py line 117 10873] Train: [59/100][18/50] Data 0.005 (0.003) Batch 0.251 (0.252) Remain 00:08:44 loss: 0.4049 Lr: 0.00242
[2026-07-21 10:50:43,253 INFO misc.py line 117 10873] Train: [59/100][19/50] Data 0.003 (0.003) Batch 0.231 (0.251) Remain 00:08:41 loss: 0.3321 Lr: 0.00242
[2026-07-21 10:50:43,550 INFO misc.py line 117 10873] Train: [59/100][20/50] Data 0.003 (0.003) Batch 0.298 (0.253) Remain 00:08:47 loss: 0.3093 Lr: 0.00242
[2026-07-21 10:50:43,811 INFO misc.py line 117 10873] Train: [59/100][21/50] Data 0.003 (0.003) Batch 0.261 (0.254) Remain 00:08:47 loss: 0.2636 Lr: 0.00241
[2026-07-21 10:50:44,048 INFO misc.py line 117 10873] Train: [59/100][22/50] Data 0.002 (0.003) Batch 0.237 (0.253) Remain 00:08:45 loss: 0.2563 Lr: 0.00241
[2026-07-21 10:50:44,287 INFO misc.py line 117 10873] Train: [59/100][23/50] Data 0.002 (0.003) Batch 0.239 (0.252) Remain 00:08:44 loss: 0.2726 Lr: 0.00241
[2026-07-21 10:50:44,554 INFO misc.py line 117 10873] Train: [59/100][24/50] Data 0.004 (0.003) Batch 0.267 (0.253) Remain 00:08:45 loss: 0.2657 Lr: 0.00241
[2026-07-21 10:50:44,803 INFO misc.py line 117 10873] Train: [59/100][25/50] Data 0.003 (0.003) Batch 0.249 (0.253) Remain 00:08:44 loss: 0.1974 Lr: 0.00241
[2026-07-21 10:50:45,035 INFO misc.py line 117 10873] Train: [59/100][26/50] Data 0.002 (0.003) Batch 0.232 (0.252) Remain 00:08:42 loss: 0.3078 Lr: 0.00241
[2026-07-21 10:50:45,328 INFO misc.py line 117 10873] Train: [59/100][27/50] Data 0.002 (0.003) Batch 0.293 (0.254) Remain 00:08:45 loss: 0.3906 Lr: 0.00240
[2026-07-21 10:50:45,575 INFO misc.py line 117 10873] Train: [59/100][28/50] Data 0.003 (0.003) Batch 0.247 (0.253) Remain 00:08:44 loss: 0.2537 Lr: 0.00240
[2026-07-21 10:50:58,923 INFO misc.py line 117 10873] Train: [59/100][29/50] Data 13.106 (0.507) Batch 13.348 (0.757) Remain 00:26:07 loss: 0.2186 Lr: 0.00240
[2026-07-21 10:50:59,157 INFO misc.py line 117 10873] Train: [59/100][30/50] Data 0.003 (0.488) Batch 0.233 (0.738) Remain 00:25:26 loss: 0.2724 Lr: 0.00240
[2026-07-21 10:51:04,753 INFO misc.py line 117 10873] Train: [59/100][31/50] Data 5.373 (0.663) Batch 5.598 (0.911) Remain 00:31:25 loss: 0.2642 Lr: 0.00240
[2026-07-21 10:51:05,001 INFO misc.py line 117 10873] Train: [59/100][32/50] Data 0.001 (0.640) Batch 0.248 (0.888) Remain 00:30:37 loss: 0.2859 Lr: 0.00239
[2026-07-21 10:51:05,243 INFO misc.py line 117 10873] Train: [59/100][33/50] Data 0.001 (0.619) Batch 0.242 (0.867) Remain 00:29:51 loss: 0.2677 Lr: 0.00239
[2026-07-21 10:51:05,448 INFO misc.py line 117 10873] Train: [59/100][34/50] Data 0.001 (0.599) Batch 0.205 (0.845) Remain 00:29:06 loss: 0.2236 Lr: 0.00239
[2026-07-21 10:51:05,667 INFO misc.py line 117 10873] Train: [59/100][35/50] Data 0.001 (0.580) Batch 0.219 (0.826) Remain 00:28:25 loss: 0.2021 Lr: 0.00239
[2026-07-21 10:51:05,902 INFO misc.py line 117 10873] Train: [59/100][36/50] Data 0.001 (0.562) Batch 0.235 (0.808) Remain 00:27:47 loss: 0.2498 Lr: 0.00239
[2026-07-21 10:51:06,116 INFO misc.py line 117 10873] Train: [59/100][37/50] Data 0.001 (0.546) Batch 0.214 (0.790) Remain 00:27:10 loss: 0.2319 Lr: 0.00238
[2026-07-21 10:51:06,360 INFO misc.py line 117 10873] Train: [59/100][38/50] Data 0.001 (0.530) Batch 0.244 (0.775) Remain 00:26:37 loss: 0.2579 Lr: 0.00238
[2026-07-21 10:51:06,600 INFO misc.py line 117 10873] Train: [59/100][39/50] Data 0.001 (0.516) Batch 0.240 (0.760) Remain 00:26:06 loss: 0.2629 Lr: 0.00238
[2026-07-21 10:51:06,836 INFO misc.py line 117 10873] Train: [59/100][40/50] Data 0.001 (0.502) Batch 0.236 (0.746) Remain 00:25:36 loss: 0.3262 Lr: 0.00238
[2026-07-21 10:51:07,076 INFO misc.py line 117 10873] Train: [59/100][41/50] Data 0.001 (0.489) Batch 0.241 (0.733) Remain 00:25:08 loss: 0.2635 Lr: 0.00238
[2026-07-21 10:51:07,301 INFO misc.py line 117 10873] Train: [59/100][42/50] Data 0.001 (0.476) Batch 0.224 (0.720) Remain 00:24:40 loss: 0.3727 Lr: 0.00237
[2026-07-21 10:51:07,526 INFO misc.py line 117 10873] Train: [59/100][43/50] Data 0.001 (0.464) Batch 0.225 (0.707) Remain 00:24:14 loss: 0.2308 Lr: 0.00237
[2026-07-21 10:51:07,793 INFO misc.py line 117 10873] Train: [59/100][44/50] Data 0.001 (0.453) Batch 0.267 (0.696) Remain 00:23:51 loss: 0.3881 Lr: 0.00237
[2026-07-21 10:51:08,019 INFO misc.py line 117 10873] Train: [59/100][45/50] Data 0.001 (0.442) Batch 0.226 (0.685) Remain 00:23:28 loss: 0.3453 Lr: 0.00237
[2026-07-21 10:51:08,240 INFO misc.py line 117 10873] Train: [59/100][46/50] Data 0.001 (0.432) Batch 0.221 (0.674) Remain 00:23:05 loss: 0.2482 Lr: 0.00237
[2026-07-21 10:51:08,487 INFO misc.py line 117 10873] Train: [59/100][47/50] Data 0.001 (0.422) Batch 0.248 (0.665) Remain 00:22:44 loss: 0.3636 Lr: 0.00236
[2026-07-21 10:51:08,736 INFO misc.py line 117 10873] Train: [59/100][48/50] Data 0.001 (0.413) Batch 0.249 (0.655) Remain 00:22:25 loss: 0.3416 Lr: 0.00236
[2026-07-21 10:51:08,977 INFO misc.py line 117 10873] Train: [59/100][49/50] Data 0.001 (0.404) Batch 0.241 (0.646) Remain 00:22:05 loss: 0.2515 Lr: 0.00236
[2026-07-21 10:51:09,202 INFO misc.py line 117 10873] Train: [59/100][50/50] Data 0.001 (0.395) Batch 0.225 (0.637) Remain 00:21:46 loss: 0.2425 Lr: 0.00236
[2026-07-21 10:51:09,203 INFO misc.py line 147 10873] Train result: loss: 0.2826 
[2026-07-21 10:51:09,203 INFO evaluator.py line 169 10873] >>>>>>>>>>>>>>>> Start Evaluation (Segmentation) >>>>>>>>>>>>>>>>
[2026-07-21 10:51:17,695 INFO evaluator.py line 228 10873] Test: [1/1] Loss 0.4777 
[2026-07-21 10:51:17,954 INFO evaluator.py line 257 10873] Val result: mIoU/macroF1/mAcc/mPrecision/allAcc 0.7316/0.8281/0.8235/0.8396/0.9517.
[2026-07-21 10:51:17,954 INFO evaluator.py line 266 10873] Class_0-road Metrics: IoU=0.9555, accuracy=0.9770, precision=0.9775, F1=0.9772
[2026-07-21 10:51:17,954 INFO evaluator.py line 266 10873] Class_1-road_marking Metrics: IoU=0.5294, accuracy=0.6361, precision=0.7594, F1=0.6923
[2026-07-21 10:51:17,954 INFO evaluator.py line 266 10873] Class_2-natural Metrics: IoU=0.9284, accuracy=0.9438, precision=0.9827, F1=0.9629
[2026-07-21 10:51:17,955 INFO evaluator.py line 266 10873] Class_3-building Metrics: IoU=0.8839, accuracy=0.9645, precision=0.9136, F1=0.9384
[2026-07-21 10:51:17,955 INFO evaluator.py line 266 10873] Class_4-utility_line Metrics: IoU=0.7160, accuracy=0.8550, precision=0.8150, F1=0.8345
[2026-07-21 10:51:17,955 INFO evaluator.py line 266 10873] Class_5-pole Metrics: IoU=0.7625, accuracy=0.8259, precision=0.9086, F1=0.8653
[2026-07-21 10:51:17,955 INFO evaluator.py line 266 10873] Class_6-car Metrics: IoU=0.7427, accuracy=0.9470, precision=0.7749, F1=0.8524
[2026-07-21 10:51:17,955 INFO evaluator.py line 266 10873] Class_7-fence Metrics: IoU=0.3347, accuracy=0.4390, precision=0.5847, F1=0.5015
[2026-07-21 10:51:17,955 INFO evaluator.py line 321 10873] <<<<<<<<<<<<<<<<< End Evaluation <<<<<<<<<<<<<<<<<
[2026-07-21 10:51:17,956 INFO misc.py line 187 10873] Currently Best mIoU: 0.7601
[2026-07-21 10:51:17,956 INFO misc.py line 196 10873] Saving checkpoint to: exp/toronto3d/spunet-toronto3d/model/model_last.pth
[2026-07-21 10:51:48,093 INFO misc.py line 117 10873] Train: [60/100][1/50] Data 29.633 (29.633) Batch 29.869 (29.869) Remain 17:00:02 loss: 0.1888 Lr: 0.00236
[2026-07-21 10:51:48,370 INFO misc.py line 117 10873] Train: [60/100][2/50] Data 0.006 (0.006) Batch 0.277 (0.277) Remain 00:09:27 loss: 0.2959 Lr: 0.00235
[2026-07-21 10:51:48,610 INFO misc.py line 117 10873] Train: [60/100][3/50] Data 0.002 (0.002) Batch 0.240 (0.240) Remain 00:08:10 loss: 0.2041 Lr: 0.00235
[2026-07-21 10:51:48,861 INFO misc.py line 117 10873] Train: [60/100][4/50] Data 0.002 (0.002) Batch 0.251 (0.251) Remain 00:08:33 loss: 0.2137 Lr: 0.00235
[2026-07-21 10:51:49,103 INFO misc.py line 117 10873] Train: [60/100][5/50] Data 0.003 (0.002) Batch 0.243 (0.247) Remain 00:08:24 loss: 0.2048 Lr: 0.00235
[2026-07-21 10:51:49,330 INFO misc.py line 117 10873] Train: [60/100][6/50] Data 0.002 (0.002) Batch 0.226 (0.240) Remain 00:08:10 loss: 0.1917 Lr: 0.00235
[2026-07-21 10:51:49,567 INFO misc.py line 117 10873] Train: [60/100][7/50] Data 0.003 (0.002) Batch 0.237 (0.239) Remain 00:08:08 loss: 0.3212 Lr: 0.00234
[2026-07-21 10:51:49,824 INFO misc.py line 117 10873] Train: [60/100][8/50] Data 0.002 (0.002) Batch 0.258 (0.243) Remain 00:08:16 loss: 0.2662 Lr: 0.00234
[2026-07-21 10:51:50,063 INFO misc.py line 117 10873] Train: [60/100][9/50] Data 0.003 (0.002) Batch 0.238 (0.242) Remain 00:08:14 loss: 0.2185 Lr: 0.00234
[2026-07-21 10:51:50,308 INFO misc.py line 117 10873] Train: [60/100][10/50] Data 0.004 (0.003) Batch 0.246 (0.243) Remain 00:08:14 loss: 0.2465 Lr: 0.00234
[2026-07-21 10:51:50,617 INFO misc.py line 117 10873] Train: [60/100][11/50] Data 0.003 (0.003) Batch 0.309 (0.251) Remain 00:08:31 loss: 0.2398 Lr: 0.00234
[2026-07-21 10:51:50,896 INFO misc.py line 117 10873] Train: [60/100][12/50] Data 0.003 (0.003) Batch 0.277 (0.254) Remain 00:08:37 loss: 0.3077 Lr: 0.00234
[2026-07-21 10:51:51,158 INFO misc.py line 117 10873] Train: [60/100][13/50] Data 0.005 (0.003) Batch 0.263 (0.255) Remain 00:08:39 loss: 0.2626 Lr: 0.00233
[2026-07-21 10:51:52,444 INFO misc.py line 117 10873] Train: [60/100][14/50] Data 1.021 (0.095) Batch 1.286 (0.349) Remain 00:11:49 loss: 0.2477 Lr: 0.00233
[2026-07-21 10:51:52,699 INFO misc.py line 117 10873] Train: [60/100][15/50] Data 0.003 (0.088) Batch 0.255 (0.341) Remain 00:11:33 loss: 0.2869 Lr: 0.00233
[2026-07-21 10:51:52,989 INFO misc.py line 117 10873] Train: [60/100][16/50] Data 0.002 (0.081) Batch 0.289 (0.337) Remain 00:11:25 loss: 0.2445 Lr: 0.00233
[2026-07-21 10:51:53,248 INFO misc.py line 117 10873] Train: [60/100][17/50] Data 0.003 (0.076) Batch 0.259 (0.331) Remain 00:11:13 loss: 0.2278 Lr: 0.00233
[2026-07-21 10:51:53,546 INFO misc.py line 117 10873] Train: [60/100][18/50] Data 0.013 (0.071) Batch 0.299 (0.329) Remain 00:11:08 loss: 0.2276 Lr: 0.00232
[2026-07-21 10:51:53,879 INFO misc.py line 117 10873] Train: [60/100][19/50] Data 0.003 (0.067) Batch 0.333 (0.329) Remain 00:11:08 loss: 0.3735 Lr: 0.00232
[2026-07-21 10:51:54,154 INFO misc.py line 117 10873] Train: [60/100][20/50] Data 0.003 (0.063) Batch 0.275 (0.326) Remain 00:11:01 loss: 0.2450 Lr: 0.00232
[2026-07-21 10:51:54,404 INFO misc.py line 117 10873] Train: [60/100][21/50] Data 0.002 (0.060) Batch 0.251 (0.322) Remain 00:10:53 loss: 0.3131 Lr: 0.00232
[2026-07-21 10:51:54,634 INFO misc.py line 117 10873] Train: [60/100][22/50] Data 0.003 (0.057) Batch 0.230 (0.317) Remain 00:10:42 loss: 0.2540 Lr: 0.00232
[2026-07-21 10:51:54,865 INFO misc.py line 117 10873] Train: [60/100][23/50] Data 0.002 (0.054) Batch 0.232 (0.313) Remain 00:10:34 loss: 0.3163 Lr: 0.00231
[2026-07-21 10:51:55,110 INFO misc.py line 117 10873] Train: [60/100][24/50] Data 0.002 (0.052) Batch 0.243 (0.309) Remain 00:10:27 loss: 0.1945 Lr: 0.00231
[2026-07-21 10:51:55,364 INFO misc.py line 117 10873] Train: [60/100][25/50] Data 0.004 (0.050) Batch 0.255 (0.307) Remain 00:10:21 loss: 0.2780 Lr: 0.00231
[2026-07-21 10:51:55,602 INFO misc.py line 117 10873] Train: [60/100][26/50] Data 0.002 (0.047) Batch 0.239 (0.304) Remain 00:10:15 loss: 0.2482 Lr: 0.00231
[2026-07-21 10:51:55,851 INFO misc.py line 117 10873] Train: [60/100][27/50] Data 0.002 (0.046) Batch 0.248 (0.302) Remain 00:10:10 loss: 0.3141 Lr: 0.00231
[2026-07-21 10:51:56,110 INFO misc.py line 117 10873] Train: [60/100][28/50] Data 0.003 (0.044) Batch 0.258 (0.300) Remain 00:10:06 loss: 0.3206 Lr: 0.00230
[2026-07-21 10:52:12,275 INFO misc.py line 117 10873] Train: [60/100][29/50] Data 15.916 (0.654) Batch 16.166 (0.910) Remain 00:30:39 loss: 0.3369 Lr: 0.00230
[2026-07-21 10:52:12,504 INFO misc.py line 117 10873] Train: [60/100][30/50] Data 0.002 (0.630) Batch 0.229 (0.885) Remain 00:29:47 loss: 0.2627 Lr: 0.00230
[2026-07-21 10:52:12,848 INFO misc.py line 117 10873] Train: [60/100][31/50] Data 0.109 (0.612) Batch 0.344 (0.866) Remain 00:29:07 loss: 0.2419 Lr: 0.00230
[2026-07-21 10:52:13,094 INFO misc.py line 117 10873] Train: [60/100][32/50] Data 0.002 (0.591) Batch 0.246 (0.844) Remain 00:28:23 loss: 0.2425 Lr: 0.00230
[2026-07-21 10:52:13,314 INFO misc.py line 117 10873] Train: [60/100][33/50] Data 0.001 (0.571) Batch 0.220 (0.823) Remain 00:27:40 loss: 0.2603 Lr: 0.00229
[2026-07-21 10:52:13,529 INFO misc.py line 117 10873] Train: [60/100][34/50] Data 0.001 (0.553) Batch 0.215 (0.804) Remain 00:27:00 loss: 0.2849 Lr: 0.00229
[2026-07-21 10:52:13,765 INFO misc.py line 117 10873] Train: [60/100][35/50] Data 0.001 (0.535) Batch 0.236 (0.786) Remain 00:26:24 loss: 0.2753 Lr: 0.00229
[2026-07-21 10:52:13,995 INFO misc.py line 117 10873] Train: [60/100][36/50] Data 0.001 (0.519) Batch 0.230 (0.769) Remain 00:25:49 loss: 0.2901 Lr: 0.00229
[2026-07-21 10:52:14,226 INFO misc.py line 117 10873] Train: [60/100][37/50] Data 0.001 (0.504) Batch 0.230 (0.753) Remain 00:25:16 loss: 0.2074 Lr: 0.00229
[2026-07-21 10:52:14,447 INFO misc.py line 117 10873] Train: [60/100][38/50] Data 0.001 (0.490) Batch 0.221 (0.738) Remain 00:24:45 loss: 0.2545 Lr: 0.00229
[2026-07-21 10:52:14,667 INFO misc.py line 117 10873] Train: [60/100][39/50] Data 0.002 (0.476) Batch 0.220 (0.724) Remain 00:24:15 loss: 0.2168 Lr: 0.00228
[2026-07-21 10:52:14,894 INFO misc.py line 117 10873] Train: [60/100][40/50] Data 0.001 (0.463) Batch 0.228 (0.710) Remain 00:23:47 loss: 0.2008 Lr: 0.00228
[2026-07-21 10:52:15,126 INFO misc.py line 117 10873] Train: [60/100][41/50] Data 0.001 (0.451) Batch 0.231 (0.698) Remain 00:23:21 loss: 0.1955 Lr: 0.00228
[2026-07-21 10:52:15,345 INFO misc.py line 117 10873] Train: [60/100][42/50] Data 0.001 (0.439) Batch 0.219 (0.686) Remain 00:22:56 loss: 0.2344 Lr: 0.00228
[2026-07-21 10:52:15,581 INFO misc.py line 117 10873] Train: [60/100][43/50] Data 0.001 (0.428) Batch 0.236 (0.674) Remain 00:22:33 loss: 0.2831 Lr: 0.00228
[2026-07-21 10:52:15,819 INFO misc.py line 117 10873] Train: [60/100][44/50] Data 0.001 (0.418) Batch 0.238 (0.664) Remain 00:22:11 loss: 0.2309 Lr: 0.00227
[2026-07-21 10:52:16,038 INFO misc.py line 117 10873] Train: [60/100][45/50] Data 0.001 (0.408) Batch 0.219 (0.653) Remain 00:21:49 loss: 0.2065 Lr: 0.00227
[2026-07-21 10:52:16,277 INFO misc.py line 117 10873] Train: [60/100][46/50] Data 0.001 (0.399) Batch 0.239 (0.643) Remain 00:21:29 loss: 0.3420 Lr: 0.00227
[2026-07-21 10:52:16,520 INFO misc.py line 117 10873] Train: [60/100][47/50] Data 0.001 (0.390) Batch 0.243 (0.634) Remain 00:21:10 loss: 0.2154 Lr: 0.00227
[2026-07-21 10:52:16,775 INFO misc.py line 117 10873] Train: [60/100][48/50] Data 0.001 (0.381) Batch 0.255 (0.626) Remain 00:20:53 loss: 0.2908 Lr: 0.00227
[2026-07-21 10:52:16,990 INFO misc.py line 117 10873] Train: [60/100][49/50] Data 0.001 (0.373) Batch 0.216 (0.617) Remain 00:20:34 loss: 0.1489 Lr: 0.00226
[2026-07-21 10:52:17,218 INFO misc.py line 117 10873] Train: [60/100][50/50] Data 0.001 (0.365) Batch 0.228 (0.609) Remain 00:20:17 loss: 0.2633 Lr: 0.00226
[2026-07-21 10:52:17,218 INFO misc.py line 147 10873] Train result: loss: 0.2548 
[2026-07-21 10:52:17,219 INFO evaluator.py line 169 10873] >>>>>>>>>>>>>>>> Start Evaluation (Segmentation) >>>>>>>>>>>>>>>>
[2026-07-21 10:52:25,662 INFO evaluator.py line 228 10873] Test: [1/1] Loss 0.4100 
[2026-07-21 10:52:25,919 INFO evaluator.py line 257 10873] Val result: mIoU/macroF1/mAcc/mPrecision/allAcc 0.7569/0.8418/0.8255/0.8642/0.9626.
[2026-07-21 10:52:25,920 INFO evaluator.py line 266 10873] Class_0-road Metrics: IoU=0.9582, accuracy=0.9809, precision=0.9764, F1=0.9786
[2026-07-21 10:52:25,920 INFO evaluator.py line 266 10873] Class_1-road_marking Metrics: IoU=0.5381, accuracy=0.6370, precision=0.7762, F1=0.6997
[2026-07-21 10:52:25,920 INFO evaluator.py line 266 10873] Class_2-natural Metrics: IoU=0.9575, accuracy=0.9817, precision=0.9749, F1=0.9783
[2026-07-21 10:52:25,920 INFO evaluator.py line 266 10873] Class_3-building Metrics: IoU=0.8952, accuracy=0.9523, precision=0.9373, F1=0.9447
[2026-07-21 10:52:25,920 INFO evaluator.py line 266 10873] Class_4-utility_line Metrics: IoU=0.8083, accuracy=0.8424, precision=0.9523, F1=0.8940
[2026-07-21 10:52:25,920 INFO evaluator.py line 266 10873] Class_5-pole Metrics: IoU=0.7214, accuracy=0.7623, precision=0.9307, F1=0.8381
[2026-07-21 10:52:25,920 INFO evaluator.py line 266 10873] Class_6-car Metrics: IoU=0.8684, accuracy=0.9188, precision=0.9405, F1=0.9295
[2026-07-21 10:52:25,920 INFO evaluator.py line 266 10873] Class_7-fence Metrics: IoU=0.3082, accuracy=0.5286, precision=0.4251, F1=0.4712
[2026-07-21 10:52:25,920 INFO evaluator.py line 321 10873] <<<<<<<<<<<<<<<<< End Evaluation <<<<<<<<<<<<<<<<<
[2026-07-21 10:52:25,921 INFO misc.py line 187 10873] Currently Best mIoU: 0.7601
[2026-07-21 10:52:25,921 INFO misc.py line 196 10873] Saving checkpoint to: exp/toronto3d/spunet-toronto3d/model/model_last.pth
[2026-07-21 10:52:51,638 INFO misc.py line 117 10873] Train: [61/100][1/50] Data 25.205 (25.205) Batch 25.448 (25.448) Remain 14:07:50 loss: 0.2826 Lr: 0.00226
[2026-07-21 10:52:59,360 INFO misc.py line 117 10873] Train: [61/100][2/50] Data 7.490 (7.490) Batch 7.724 (7.724) Remain 04:17:11 loss: 0.2232 Lr: 0.00226
[2026-07-21 10:52:59,645 INFO misc.py line 117 10873] Train: [61/100][3/50] Data 0.002 (0.002) Batch 0.284 (0.284) Remain 00:09:27 loss: 0.3820 Lr: 0.00226
[2026-07-21 10:52:59,900 INFO misc.py line 117 10873] Train: [61/100][4/50] Data 0.004 (0.004) Batch 0.255 (0.255) Remain 00:08:29 loss: 0.1997 Lr: 0.00225
[2026-07-21 10:53:00,158 INFO misc.py line 117 10873] Train: [61/100][5/50] Data 0.003 (0.004) Batch 0.258 (0.257) Remain 00:08:31 loss: 0.2682 Lr: 0.00225
[2026-07-21 10:53:00,400 INFO misc.py line 117 10873] Train: [61/100][6/50] Data 0.002 (0.003) Batch 0.242 (0.252) Remain 00:08:22 loss: 0.2678 Lr: 0.00225
[2026-07-21 10:53:00,666 INFO misc.py line 117 10873] Train: [61/100][7/50] Data 0.002 (0.003) Batch 0.265 (0.255) Remain 00:08:28 loss: 0.2334 Lr: 0.00225
[2026-07-21 10:53:00,894 INFO misc.py line 117 10873] Train: [61/100][8/50] Data 0.003 (0.003) Batch 0.229 (0.250) Remain 00:08:17 loss: 0.1919 Lr: 0.00225
[2026-07-21 10:53:01,161 INFO misc.py line 117 10873] Train: [61/100][9/50] Data 0.002 (0.003) Batch 0.266 (0.253) Remain 00:08:22 loss: 0.2142 Lr: 0.00224
[2026-07-21 10:53:01,405 INFO misc.py line 117 10873] Train: [61/100][10/50] Data 0.003 (0.003) Batch 0.244 (0.251) Remain 00:08:20 loss: 0.2280 Lr: 0.00224
[2026-07-21 10:53:01,656 INFO misc.py line 117 10873] Train: [61/100][11/50] Data 0.002 (0.003) Batch 0.251 (0.251) Remain 00:08:19 loss: 0.2864 Lr: 0.00224
[2026-07-21 10:53:01,896 INFO misc.py line 117 10873] Train: [61/100][12/50] Data 0.003 (0.003) Batch 0.240 (0.250) Remain 00:08:17 loss: 0.2376 Lr: 0.00224
[2026-07-21 10:53:02,147 INFO misc.py line 117 10873] Train: [61/100][13/50] Data 0.002 (0.003) Batch 0.251 (0.250) Remain 00:08:17 loss: 0.3046 Lr: 0.00224
[2026-07-21 10:53:02,380 INFO misc.py line 117 10873] Train: [61/100][14/50] Data 0.003 (0.003) Batch 0.233 (0.249) Remain 00:08:13 loss: 0.1780 Lr: 0.00224
[2026-07-21 10:53:02,630 INFO misc.py line 117 10873] Train: [61/100][15/50] Data 0.003 (0.003) Batch 0.250 (0.249) Remain 00:08:13 loss: 0.2123 Lr: 0.00223
[2026-07-21 10:53:02,875 INFO misc.py line 117 10873] Train: [61/100][16/50] Data 0.003 (0.003) Batch 0.246 (0.248) Remain 00:08:13 loss: 0.3981 Lr: 0.00223
[2026-07-21 10:53:03,145 INFO misc.py line 117 10873] Train: [61/100][17/50] Data 0.002 (0.003) Batch 0.268 (0.250) Remain 00:08:15 loss: 0.2661 Lr: 0.00223
[2026-07-21 10:53:03,442 INFO misc.py line 117 10873] Train: [61/100][18/50] Data 0.005 (0.003) Batch 0.299 (0.253) Remain 00:08:21 loss: 0.2159 Lr: 0.00223
[2026-07-21 10:53:03,690 INFO misc.py line 117 10873] Train: [61/100][19/50] Data 0.018 (0.004) Batch 0.247 (0.253) Remain 00:08:20 loss: 0.2100 Lr: 0.00223
[2026-07-21 10:53:03,937 INFO misc.py line 117 10873] Train: [61/100][20/50] Data 0.004 (0.004) Batch 0.248 (0.252) Remain 00:08:19 loss: 0.2364 Lr: 0.00222
[2026-07-21 10:53:04,178 INFO misc.py line 117 10873] Train: [61/100][21/50] Data 0.002 (0.004) Batch 0.242 (0.252) Remain 00:08:18 loss: 0.1900 Lr: 0.00222
[2026-07-21 10:53:04,431 INFO misc.py line 117 10873] Train: [61/100][22/50] Data 0.002 (0.004) Batch 0.252 (0.252) Remain 00:08:18 loss: 0.2039 Lr: 0.00222
[2026-07-21 10:53:04,656 INFO misc.py line 117 10873] Train: [61/100][23/50] Data 0.003 (0.004) Batch 0.226 (0.251) Remain 00:08:15 loss: 0.2395 Lr: 0.00222
[2026-07-21 10:53:04,887 INFO misc.py line 117 10873] Train: [61/100][24/50] Data 0.003 (0.004) Batch 0.231 (0.250) Remain 00:08:13 loss: 0.2346 Lr: 0.00222
[2026-07-21 10:53:05,121 INFO misc.py line 117 10873] Train: [61/100][25/50] Data 0.002 (0.003) Batch 0.234 (0.249) Remain 00:08:11 loss: 0.2324 Lr: 0.00221
[2026-07-21 10:53:05,360 INFO misc.py line 117 10873] Train: [61/100][26/50] Data 0.002 (0.003) Batch 0.239 (0.249) Remain 00:08:10 loss: 0.3215 Lr: 0.00221
[2026-07-21 10:53:05,602 INFO misc.py line 117 10873] Train: [61/100][27/50] Data 0.004 (0.003) Batch 0.242 (0.248) Remain 00:08:09 loss: 0.2385 Lr: 0.00221
[2026-07-21 10:53:05,837 INFO misc.py line 117 10873] Train: [61/100][28/50] Data 0.002 (0.003) Batch 0.234 (0.248) Remain 00:08:08 loss: 0.2553 Lr: 0.00221
[2026-07-21 10:53:17,071 INFO misc.py line 117 10873] Train: [61/100][29/50] Data 11.001 (0.426) Batch 11.234 (0.670) Remain 00:22:01 loss: 0.2288 Lr: 0.00221
[2026-07-21 10:53:22,780 INFO misc.py line 117 10873] Train: [61/100][30/50] Data 5.481 (0.614) Batch 5.710 (0.857) Remain 00:28:08 loss: 0.2499 Lr: 0.00220
[2026-07-21 10:53:22,997 INFO misc.py line 117 10873] Train: [61/100][31/50] Data 0.002 (0.592) Batch 0.217 (0.834) Remain 00:27:22 loss: 0.1901 Lr: 0.00220
[2026-07-21 10:53:23,229 INFO misc.py line 117 10873] Train: [61/100][32/50] Data 0.001 (0.571) Batch 0.233 (0.813) Remain 00:26:40 loss: 0.2098 Lr: 0.00220
[2026-07-21 10:53:23,475 INFO misc.py line 117 10873] Train: [61/100][33/50] Data 0.001 (0.552) Batch 0.246 (0.794) Remain 00:26:02 loss: 0.2479 Lr: 0.00220
[2026-07-21 10:53:23,700 INFO misc.py line 117 10873] Train: [61/100][34/50] Data 0.001 (0.535) Batch 0.225 (0.776) Remain 00:25:25 loss: 0.2691 Lr: 0.00220
[2026-07-21 10:53:23,956 INFO misc.py line 117 10873] Train: [61/100][35/50] Data 0.015 (0.518) Batch 0.255 (0.760) Remain 00:24:52 loss: 0.2491 Lr: 0.00219
[2026-07-21 10:53:24,179 INFO misc.py line 117 10873] Train: [61/100][36/50] Data 0.001 (0.503) Batch 0.224 (0.743) Remain 00:24:20 loss: 0.2402 Lr: 0.00219
[2026-07-21 10:53:24,414 INFO misc.py line 117 10873] Train: [61/100][37/50] Data 0.001 (0.488) Batch 0.235 (0.729) Remain 00:23:50 loss: 0.1754 Lr: 0.00219
[2026-07-21 10:53:24,661 INFO misc.py line 117 10873] Train: [61/100][38/50] Data 0.001 (0.474) Batch 0.247 (0.715) Remain 00:23:22 loss: 0.2135 Lr: 0.00219
[2026-07-21 10:53:24,880 INFO misc.py line 117 10873] Train: [61/100][39/50] Data 0.001 (0.461) Batch 0.219 (0.701) Remain 00:22:54 loss: 0.2201 Lr: 0.00219
[2026-07-21 10:53:25,116 INFO misc.py line 117 10873] Train: [61/100][40/50] Data 0.001 (0.448) Batch 0.236 (0.688) Remain 00:22:29 loss: 0.2907 Lr: 0.00219
[2026-07-21 10:53:25,360 INFO misc.py line 117 10873] Train: [61/100][41/50] Data 0.001 (0.437) Batch 0.244 (0.677) Remain 00:22:05 loss: 0.2292 Lr: 0.00218
[2026-07-21 10:53:25,578 INFO misc.py line 117 10873] Train: [61/100][42/50] Data 0.001 (0.426) Batch 0.218 (0.665) Remain 00:21:41 loss: 0.2180 Lr: 0.00218
[2026-07-21 10:53:25,822 INFO misc.py line 117 10873] Train: [61/100][43/50] Data 0.001 (0.415) Batch 0.244 (0.654) Remain 00:21:20 loss: 0.2381 Lr: 0.00218
[2026-07-21 10:53:26,066 INFO misc.py line 117 10873] Train: [61/100][44/50] Data 0.001 (0.405) Batch 0.244 (0.644) Remain 00:21:00 loss: 0.2748 Lr: 0.00218
[2026-07-21 10:53:26,289 INFO misc.py line 117 10873] Train: [61/100][45/50] Data 0.001 (0.395) Batch 0.222 (0.634) Remain 00:20:40 loss: 0.2687 Lr: 0.00218
[2026-07-21 10:53:26,506 INFO misc.py line 117 10873] Train: [61/100][46/50] Data 0.001 (0.386) Batch 0.217 (0.625) Remain 00:20:20 loss: 0.1949 Lr: 0.00217
[2026-07-21 10:53:26,751 INFO misc.py line 117 10873] Train: [61/100][47/50] Data 0.001 (0.377) Batch 0.245 (0.616) Remain 00:20:03 loss: 0.3162 Lr: 0.00217
[2026-07-21 10:53:26,987 INFO misc.py line 117 10873] Train: [61/100][48/50] Data 0.001 (0.369) Batch 0.236 (0.608) Remain 00:19:46 loss: 0.3342 Lr: 0.00217
[2026-07-21 10:53:27,209 INFO misc.py line 117 10873] Train: [61/100][49/50] Data 0.001 (0.361) Batch 0.222 (0.599) Remain 00:19:29 loss: 0.2048 Lr: 0.00217
[2026-07-21 10:53:27,452 INFO misc.py line 117 10873] Train: [61/100][50/50] Data 0.001 (0.353) Batch 0.243 (0.592) Remain 00:19:13 loss: 0.2526 Lr: 0.00217
[2026-07-21 10:53:27,452 INFO misc.py line 147 10873] Train result: loss: 0.2454 
[2026-07-21 10:53:27,453 INFO evaluator.py line 169 10873] >>>>>>>>>>>>>>>> Start Evaluation (Segmentation) >>>>>>>>>>>>>>>>
[2026-07-21 10:53:35,984 INFO evaluator.py line 228 10873] Test: [1/1] Loss 0.4234 
[2026-07-21 10:53:36,259 INFO evaluator.py line 257 10873] Val result: mIoU/macroF1/mAcc/mPrecision/allAcc 0.7488/0.8375/0.8032/0.8820/0.9623.
[2026-07-21 10:53:36,260 INFO evaluator.py line 266 10873] Class_0-road Metrics: IoU=0.9566, accuracy=0.9811, precision=0.9746, F1=0.9778
[2026-07-21 10:53:36,260 INFO evaluator.py line 266 10873] Class_1-road_marking Metrics: IoU=0.4695, accuracy=0.5618, precision=0.7407, F1=0.6390
[2026-07-21 10:53:36,260 INFO evaluator.py line 266 10873] Class_2-natural Metrics: IoU=0.9611, accuracy=0.9784, precision=0.9819, F1=0.9802
[2026-07-21 10:53:36,260 INFO evaluator.py line 266 10873] Class_3-building Metrics: IoU=0.8852, accuracy=0.9669, precision=0.9128, F1=0.9391
[2026-07-21 10:53:36,260 INFO evaluator.py line 266 10873] Class_4-utility_line Metrics: IoU=0.7557, accuracy=0.7746, precision=0.9687, F1=0.8609
[2026-07-21 10:53:36,260 INFO evaluator.py line 266 10873] Class_5-pole Metrics: IoU=0.7109, accuracy=0.7465, precision=0.9371, F1=0.8310
[2026-07-21 10:53:36,260 INFO evaluator.py line 266 10873] Class_6-car Metrics: IoU=0.8919, accuracy=0.9390, precision=0.9468, F1=0.9429
[2026-07-21 10:53:36,260 INFO evaluator.py line 266 10873] Class_7-fence Metrics: IoU=0.3597, accuracy=0.4776, precision=0.5930, F1=0.5291
[2026-07-21 10:53:36,260 INFO evaluator.py line 321 10873] <<<<<<<<<<<<<<<<< End Evaluation <<<<<<<<<<<<<<<<<
[2026-07-21 10:53:36,261 INFO misc.py line 187 10873] Currently Best mIoU: 0.7601
[2026-07-21 10:53:36,261 INFO misc.py line 196 10873] Saving checkpoint to: exp/toronto3d/spunet-toronto3d/model/model_last.pth
[2026-07-21 10:54:05,143 INFO misc.py line 117 10873] Train: [62/100][1/50] Data 28.362 (28.362) Batch 28.619 (28.619) Remain 15:29:38 loss: 0.2516 Lr: 0.00216
[2026-07-21 10:54:05,438 INFO misc.py line 117 10873] Train: [62/100][2/50] Data 0.002 (0.002) Batch 0.295 (0.295) Remain 00:09:34 loss: 0.3099 Lr: 0.00216
[2026-07-21 10:54:05,704 INFO misc.py line 117 10873] Train: [62/100][3/50] Data 0.003 (0.003) Batch 0.266 (0.266) Remain 00:08:37 loss: 0.3558 Lr: 0.00216
[2026-07-21 10:54:05,959 INFO misc.py line 117 10873] Train: [62/100][4/50] Data 0.003 (0.003) Batch 0.254 (0.254) Remain 00:08:15 loss: 0.2562 Lr: 0.00216
[2026-07-21 10:54:06,198 INFO misc.py line 117 10873] Train: [62/100][5/50] Data 0.003 (0.003) Batch 0.240 (0.247) Remain 00:08:00 loss: 0.2462 Lr: 0.00216
[2026-07-21 10:54:06,462 INFO misc.py line 117 10873] Train: [62/100][6/50] Data 0.003 (0.003) Batch 0.264 (0.253) Remain 00:08:11 loss: 0.2710 Lr: 0.00215
[2026-07-21 10:54:06,715 INFO misc.py line 117 10873] Train: [62/100][7/50] Data 0.002 (0.003) Batch 0.253 (0.253) Remain 00:08:11 loss: 0.2760 Lr: 0.00215
[2026-07-21 10:54:06,962 INFO misc.py line 117 10873] Train: [62/100][8/50] Data 0.002 (0.003) Batch 0.247 (0.252) Remain 00:08:08 loss: 0.2818 Lr: 0.00215
[2026-07-21 10:54:10,318 INFO misc.py line 117 10873] Train: [62/100][9/50] Data 3.060 (0.512) Batch 3.356 (0.769) Remain 00:24:52 loss: 0.1612 Lr: 0.00215
[2026-07-21 10:54:10,634 INFO misc.py line 117 10873] Train: [62/100][10/50] Data 0.013 (0.441) Batch 0.317 (0.704) Remain 00:22:46 loss: 0.2934 Lr: 0.00215
[2026-07-21 10:54:10,877 INFO misc.py line 117 10873] Train: [62/100][11/50] Data 0.003 (0.386) Batch 0.242 (0.647) Remain 00:20:53 loss: 0.2259 Lr: 0.00215
[2026-07-21 10:54:11,162 INFO misc.py line 117 10873] Train: [62/100][12/50] Data 0.013 (0.345) Batch 0.285 (0.606) Remain 00:19:35 loss: 0.3029 Lr: 0.00214
[2026-07-21 10:54:11,418 INFO misc.py line 117 10873] Train: [62/100][13/50] Data 0.003 (0.310) Batch 0.256 (0.571) Remain 00:18:26 loss: 0.2050 Lr: 0.00214
[2026-07-21 10:54:11,675 INFO misc.py line 117 10873] Train: [62/100][14/50] Data 0.003 (0.283) Batch 0.258 (0.543) Remain 00:17:30 loss: 0.2388 Lr: 0.00214
[2026-07-21 10:54:11,932 INFO misc.py line 117 10873] Train: [62/100][15/50] Data 0.003 (0.259) Batch 0.256 (0.519) Remain 00:16:44 loss: 0.1814 Lr: 0.00214
[2026-07-21 10:54:12,160 INFO misc.py line 117 10873] Train: [62/100][16/50] Data 0.003 (0.240) Batch 0.227 (0.497) Remain 00:16:00 loss: 0.2138 Lr: 0.00214
[2026-07-21 10:54:12,391 INFO misc.py line 117 10873] Train: [62/100][17/50] Data 0.003 (0.223) Batch 0.231 (0.478) Remain 00:15:23 loss: 0.2137 Lr: 0.00213
[2026-07-21 10:54:12,669 INFO misc.py line 117 10873] Train: [62/100][18/50] Data 0.004 (0.208) Batch 0.280 (0.464) Remain 00:14:57 loss: 0.3518 Lr: 0.00213
[2026-07-21 10:54:12,917 INFO misc.py line 117 10873] Train: [62/100][19/50] Data 0.002 (0.195) Batch 0.247 (0.451) Remain 00:14:30 loss: 0.2081 Lr: 0.00213
[2026-07-21 10:54:13,184 INFO misc.py line 117 10873] Train: [62/100][20/50] Data 0.005 (0.184) Batch 0.266 (0.440) Remain 00:14:09 loss: 0.3822 Lr: 0.00213
[2026-07-21 10:54:13,426 INFO misc.py line 117 10873] Train: [62/100][21/50] Data 0.004 (0.174) Batch 0.243 (0.429) Remain 00:13:47 loss: 0.2289 Lr: 0.00213
[2026-07-21 10:54:13,697 INFO misc.py line 117 10873] Train: [62/100][22/50] Data 0.003 (0.165) Batch 0.271 (0.421) Remain 00:13:31 loss: 0.2473 Lr: 0.00212
[2026-07-21 10:54:13,973 INFO misc.py line 117 10873] Train: [62/100][23/50] Data 0.013 (0.157) Batch 0.275 (0.413) Remain 00:13:16 loss: 0.2168 Lr: 0.00212
[2026-07-21 10:54:14,224 INFO misc.py line 117 10873] Train: [62/100][24/50] Data 0.005 (0.150) Batch 0.252 (0.406) Remain 00:13:01 loss: 0.1972 Lr: 0.00212
[2026-07-21 10:54:14,492 INFO misc.py line 117 10873] Train: [62/100][25/50] Data 0.003 (0.143) Batch 0.268 (0.399) Remain 00:12:48 loss: 0.2224 Lr: 0.00212
[2026-07-21 10:54:14,813 INFO misc.py line 117 10873] Train: [62/100][26/50] Data 0.004 (0.137) Batch 0.321 (0.396) Remain 00:12:41 loss: 0.2283 Lr: 0.00212
[2026-07-21 10:54:15,042 INFO misc.py line 117 10873] Train: [62/100][27/50] Data 0.006 (0.132) Batch 0.228 (0.389) Remain 00:12:28 loss: 0.2049 Lr: 0.00211
[2026-07-21 10:54:15,285 INFO misc.py line 117 10873] Train: [62/100][28/50] Data 0.004 (0.127) Batch 0.244 (0.383) Remain 00:12:16 loss: 0.2518 Lr: 0.00211
[2026-07-21 10:54:30,753 INFO misc.py line 117 10873] Train: [62/100][29/50] Data 15.230 (0.708) Batch 15.469 (0.963) Remain 00:30:50 loss: 0.2139 Lr: 0.00211
[2026-07-21 10:54:31,822 INFO misc.py line 117 10873] Train: [62/100][30/50] Data 0.840 (0.713) Batch 1.069 (0.967) Remain 00:30:57 loss: 0.2472 Lr: 0.00211
[2026-07-21 10:54:32,064 INFO misc.py line 117 10873] Train: [62/100][31/50] Data 0.002 (0.687) Batch 0.242 (0.941) Remain 00:30:06 loss: 0.2406 Lr: 0.00211
[2026-07-21 10:54:32,302 INFO misc.py line 117 10873] Train: [62/100][32/50] Data 0.006 (0.664) Batch 0.238 (0.917) Remain 00:29:19 loss: 0.2709 Lr: 0.00211
[2026-07-21 10:54:32,728 INFO misc.py line 117 10873] Train: [62/100][33/50] Data 0.219 (0.649) Batch 0.426 (0.901) Remain 00:28:46 loss: 0.2543 Lr: 0.00210
[2026-07-21 10:54:32,960 INFO misc.py line 117 10873] Train: [62/100][34/50] Data 0.002 (0.628) Batch 0.232 (0.879) Remain 00:28:04 loss: 0.2913 Lr: 0.00210
[2026-07-21 10:54:33,196 INFO misc.py line 117 10873] Train: [62/100][35/50] Data 0.001 (0.608) Batch 0.236 (0.859) Remain 00:27:25 loss: 0.2620 Lr: 0.00210
[2026-07-21 10:54:33,420 INFO misc.py line 117 10873] Train: [62/100][36/50] Data 0.002 (0.590) Batch 0.224 (0.840) Remain 00:26:47 loss: 0.1988 Lr: 0.00210
[2026-07-21 10:54:34,423 INFO misc.py line 117 10873] Train: [62/100][37/50] Data 0.752 (0.595) Batch 1.004 (0.845) Remain 00:26:55 loss: 0.2858 Lr: 0.00210
[2026-07-21 10:54:34,643 INFO misc.py line 117 10873] Train: [62/100][38/50] Data 0.001 (0.578) Batch 0.220 (0.827) Remain 00:26:20 loss: 0.2032 Lr: 0.00209
[2026-07-21 10:54:34,873 INFO misc.py line 117 10873] Train: [62/100][39/50] Data 0.001 (0.562) Batch 0.230 (0.810) Remain 00:25:48 loss: 0.3134 Lr: 0.00209
[2026-07-21 10:54:35,121 INFO misc.py line 117 10873] Train: [62/100][40/50] Data 0.001 (0.547) Batch 0.248 (0.795) Remain 00:25:18 loss: 0.2960 Lr: 0.00209
[2026-07-21 10:54:35,356 INFO misc.py line 117 10873] Train: [62/100][41/50] Data 0.001 (0.532) Batch 0.235 (0.780) Remain 00:24:49 loss: 0.2580 Lr: 0.00209
[2026-07-21 10:54:35,567 INFO misc.py line 117 10873] Train: [62/100][42/50] Data 0.001 (0.519) Batch 0.211 (0.766) Remain 00:24:21 loss: 0.1975 Lr: 0.00209
[2026-07-21 10:54:35,811 INFO misc.py line 117 10873] Train: [62/100][43/50] Data 0.001 (0.506) Batch 0.244 (0.753) Remain 00:23:55 loss: 0.2357 Lr: 0.00208
[2026-07-21 10:54:36,031 INFO misc.py line 117 10873] Train: [62/100][44/50] Data 0.002 (0.493) Batch 0.220 (0.740) Remain 00:23:29 loss: 0.2038 Lr: 0.00208
[2026-07-21 10:54:36,278 INFO misc.py line 117 10873] Train: [62/100][45/50] Data 0.001 (0.482) Batch 0.247 (0.728) Remain 00:23:06 loss: 0.2731 Lr: 0.00208
[2026-07-21 10:54:36,522 INFO misc.py line 117 10873] Train: [62/100][46/50] Data 0.001 (0.471) Batch 0.244 (0.717) Remain 00:22:44 loss: 0.2872 Lr: 0.00208
[2026-07-21 10:54:36,761 INFO misc.py line 117 10873] Train: [62/100][47/50] Data 0.001 (0.460) Batch 0.240 (0.706) Remain 00:22:23 loss: 0.3292 Lr: 0.00208
[2026-07-21 10:54:36,977 INFO misc.py line 117 10873] Train: [62/100][48/50] Data 0.001 (0.450) Batch 0.216 (0.695) Remain 00:22:01 loss: 0.2074 Lr: 0.00208
[2026-07-21 10:54:37,227 INFO misc.py line 117 10873] Train: [62/100][49/50] Data 0.001 (0.440) Batch 0.250 (0.685) Remain 00:21:42 loss: 0.2052 Lr: 0.00207
[2026-07-21 10:54:37,467 INFO misc.py line 117 10873] Train: [62/100][50/50] Data 0.001 (0.431) Batch 0.240 (0.676) Remain 00:21:24 loss: 0.1641 Lr: 0.00207
[2026-07-21 10:54:37,467 INFO misc.py line 147 10873] Train result: loss: 0.2493 
[2026-07-21 10:54:37,467 INFO evaluator.py line 169 10873] >>>>>>>>>>>>>>>> Start Evaluation (Segmentation) >>>>>>>>>>>>>>>>
[2026-07-21 10:54:46,341 INFO evaluator.py line 228 10873] Test: [1/1] Loss 0.4052 
[2026-07-21 10:54:46,614 INFO evaluator.py line 257 10873] Val result: mIoU/macroF1/mAcc/mPrecision/allAcc 0.7620/0.8474/0.8206/0.8792/0.9615.
[2026-07-21 10:54:46,614 INFO evaluator.py line 266 10873] Class_0-road Metrics: IoU=0.9566, accuracy=0.9786, precision=0.9770, F1=0.9778
[2026-07-21 10:54:46,614 INFO evaluator.py line 266 10873] Class_1-road_marking Metrics: IoU=0.5379, accuracy=0.6391, precision=0.7725, F1=0.6995
[2026-07-21 10:54:46,615 INFO evaluator.py line 266 10873] Class_2-natural Metrics: IoU=0.9495, accuracy=0.9785, precision=0.9697, F1=0.9741
[2026-07-21 10:54:46,615 INFO evaluator.py line 266 10873] Class_3-building Metrics: IoU=0.9003, accuracy=0.9641, precision=0.9315, F1=0.9475
[2026-07-21 10:54:46,615 INFO evaluator.py line 266 10873] Class_4-utility_line Metrics: IoU=0.8257, accuracy=0.8551, precision=0.9600, F1=0.9045
[2026-07-21 10:54:46,615 INFO evaluator.py line 266 10873] Class_5-pole Metrics: IoU=0.7274, accuracy=0.7769, precision=0.9194, F1=0.8422
[2026-07-21 10:54:46,615 INFO evaluator.py line 266 10873] Class_6-car Metrics: IoU=0.8547, accuracy=0.9007, precision=0.9437, F1=0.9217
[2026-07-21 10:54:46,615 INFO evaluator.py line 266 10873] Class_7-fence Metrics: IoU=0.3440, accuracy=0.4718, precision=0.5596, F1=0.5119
[2026-07-21 10:54:46,615 INFO evaluator.py line 321 10873] <<<<<<<<<<<<<<<<< End Evaluation <<<<<<<<<<<<<<<<<
[2026-07-21 10:54:46,617 INFO misc.py line 182 10873] Best validation mIoU updated to: 0.7620
[2026-07-21 10:54:46,617 INFO misc.py line 187 10873] Currently Best mIoU: 0.7620
[2026-07-21 10:54:46,617 INFO misc.py line 196 10873] Saving checkpoint to: exp/toronto3d/spunet-toronto3d/model/model_last.pth
[2026-07-21 10:55:19,545 INFO misc.py line 117 10873] Train: [63/100][1/50] Data 29.793 (29.793) Batch 30.046 (30.046) Remain 15:50:57 loss: 0.2568 Lr: 0.00207
[2026-07-21 10:55:19,788 INFO misc.py line 117 10873] Train: [63/100][2/50] Data 0.003 (0.003) Batch 0.243 (0.243) Remain 00:07:41 loss: 0.2484 Lr: 0.00207
[2026-07-21 10:55:20,021 INFO misc.py line 117 10873] Train: [63/100][3/50] Data 0.002 (0.002) Batch 0.233 (0.233) Remain 00:07:21 loss: 0.2202 Lr: 0.00207
[2026-07-21 10:55:20,254 INFO misc.py line 117 10873] Train: [63/100][4/50] Data 0.002 (0.002) Batch 0.233 (0.233) Remain 00:07:22 loss: 0.2223 Lr: 0.00206
[2026-07-21 10:55:20,512 INFO misc.py line 117 10873] Train: [63/100][5/50] Data 0.003 (0.002) Batch 0.258 (0.246) Remain 00:07:45 loss: 0.3136 Lr: 0.00206
[2026-07-21 10:55:20,764 INFO misc.py line 117 10873] Train: [63/100][6/50] Data 0.003 (0.003) Batch 0.253 (0.248) Remain 00:07:49 loss: 0.2512 Lr: 0.00206
[2026-07-21 10:55:21,021 INFO misc.py line 117 10873] Train: [63/100][7/50] Data 0.003 (0.003) Batch 0.256 (0.250) Remain 00:07:53 loss: 0.2192 Lr: 0.00206
[2026-07-21 10:55:21,270 INFO misc.py line 117 10873] Train: [63/100][8/50] Data 0.002 (0.003) Batch 0.248 (0.250) Remain 00:07:52 loss: 0.1680 Lr: 0.00206
[2026-07-21 10:55:21,530 INFO misc.py line 117 10873] Train: [63/100][9/50] Data 0.003 (0.003) Batch 0.260 (0.251) Remain 00:07:55 loss: 0.2269 Lr: 0.00205
[2026-07-21 10:55:21,801 INFO misc.py line 117 10873] Train: [63/100][10/50] Data 0.003 (0.003) Batch 0.271 (0.254) Remain 00:08:00 loss: 0.3700 Lr: 0.00205
[2026-07-21 10:55:22,052 INFO misc.py line 117 10873] Train: [63/100][11/50] Data 0.003 (0.003) Batch 0.250 (0.254) Remain 00:07:59 loss: 0.2697 Lr: 0.00205
[2026-07-21 10:55:22,320 INFO misc.py line 117 10873] Train: [63/100][12/50] Data 0.004 (0.003) Batch 0.269 (0.255) Remain 00:08:02 loss: 0.3130 Lr: 0.00205
[2026-07-21 10:55:22,606 INFO misc.py line 117 10873] Train: [63/100][13/50] Data 0.003 (0.003) Batch 0.286 (0.258) Remain 00:08:07 loss: 0.3032 Lr: 0.00205
[2026-07-21 10:55:22,878 INFO misc.py line 117 10873] Train: [63/100][14/50] Data 0.003 (0.003) Batch 0.272 (0.260) Remain 00:08:09 loss: 0.2405 Lr: 0.00205
[2026-07-21 10:55:23,149 INFO misc.py line 117 10873] Train: [63/100][15/50] Data 0.003 (0.003) Batch 0.271 (0.261) Remain 00:08:11 loss: 0.2470 Lr: 0.00204
[2026-07-21 10:55:23,404 INFO misc.py line 117 10873] Train: [63/100][16/50] Data 0.004 (0.003) Batch 0.255 (0.260) Remain 00:08:10 loss: 0.2456 Lr: 0.00204
[2026-07-21 10:55:23,650 INFO misc.py line 117 10873] Train: [63/100][17/50] Data 0.002 (0.003) Batch 0.247 (0.259) Remain 00:08:08 loss: 0.2899 Lr: 0.00204
[2026-07-21 10:55:23,901 INFO misc.py line 117 10873] Train: [63/100][18/50] Data 0.002 (0.003) Batch 0.251 (0.259) Remain 00:08:06 loss: 0.3077 Lr: 0.00204
[2026-07-21 10:55:24,141 INFO misc.py line 117 10873] Train: [63/100][19/50] Data 0.003 (0.003) Batch 0.240 (0.258) Remain 00:08:04 loss: 0.2453 Lr: 0.00204
[2026-07-21 10:55:24,388 INFO misc.py line 117 10873] Train: [63/100][20/50] Data 0.003 (0.003) Batch 0.247 (0.257) Remain 00:08:02 loss: 0.2812 Lr: 0.00203
[2026-07-21 10:55:24,626 INFO misc.py line 117 10873] Train: [63/100][21/50] Data 0.003 (0.003) Batch 0.238 (0.256) Remain 00:08:00 loss: 0.1962 Lr: 0.00203
[2026-07-21 10:55:24,880 INFO misc.py line 117 10873] Train: [63/100][22/50] Data 0.002 (0.003) Batch 0.254 (0.256) Remain 00:08:00 loss: 0.3250 Lr: 0.00203
[2026-07-21 10:55:25,123 INFO misc.py line 117 10873] Train: [63/100][23/50] Data 0.002 (0.003) Batch 0.243 (0.255) Remain 00:07:58 loss: 0.2656 Lr: 0.00203
[2026-07-21 10:55:25,382 INFO misc.py line 117 10873] Train: [63/100][24/50] Data 0.002 (0.003) Batch 0.259 (0.255) Remain 00:07:58 loss: 0.3344 Lr: 0.00203
[2026-07-21 10:55:25,646 INFO misc.py line 117 10873] Train: [63/100][25/50] Data 0.002 (0.003) Batch 0.264 (0.256) Remain 00:07:59 loss: 0.2957 Lr: 0.00202
[2026-07-21 10:55:25,891 INFO misc.py line 117 10873] Train: [63/100][26/50] Data 0.002 (0.003) Batch 0.245 (0.255) Remain 00:07:58 loss: 0.3438 Lr: 0.00202
[2026-07-21 10:55:26,143 INFO misc.py line 117 10873] Train: [63/100][27/50] Data 0.003 (0.003) Batch 0.252 (0.255) Remain 00:07:57 loss: 0.2309 Lr: 0.00202
[2026-07-21 10:55:26,424 INFO misc.py line 117 10873] Train: [63/100][28/50] Data 0.002 (0.003) Batch 0.281 (0.256) Remain 00:07:59 loss: 0.2456 Lr: 0.00202
[2026-07-21 10:55:42,227 INFO misc.py line 117 10873] Train: [63/100][29/50] Data 15.572 (0.601) Batch 15.803 (0.854) Remain 00:26:37 loss: 0.2438 Lr: 0.00202
[2026-07-21 10:55:42,453 INFO misc.py line 117 10873] Train: [63/100][30/50] Data 0.002 (0.579) Batch 0.226 (0.831) Remain 00:25:53 loss: 0.2384 Lr: 0.00202
[2026-07-21 10:55:42,738 INFO misc.py line 117 10873] Train: [63/100][31/50] Data 0.037 (0.560) Batch 0.286 (0.811) Remain 00:25:16 loss: 0.2720 Lr: 0.00201
[2026-07-21 10:55:42,982 INFO misc.py line 117 10873] Train: [63/100][32/50] Data 0.002 (0.541) Batch 0.244 (0.792) Remain 00:24:39 loss: 0.2470 Lr: 0.00201
[2026-07-21 10:55:43,682 INFO misc.py line 117 10873] Train: [63/100][33/50] Data 0.471 (0.538) Batch 0.700 (0.789) Remain 00:24:32 loss: 0.2575 Lr: 0.00201
[2026-07-21 10:55:43,936 INFO misc.py line 117 10873] Train: [63/100][34/50] Data 0.002 (0.521) Batch 0.254 (0.771) Remain 00:23:59 loss: 0.2677 Lr: 0.00201
[2026-07-21 10:55:44,191 INFO misc.py line 117 10873] Train: [63/100][35/50] Data 0.002 (0.505) Batch 0.255 (0.755) Remain 00:23:28 loss: 0.2583 Lr: 0.00201
[2026-07-21 10:55:44,443 INFO misc.py line 117 10873] Train: [63/100][36/50] Data 0.002 (0.490) Batch 0.253 (0.740) Remain 00:22:59 loss: 0.3294 Lr: 0.00200
[2026-07-21 10:55:44,665 INFO misc.py line 117 10873] Train: [63/100][37/50] Data 0.002 (0.475) Batch 0.222 (0.725) Remain 00:22:30 loss: 0.2013 Lr: 0.00200
[2026-07-21 10:55:44,885 INFO misc.py line 117 10873] Train: [63/100][38/50] Data 0.002 (0.462) Batch 0.220 (0.710) Remain 00:22:02 loss: 0.2110 Lr: 0.00200
[2026-07-21 10:55:45,827 INFO misc.py line 117 10873] Train: [63/100][39/50] Data 0.695 (0.468) Batch 0.942 (0.717) Remain 00:22:14 loss: 0.4193 Lr: 0.00200
[2026-07-21 10:55:46,052 INFO misc.py line 117 10873] Train: [63/100][40/50] Data 0.001 (0.456) Batch 0.225 (0.704) Remain 00:21:48 loss: 0.2379 Lr: 0.00200
[2026-07-21 10:55:46,275 INFO misc.py line 117 10873] Train: [63/100][41/50] Data 0.001 (0.444) Batch 0.223 (0.691) Remain 00:21:24 loss: 0.2493 Lr: 0.00199
[2026-07-21 10:55:46,509 INFO misc.py line 117 10873] Train: [63/100][42/50] Data 0.001 (0.432) Batch 0.234 (0.679) Remain 00:21:01 loss: 0.3105 Lr: 0.00199
[2026-07-21 10:55:46,735 INFO misc.py line 117 10873] Train: [63/100][43/50] Data 0.001 (0.421) Batch 0.226 (0.668) Remain 00:20:40 loss: 0.2504 Lr: 0.00199
[2026-07-21 10:55:46,961 INFO misc.py line 117 10873] Train: [63/100][44/50] Data 0.001 (0.411) Batch 0.227 (0.657) Remain 00:20:19 loss: 0.2294 Lr: 0.00199
[2026-07-21 10:55:47,216 INFO misc.py line 117 10873] Train: [63/100][45/50] Data 0.001 (0.401) Batch 0.255 (0.648) Remain 00:20:01 loss: 0.4139 Lr: 0.00199
[2026-07-21 10:55:47,432 INFO misc.py line 117 10873] Train: [63/100][46/50] Data 0.001 (0.392) Batch 0.216 (0.637) Remain 00:19:41 loss: 0.2162 Lr: 0.00199
[2026-07-21 10:55:47,649 INFO misc.py line 117 10873] Train: [63/100][47/50] Data 0.001 (0.383) Batch 0.218 (0.628) Remain 00:19:23 loss: 0.2706 Lr: 0.00198
[2026-07-21 10:55:47,867 INFO misc.py line 117 10873] Train: [63/100][48/50] Data 0.001 (0.375) Batch 0.218 (0.619) Remain 00:19:06 loss: 0.1721 Lr: 0.00198
[2026-07-21 10:55:48,087 INFO misc.py line 117 10873] Train: [63/100][49/50] Data 0.001 (0.367) Batch 0.219 (0.610) Remain 00:18:49 loss: 0.2089 Lr: 0.00198
[2026-07-21 10:55:48,315 INFO misc.py line 117 10873] Train: [63/100][50/50] Data 0.001 (0.359) Batch 0.228 (0.602) Remain 00:18:33 loss: 0.2032 Lr: 0.00198
[2026-07-21 10:55:48,315 INFO misc.py line 147 10873] Train result: loss: 0.2637 
[2026-07-21 10:55:48,316 INFO evaluator.py line 169 10873] >>>>>>>>>>>>>>>> Start Evaluation (Segmentation) >>>>>>>>>>>>>>>>
[2026-07-21 10:55:57,214 INFO evaluator.py line 228 10873] Test: [1/1] Loss 0.4299 
[2026-07-21 10:55:57,467 INFO evaluator.py line 257 10873] Val result: mIoU/macroF1/mAcc/mPrecision/allAcc 0.7450/0.8345/0.8129/0.8596/0.9600.
[2026-07-21 10:55:57,467 INFO evaluator.py line 266 10873] Class_0-road Metrics: IoU=0.9535, accuracy=0.9736, precision=0.9788, F1=0.9762
[2026-07-21 10:55:57,467 INFO evaluator.py line 266 10873] Class_1-road_marking Metrics: IoU=0.4917, accuracy=0.6037, precision=0.7260, F1=0.6592
[2026-07-21 10:55:57,467 INFO evaluator.py line 266 10873] Class_2-natural Metrics: IoU=0.9581, accuracy=0.9838, precision=0.9735, F1=0.9786
[2026-07-21 10:55:57,467 INFO evaluator.py line 266 10873] Class_3-building Metrics: IoU=0.8822, accuracy=0.9629, precision=0.9132, F1=0.9374
[2026-07-21 10:55:57,467 INFO evaluator.py line 266 10873] Class_4-utility_line Metrics: IoU=0.7253, accuracy=0.7936, precision=0.8939, F1=0.8408
[2026-07-21 10:55:57,467 INFO evaluator.py line 266 10873] Class_5-pole Metrics: IoU=0.7644, accuracy=0.8307, precision=0.9054, F1=0.8665
[2026-07-21 10:55:57,467 INFO evaluator.py line 266 10873] Class_6-car Metrics: IoU=0.8551, accuracy=0.8800, precision=0.9680, F1=0.9219
[2026-07-21 10:55:57,468 INFO evaluator.py line 266 10873] Class_7-fence Metrics: IoU=0.3294, accuracy=0.4751, precision=0.5179, F1=0.4956
[2026-07-21 10:55:57,468 INFO evaluator.py line 321 10873] <<<<<<<<<<<<<<<<< End Evaluation <<<<<<<<<<<<<<<<<
[2026-07-21 10:55:57,469 INFO misc.py line 187 10873] Currently Best mIoU: 0.7620
[2026-07-21 10:55:57,469 INFO misc.py line 196 10873] Saving checkpoint to: exp/toronto3d/spunet-toronto3d/model/model_last.pth
[2026-07-21 10:56:28,857 INFO misc.py line 117 10873] Train: [64/100][1/50] Data 30.871 (30.871) Batch 31.124 (31.124) Remain 15:59:09 loss: 0.2741 Lr: 0.00198
[2026-07-21 10:56:29,102 INFO misc.py line 117 10873] Train: [64/100][2/50] Data 0.002 (0.002) Batch 0.245 (0.245) Remain 00:07:33 loss: 0.2346 Lr: 0.00197
[2026-07-21 10:56:29,346 INFO misc.py line 117 10873] Train: [64/100][3/50] Data 0.002 (0.002) Batch 0.244 (0.244) Remain 00:07:31 loss: 0.1830 Lr: 0.00197
[2026-07-21 10:56:29,597 INFO misc.py line 117 10873] Train: [64/100][4/50] Data 0.002 (0.002) Batch 0.250 (0.250) Remain 00:07:41 loss: 0.2843 Lr: 0.00197
[2026-07-21 10:56:29,867 INFO misc.py line 117 10873] Train: [64/100][5/50] Data 0.003 (0.003) Batch 0.270 (0.260) Remain 00:07:59 loss: 0.2415 Lr: 0.00197
[2026-07-21 10:56:30,117 INFO misc.py line 117 10873] Train: [64/100][6/50] Data 0.002 (0.003) Batch 0.250 (0.257) Remain 00:07:53 loss: 0.2155 Lr: 0.00197
[2026-07-21 10:56:30,377 INFO misc.py line 117 10873] Train: [64/100][7/50] Data 0.004 (0.003) Batch 0.260 (0.258) Remain 00:07:55 loss: 0.1723 Lr: 0.00196
[2026-07-21 10:56:30,647 INFO misc.py line 117 10873] Train: [64/100][8/50] Data 0.003 (0.003) Batch 0.270 (0.260) Remain 00:07:59 loss: 0.2601 Lr: 0.00196
[2026-07-21 10:56:30,896 INFO misc.py line 117 10873] Train: [64/100][9/50] Data 0.003 (0.003) Batch 0.249 (0.258) Remain 00:07:55 loss: 0.2251 Lr: 0.00196
[2026-07-21 10:56:31,139 INFO misc.py line 117 10873] Train: [64/100][10/50] Data 0.003 (0.003) Batch 0.242 (0.256) Remain 00:07:50 loss: 0.2888 Lr: 0.00196
[2026-07-21 10:56:31,381 INFO misc.py line 117 10873] Train: [64/100][11/50] Data 0.004 (0.003) Batch 0.242 (0.254) Remain 00:07:47 loss: 0.2502 Lr: 0.00196
[2026-07-21 10:56:31,627 INFO misc.py line 117 10873] Train: [64/100][12/50] Data 0.003 (0.003) Batch 0.247 (0.253) Remain 00:07:45 loss: 0.2281 Lr: 0.00196
[2026-07-21 10:56:31,874 INFO misc.py line 117 10873] Train: [64/100][13/50] Data 0.002 (0.003) Batch 0.247 (0.253) Remain 00:07:44 loss: 0.3214 Lr: 0.00195
[2026-07-21 10:56:32,118 INFO misc.py line 117 10873] Train: [64/100][14/50] Data 0.003 (0.003) Batch 0.242 (0.252) Remain 00:07:42 loss: 0.2525 Lr: 0.00195
[2026-07-21 10:56:32,376 INFO misc.py line 117 10873] Train: [64/100][15/50] Data 0.005 (0.003) Batch 0.260 (0.252) Remain 00:07:43 loss: 0.3061 Lr: 0.00195
[2026-07-21 10:56:32,639 INFO misc.py line 117 10873] Train: [64/100][16/50] Data 0.006 (0.003) Batch 0.262 (0.253) Remain 00:07:44 loss: 0.3079 Lr: 0.00195
[2026-07-21 10:56:32,905 INFO misc.py line 117 10873] Train: [64/100][17/50] Data 0.003 (0.003) Batch 0.266 (0.254) Remain 00:07:45 loss: 0.2803 Lr: 0.00195
[2026-07-21 10:56:33,171 INFO misc.py line 117 10873] Train: [64/100][18/50] Data 0.004 (0.003) Batch 0.267 (0.255) Remain 00:07:47 loss: 0.2571 Lr: 0.00194
[2026-07-21 10:56:33,420 INFO misc.py line 117 10873] Train: [64/100][19/50] Data 0.002 (0.003) Batch 0.248 (0.255) Remain 00:07:46 loss: 0.2699 Lr: 0.00194
[2026-07-21 10:56:33,660 INFO misc.py line 117 10873] Train: [64/100][20/50] Data 0.004 (0.003) Batch 0.241 (0.254) Remain 00:07:44 loss: 0.1634 Lr: 0.00194
[2026-07-21 10:56:33,903 INFO misc.py line 117 10873] Train: [64/100][21/50] Data 0.002 (0.003) Batch 0.242 (0.253) Remain 00:07:42 loss: 0.2823 Lr: 0.00194
[2026-07-21 10:56:34,141 INFO misc.py line 117 10873] Train: [64/100][22/50] Data 0.004 (0.003) Batch 0.238 (0.252) Remain 00:07:41 loss: 0.1943 Lr: 0.00194
[2026-07-21 10:56:34,383 INFO misc.py line 117 10873] Train: [64/100][23/50] Data 0.002 (0.003) Batch 0.242 (0.252) Remain 00:07:40 loss: 0.3257 Lr: 0.00193
[2026-07-21 10:56:34,645 INFO misc.py line 117 10873] Train: [64/100][24/50] Data 0.003 (0.003) Batch 0.262 (0.252) Remain 00:07:40 loss: 0.2743 Lr: 0.00193
[2026-07-21 10:56:34,898 INFO misc.py line 117 10873] Train: [64/100][25/50] Data 0.002 (0.003) Batch 0.253 (0.252) Remain 00:07:40 loss: 0.2869 Lr: 0.00193
[2026-07-21 10:56:35,135 INFO misc.py line 117 10873] Train: [64/100][26/50] Data 0.002 (0.003) Batch 0.236 (0.252) Remain 00:07:38 loss: 0.2430 Lr: 0.00193
[2026-07-21 10:56:35,390 INFO misc.py line 117 10873] Train: [64/100][27/50] Data 0.004 (0.003) Batch 0.256 (0.252) Remain 00:07:39 loss: 0.2831 Lr: 0.00193
[2026-07-21 10:56:35,644 INFO misc.py line 117 10873] Train: [64/100][28/50] Data 0.003 (0.003) Batch 0.254 (0.252) Remain 00:07:38 loss: 0.2595 Lr: 0.00193
[2026-07-21 10:56:51,842 INFO misc.py line 117 10873] Train: [64/100][29/50] Data 15.972 (0.617) Batch 16.199 (0.865) Remain 00:26:15 loss: 0.2450 Lr: 0.00192
[2026-07-21 10:56:52,660 INFO misc.py line 117 10873] Train: [64/100][30/50] Data 0.560 (0.615) Batch 0.817 (0.863) Remain 00:26:11 loss: 0.4639 Lr: 0.00192
[2026-07-21 10:56:52,898 INFO misc.py line 117 10873] Train: [64/100][31/50] Data 0.002 (0.593) Batch 0.238 (0.841) Remain 00:25:30 loss: 0.2856 Lr: 0.00192
[2026-07-21 10:56:53,126 INFO misc.py line 117 10873] Train: [64/100][32/50] Data 0.002 (0.573) Batch 0.228 (0.820) Remain 00:24:50 loss: 0.3288 Lr: 0.00192
[2026-07-21 10:56:53,356 INFO misc.py line 117 10873] Train: [64/100][33/50] Data 0.002 (0.554) Batch 0.230 (0.800) Remain 00:24:14 loss: 0.2957 Lr: 0.00192
[2026-07-21 10:56:53,595 INFO misc.py line 117 10873] Train: [64/100][34/50] Data 0.002 (0.536) Batch 0.239 (0.782) Remain 00:23:40 loss: 0.2750 Lr: 0.00191
[2026-07-21 10:56:54,537 INFO misc.py line 117 10873] Train: [64/100][35/50] Data 0.705 (0.541) Batch 0.942 (0.787) Remain 00:23:48 loss: 0.2763 Lr: 0.00191
[2026-07-21 10:56:54,763 INFO misc.py line 117 10873] Train: [64/100][36/50] Data 0.002 (0.525) Batch 0.226 (0.770) Remain 00:23:17 loss: 0.3278 Lr: 0.00191
[2026-07-21 10:56:54,991 INFO misc.py line 117 10873] Train: [64/100][37/50] Data 0.001 (0.510) Batch 0.228 (0.754) Remain 00:22:47 loss: 0.2261 Lr: 0.00191
[2026-07-21 10:56:55,254 INFO misc.py line 117 10873] Train: [64/100][38/50] Data 0.001 (0.495) Batch 0.262 (0.740) Remain 00:22:21 loss: 0.3924 Lr: 0.00191
[2026-07-21 10:56:55,520 INFO misc.py line 117 10873] Train: [64/100][39/50] Data 0.002 (0.481) Batch 0.267 (0.727) Remain 00:21:56 loss: 0.3917 Lr: 0.00191
[2026-07-21 10:56:55,778 INFO misc.py line 117 10873] Train: [64/100][40/50] Data 0.001 (0.468) Batch 0.258 (0.714) Remain 00:21:33 loss: 0.4309 Lr: 0.00190
[2026-07-21 10:56:56,020 INFO misc.py line 117 10873] Train: [64/100][41/50] Data 0.001 (0.456) Batch 0.241 (0.702) Remain 00:21:09 loss: 0.2493 Lr: 0.00190
[2026-07-21 10:56:56,255 INFO misc.py line 117 10873] Train: [64/100][42/50] Data 0.001 (0.444) Batch 0.235 (0.690) Remain 00:20:47 loss: 0.2261 Lr: 0.00190
[2026-07-21 10:56:56,474 INFO misc.py line 117 10873] Train: [64/100][43/50] Data 0.001 (0.433) Batch 0.219 (0.678) Remain 00:20:25 loss: 0.2891 Lr: 0.00190
[2026-07-21 10:56:56,711 INFO misc.py line 117 10873] Train: [64/100][44/50] Data 0.001 (0.423) Batch 0.237 (0.667) Remain 00:20:05 loss: 0.2280 Lr: 0.00190
[2026-07-21 10:56:56,946 INFO misc.py line 117 10873] Train: [64/100][45/50] Data 0.001 (0.413) Batch 0.235 (0.657) Remain 00:19:46 loss: 0.2442 Lr: 0.00189
[2026-07-21 10:56:57,166 INFO misc.py line 117 10873] Train: [64/100][46/50] Data 0.001 (0.403) Batch 0.220 (0.647) Remain 00:19:27 loss: 0.2095 Lr: 0.00189
[2026-07-21 10:56:57,412 INFO misc.py line 117 10873] Train: [64/100][47/50] Data 0.001 (0.394) Batch 0.246 (0.638) Remain 00:19:10 loss: 0.3638 Lr: 0.00189
[2026-07-21 10:56:57,642 INFO misc.py line 117 10873] Train: [64/100][48/50] Data 0.001 (0.385) Batch 0.230 (0.629) Remain 00:18:53 loss: 0.3836 Lr: 0.00189
[2026-07-21 10:56:57,886 INFO misc.py line 117 10873] Train: [64/100][49/50] Data 0.001 (0.377) Batch 0.244 (0.620) Remain 00:18:37 loss: 0.2619 Lr: 0.00189
[2026-07-21 10:56:58,128 INFO misc.py line 117 10873] Train: [64/100][50/50] Data 0.001 (0.369) Batch 0.242 (0.612) Remain 00:18:22 loss: 0.2619 Lr: 0.00188
[2026-07-21 10:56:58,128 INFO misc.py line 147 10873] Train result: loss: 0.2764 
[2026-07-21 10:56:58,129 INFO evaluator.py line 169 10873] >>>>>>>>>>>>>>>> Start Evaluation (Segmentation) >>>>>>>>>>>>>>>>
[2026-07-21 10:57:07,012 INFO evaluator.py line 228 10873] Test: [1/1] Loss 0.3907 
[2026-07-21 10:57:07,267 INFO evaluator.py line 257 10873] Val result: mIoU/macroF1/mAcc/mPrecision/allAcc 0.7724/0.8558/0.8420/0.8716/0.9626.
[2026-07-21 10:57:07,267 INFO evaluator.py line 266 10873] Class_0-road Metrics: IoU=0.9568, accuracy=0.9749, precision=0.9809, F1=0.9779
[2026-07-21 10:57:07,267 INFO evaluator.py line 266 10873] Class_1-road_marking Metrics: IoU=0.5577, accuracy=0.6982, precision=0.7347, F1=0.7160
[2026-07-21 10:57:07,267 INFO evaluator.py line 266 10873] Class_2-natural Metrics: IoU=0.9542, accuracy=0.9830, precision=0.9703, F1=0.9766
[2026-07-21 10:57:07,267 INFO evaluator.py line 266 10873] Class_3-building Metrics: IoU=0.8950, accuracy=0.9431, precision=0.9462, F1=0.9446
[2026-07-21 10:57:07,267 INFO evaluator.py line 266 10873] Class_4-utility_line Metrics: IoU=0.8114, accuracy=0.8434, precision=0.9553, F1=0.8959
[2026-07-21 10:57:07,267 INFO evaluator.py line 266 10873] Class_5-pole Metrics: IoU=0.7722, accuracy=0.8376, precision=0.9083, F1=0.8715
[2026-07-21 10:57:07,268 INFO evaluator.py line 266 10873] Class_6-car Metrics: IoU=0.8653, accuracy=0.9519, precision=0.9049, F1=0.9278
[2026-07-21 10:57:07,268 INFO evaluator.py line 266 10873] Class_7-fence Metrics: IoU=0.3661, accuracy=0.5040, precision=0.5723, F1=0.5360
[2026-07-21 10:57:07,268 INFO evaluator.py line 321 10873] <<<<<<<<<<<<<<<<< End Evaluation <<<<<<<<<<<<<<<<<
[2026-07-21 10:57:07,269 INFO misc.py line 182 10873] Best validation mIoU updated to: 0.7724
[2026-07-21 10:57:07,269 INFO misc.py line 187 10873] Currently Best mIoU: 0.7724
[2026-07-21 10:57:07,269 INFO misc.py line 196 10873] Saving checkpoint to: exp/toronto3d/spunet-toronto3d/model/model_last.pth
[2026-07-21 10:57:37,463 INFO misc.py line 117 10873] Train: [65/100][1/50] Data 27.072 (27.072) Batch 27.317 (27.317) Remain 13:39:03 loss: 0.3073 Lr: 0.00188
[2026-07-21 10:57:39,898 INFO misc.py line 117 10873] Train: [65/100][2/50] Data 2.081 (2.081) Batch 2.435 (2.435) Remain 01:12:58 loss: 0.2183 Lr: 0.00188
[2026-07-21 10:57:40,166 INFO misc.py line 117 10873] Train: [65/100][3/50] Data 0.004 (0.004) Batch 0.268 (0.268) Remain 00:08:01 loss: 0.2323 Lr: 0.00188
[2026-07-21 10:57:40,410 INFO misc.py line 117 10873] Train: [65/100][4/50] Data 0.003 (0.003) Batch 0.245 (0.245) Remain 00:07:19 loss: 0.2370 Lr: 0.00188
[2026-07-21 10:57:40,659 INFO misc.py line 117 10873] Train: [65/100][5/50] Data 0.002 (0.003) Batch 0.240 (0.242) Remain 00:07:15 loss: 0.2360 Lr: 0.00188
[2026-07-21 10:57:40,927 INFO misc.py line 117 10873] Train: [65/100][6/50] Data 0.011 (0.006) Batch 0.277 (0.254) Remain 00:07:35 loss: 0.2195 Lr: 0.00187
[2026-07-21 10:57:41,186 INFO misc.py line 117 10873] Train: [65/100][7/50] Data 0.003 (0.005) Batch 0.259 (0.255) Remain 00:07:37 loss: 0.2832 Lr: 0.00187
[2026-07-21 10:57:41,426 INFO misc.py line 117 10873] Train: [65/100][8/50] Data 0.004 (0.005) Batch 0.240 (0.252) Remain 00:07:31 loss: 0.2041 Lr: 0.00187
[2026-07-21 10:57:41,668 INFO misc.py line 117 10873] Train: [65/100][9/50] Data 0.003 (0.005) Batch 0.242 (0.250) Remain 00:07:28 loss: 0.2708 Lr: 0.00187
[2026-07-21 10:57:41,916 INFO misc.py line 117 10873] Train: [65/100][10/50] Data 0.003 (0.004) Batch 0.247 (0.250) Remain 00:07:27 loss: 0.2629 Lr: 0.00187
[2026-07-21 10:57:42,162 INFO misc.py line 117 10873] Train: [65/100][11/50] Data 0.005 (0.004) Batch 0.247 (0.250) Remain 00:07:26 loss: 0.2391 Lr: 0.00186
[2026-07-21 10:57:42,417 INFO misc.py line 117 10873] Train: [65/100][12/50] Data 0.004 (0.004) Batch 0.255 (0.250) Remain 00:07:27 loss: 0.2584 Lr: 0.00186
[2026-07-21 10:57:42,660 INFO misc.py line 117 10873] Train: [65/100][13/50] Data 0.003 (0.004) Batch 0.243 (0.249) Remain 00:07:25 loss: 0.3130 Lr: 0.00186
[2026-07-21 10:57:42,917 INFO misc.py line 117 10873] Train: [65/100][14/50] Data 0.003 (0.004) Batch 0.256 (0.250) Remain 00:07:26 loss: 0.2272 Lr: 0.00186
[2026-07-21 10:57:43,155 INFO misc.py line 117 10873] Train: [65/100][15/50] Data 0.003 (0.004) Batch 0.239 (0.249) Remain 00:07:24 loss: 0.2153 Lr: 0.00186
[2026-07-21 10:57:43,412 INFO misc.py line 117 10873] Train: [65/100][16/50] Data 0.003 (0.004) Batch 0.256 (0.250) Remain 00:07:25 loss: 0.2981 Lr: 0.00186
[2026-07-21 10:57:43,665 INFO misc.py line 117 10873] Train: [65/100][17/50] Data 0.003 (0.004) Batch 0.253 (0.250) Remain 00:07:25 loss: 0.2623 Lr: 0.00185
[2026-07-21 10:57:43,906 INFO misc.py line 117 10873] Train: [65/100][18/50] Data 0.003 (0.004) Batch 0.241 (0.249) Remain 00:07:24 loss: 0.2059 Lr: 0.00185
[2026-07-21 10:57:44,162 INFO misc.py line 117 10873] Train: [65/100][19/50] Data 0.013 (0.004) Batch 0.256 (0.250) Remain 00:07:24 loss: 0.3018 Lr: 0.00185
[2026-07-21 10:57:44,413 INFO misc.py line 117 10873] Train: [65/100][20/50] Data 0.003 (0.004) Batch 0.251 (0.250) Remain 00:07:24 loss: 0.1920 Lr: 0.00185
[2026-07-21 10:57:44,661 INFO misc.py line 117 10873] Train: [65/100][21/50] Data 0.003 (0.004) Batch 0.249 (0.250) Remain 00:07:24 loss: 0.1961 Lr: 0.00185
[2026-07-21 10:57:44,895 INFO misc.py line 117 10873] Train: [65/100][22/50] Data 0.002 (0.004) Batch 0.233 (0.249) Remain 00:07:22 loss: 0.2474 Lr: 0.00184
[2026-07-21 10:57:45,160 INFO misc.py line 117 10873] Train: [65/100][23/50] Data 0.003 (0.004) Batch 0.265 (0.250) Remain 00:07:23 loss: 0.1922 Lr: 0.00184
[2026-07-21 10:57:45,430 INFO misc.py line 117 10873] Train: [65/100][24/50] Data 0.009 (0.004) Batch 0.270 (0.251) Remain 00:07:25 loss: 0.1514 Lr: 0.00184
[2026-07-21 10:57:45,678 INFO misc.py line 117 10873] Train: [65/100][25/50] Data 0.003 (0.004) Batch 0.248 (0.251) Remain 00:07:24 loss: 0.2820 Lr: 0.00184
[2026-07-21 10:57:45,943 INFO misc.py line 117 10873] Train: [65/100][26/50] Data 0.002 (0.004) Batch 0.265 (0.251) Remain 00:07:25 loss: 0.2816 Lr: 0.00184
[2026-07-21 10:57:46,175 INFO misc.py line 117 10873] Train: [65/100][27/50] Data 0.002 (0.004) Batch 0.232 (0.250) Remain 00:07:23 loss: 0.2072 Lr: 0.00184
[2026-07-21 10:57:46,433 INFO misc.py line 117 10873] Train: [65/100][28/50] Data 0.003 (0.004) Batch 0.258 (0.251) Remain 00:07:24 loss: 0.2986 Lr: 0.00183
[2026-07-21 10:58:06,160 INFO misc.py line 117 10873] Train: [65/100][29/50] Data 19.475 (0.753) Batch 19.728 (1.000) Remain 00:29:30 loss: 0.2636 Lr: 0.00183
[2026-07-21 10:58:06,375 INFO misc.py line 117 10873] Train: [65/100][30/50] Data 0.001 (0.725) Batch 0.215 (0.971) Remain 00:28:38 loss: 0.1692 Lr: 0.00183
[2026-07-21 10:58:06,612 INFO misc.py line 117 10873] Train: [65/100][31/50] Data 0.002 (0.699) Batch 0.237 (0.945) Remain 00:27:50 loss: 0.2922 Lr: 0.00183
[2026-07-21 10:58:06,833 INFO misc.py line 117 10873] Train: [65/100][32/50] Data 0.002 (0.675) Batch 0.222 (0.920) Remain 00:27:05 loss: 0.1805 Lr: 0.00183
[2026-07-21 10:58:07,062 INFO misc.py line 117 10873] Train: [65/100][33/50] Data 0.001 (0.653) Batch 0.229 (0.897) Remain 00:26:24 loss: 0.2228 Lr: 0.00182
[2026-07-21 10:58:07,314 INFO misc.py line 117 10873] Train: [65/100][34/50] Data 0.002 (0.632) Batch 0.252 (0.876) Remain 00:25:46 loss: 0.2826 Lr: 0.00182
[2026-07-21 10:58:07,529 INFO misc.py line 117 10873] Train: [65/100][35/50] Data 0.001 (0.612) Batch 0.215 (0.855) Remain 00:25:09 loss: 0.2868 Lr: 0.00182
[2026-07-21 10:58:07,759 INFO misc.py line 117 10873] Train: [65/100][36/50] Data 0.001 (0.593) Batch 0.230 (0.836) Remain 00:24:35 loss: 0.2595 Lr: 0.00182
[2026-07-21 10:58:07,994 INFO misc.py line 117 10873] Train: [65/100][37/50] Data 0.001 (0.576) Batch 0.235 (0.819) Remain 00:24:03 loss: 0.3154 Lr: 0.00182
[2026-07-21 10:58:08,225 INFO misc.py line 117 10873] Train: [65/100][38/50] Data 0.001 (0.560) Batch 0.230 (0.802) Remain 00:23:32 loss: 0.4512 Lr: 0.00182
[2026-07-21 10:58:08,468 INFO misc.py line 117 10873] Train: [65/100][39/50] Data 0.001 (0.544) Batch 0.243 (0.786) Remain 00:23:04 loss: 0.2870 Lr: 0.00181
[2026-07-21 10:58:08,696 INFO misc.py line 117 10873] Train: [65/100][40/50] Data 0.002 (0.529) Batch 0.228 (0.771) Remain 00:22:37 loss: 0.2666 Lr: 0.00181
[2026-07-21 10:58:08,915 INFO misc.py line 117 10873] Train: [65/100][41/50] Data 0.002 (0.516) Batch 0.220 (0.757) Remain 00:22:10 loss: 0.2095 Lr: 0.00181
[2026-07-21 10:58:09,133 INFO misc.py line 117 10873] Train: [65/100][42/50] Data 0.001 (0.502) Batch 0.218 (0.743) Remain 00:21:45 loss: 0.2383 Lr: 0.00181
[2026-07-21 10:58:09,358 INFO misc.py line 117 10873] Train: [65/100][43/50] Data 0.001 (0.490) Batch 0.225 (0.730) Remain 00:21:22 loss: 0.2449 Lr: 0.00181
[2026-07-21 10:58:09,582 INFO misc.py line 117 10873] Train: [65/100][44/50] Data 0.001 (0.478) Batch 0.223 (0.717) Remain 00:20:59 loss: 0.3245 Lr: 0.00180
[2026-07-21 10:58:09,825 INFO misc.py line 117 10873] Train: [65/100][45/50] Data 0.001 (0.467) Batch 0.243 (0.706) Remain 00:20:39 loss: 0.3303 Lr: 0.00180
[2026-07-21 10:58:10,046 INFO misc.py line 117 10873] Train: [65/100][46/50] Data 0.001 (0.456) Batch 0.222 (0.695) Remain 00:20:18 loss: 0.2288 Lr: 0.00180
[2026-07-21 10:58:10,266 INFO misc.py line 117 10873] Train: [65/100][47/50] Data 0.001 (0.445) Batch 0.220 (0.684) Remain 00:19:59 loss: 0.2399 Lr: 0.00180
[2026-07-21 10:58:10,492 INFO misc.py line 117 10873] Train: [65/100][48/50] Data 0.001 (0.436) Batch 0.226 (0.674) Remain 00:19:40 loss: 0.3964 Lr: 0.00180
[2026-07-21 10:58:10,727 INFO misc.py line 117 10873] Train: [65/100][49/50] Data 0.001 (0.426) Batch 0.235 (0.664) Remain 00:19:23 loss: 0.2392 Lr: 0.00180
[2026-07-21 10:58:10,946 INFO misc.py line 117 10873] Train: [65/100][50/50] Data 0.001 (0.417) Batch 0.219 (0.655) Remain 00:19:06 loss: 0.2085 Lr: 0.00179
[2026-07-21 10:58:10,946 INFO misc.py line 147 10873] Train result: loss: 0.2556 
[2026-07-21 10:58:10,946 INFO evaluator.py line 169 10873] >>>>>>>>>>>>>>>> Start Evaluation (Segmentation) >>>>>>>>>>>>>>>>
[2026-07-21 10:58:19,808 INFO evaluator.py line 228 10873] Test: [1/1] Loss 0.4128 
[2026-07-21 10:58:20,072 INFO evaluator.py line 257 10873] Val result: mIoU/macroF1/mAcc/mPrecision/allAcc 0.7587/0.8457/0.8410/0.8587/0.9591.
[2026-07-21 10:58:20,072 INFO evaluator.py line 266 10873] Class_0-road Metrics: IoU=0.9553, accuracy=0.9771, precision=0.9772, F1=0.9771
[2026-07-21 10:58:20,072 INFO evaluator.py line 266 10873] Class_1-road_marking Metrics: IoU=0.5221, accuracy=0.6147, precision=0.7761, F1=0.6860
[2026-07-21 10:58:20,072 INFO evaluator.py line 266 10873] Class_2-natural Metrics: IoU=0.9498, accuracy=0.9689, precision=0.9797, F1=0.9743
[2026-07-21 10:58:20,072 INFO evaluator.py line 266 10873] Class_3-building Metrics: IoU=0.8716, accuracy=0.9525, precision=0.9112, F1=0.9314
[2026-07-21 10:58:20,072 INFO evaluator.py line 266 10873] Class_4-utility_line Metrics: IoU=0.7534, accuracy=0.7868, precision=0.9466, F1=0.8593
[2026-07-21 10:58:20,072 INFO evaluator.py line 266 10873] Class_5-pole Metrics: IoU=0.7770, accuracy=0.8473, precision=0.9035, F1=0.8745
[2026-07-21 10:58:20,072 INFO evaluator.py line 266 10873] Class_6-car Metrics: IoU=0.8875, accuracy=0.9527, precision=0.9284, F1=0.9404
[2026-07-21 10:58:20,072 INFO evaluator.py line 266 10873] Class_7-fence Metrics: IoU=0.3534, accuracy=0.6282, precision=0.4468, F1=0.5222
[2026-07-21 10:58:20,073 INFO evaluator.py line 321 10873] <<<<<<<<<<<<<<<<< End Evaluation <<<<<<<<<<<<<<<<<
[2026-07-21 10:58:20,074 INFO misc.py line 187 10873] Currently Best mIoU: 0.7724
[2026-07-21 10:58:20,074 INFO misc.py line 196 10873] Saving checkpoint to: exp/toronto3d/spunet-toronto3d/model/model_last.pth
[2026-07-21 10:58:51,356 INFO misc.py line 117 10873] Train: [66/100][1/50] Data 30.775 (30.775) Batch 31.018 (31.018) Remain 15:04:10 loss: 0.2165 Lr: 0.00179
[2026-07-21 10:58:51,620 INFO misc.py line 117 10873] Train: [66/100][2/50] Data 0.003 (0.003) Batch 0.264 (0.264) Remain 00:07:41 loss: 0.1746 Lr: 0.00179
[2026-07-21 10:58:51,866 INFO misc.py line 117 10873] Train: [66/100][3/50] Data 0.002 (0.002) Batch 0.247 (0.247) Remain 00:07:10 loss: 0.2182 Lr: 0.00179
[2026-07-21 10:58:52,108 INFO misc.py line 117 10873] Train: [66/100][4/50] Data 0.002 (0.002) Batch 0.242 (0.242) Remain 00:07:02 loss: 0.3027 Lr: 0.00179
[2026-07-21 10:58:52,342 INFO misc.py line 117 10873] Train: [66/100][5/50] Data 0.003 (0.002) Batch 0.234 (0.238) Remain 00:06:54 loss: 0.2018 Lr: 0.00178
[2026-07-21 10:58:52,590 INFO misc.py line 117 10873] Train: [66/100][6/50] Data 0.003 (0.003) Batch 0.248 (0.241) Remain 00:07:00 loss: 0.2883 Lr: 0.00178
[2026-07-21 10:58:53,204 INFO misc.py line 117 10873] Train: [66/100][7/50] Data 0.353 (0.090) Batch 0.614 (0.334) Remain 00:09:42 loss: 0.2133 Lr: 0.00178
[2026-07-21 10:58:53,454 INFO misc.py line 117 10873] Train: [66/100][8/50] Data 0.003 (0.073) Batch 0.250 (0.317) Remain 00:09:13 loss: 0.2370 Lr: 0.00178
[2026-07-21 10:58:53,686 INFO misc.py line 117 10873] Train: [66/100][9/50] Data 0.002 (0.061) Batch 0.232 (0.303) Remain 00:08:47 loss: 0.2151 Lr: 0.00178
[2026-07-21 10:58:53,936 INFO misc.py line 117 10873] Train: [66/100][10/50] Data 0.002 (0.053) Batch 0.250 (0.296) Remain 00:08:34 loss: 0.2784 Lr: 0.00178
[2026-07-21 10:58:54,235 INFO misc.py line 117 10873] Train: [66/100][11/50] Data 0.014 (0.048) Batch 0.299 (0.296) Remain 00:08:34 loss: 0.2193 Lr: 0.00177
[2026-07-21 10:58:54,476 INFO misc.py line 117 10873] Train: [66/100][12/50] Data 0.002 (0.043) Batch 0.240 (0.290) Remain 00:08:23 loss: 0.2567 Lr: 0.00177
[2026-07-21 10:58:54,749 INFO misc.py line 117 10873] Train: [66/100][13/50] Data 0.003 (0.039) Batch 0.273 (0.288) Remain 00:08:20 loss: 0.3204 Lr: 0.00177
[2026-07-21 10:58:55,008 INFO misc.py line 117 10873] Train: [66/100][14/50] Data 0.003 (0.036) Batch 0.260 (0.286) Remain 00:08:15 loss: 0.2390 Lr: 0.00177
[2026-07-21 10:58:55,262 INFO misc.py line 117 10873] Train: [66/100][15/50] Data 0.003 (0.033) Batch 0.253 (0.283) Remain 00:08:10 loss: 0.2022 Lr: 0.00177
[2026-07-21 10:58:55,507 INFO misc.py line 117 10873] Train: [66/100][16/50] Data 0.004 (0.031) Batch 0.246 (0.280) Remain 00:08:05 loss: 0.2382 Lr: 0.00176
[2026-07-21 10:58:55,777 INFO misc.py line 117 10873] Train: [66/100][17/50] Data 0.002 (0.029) Batch 0.270 (0.279) Remain 00:08:04 loss: 0.3396 Lr: 0.00176
[2026-07-21 10:58:56,029 INFO misc.py line 117 10873] Train: [66/100][18/50] Data 0.003 (0.027) Batch 0.252 (0.278) Remain 00:08:00 loss: 0.2788 Lr: 0.00176
[2026-07-21 10:58:56,253 INFO misc.py line 117 10873] Train: [66/100][19/50] Data 0.003 (0.025) Batch 0.223 (0.274) Remain 00:07:54 loss: 0.2133 Lr: 0.00176
[2026-07-21 10:58:56,535 INFO misc.py line 117 10873] Train: [66/100][20/50] Data 0.003 (0.024) Batch 0.282 (0.275) Remain 00:07:55 loss: 0.2930 Lr: 0.00176
[2026-07-21 10:58:56,785 INFO misc.py line 117 10873] Train: [66/100][21/50] Data 0.003 (0.023) Batch 0.251 (0.273) Remain 00:07:52 loss: 0.2862 Lr: 0.00176
[2026-07-21 10:58:57,046 INFO misc.py line 117 10873] Train: [66/100][22/50] Data 0.003 (0.022) Batch 0.261 (0.273) Remain 00:07:51 loss: 0.2907 Lr: 0.00175
[2026-07-21 10:58:57,304 INFO misc.py line 117 10873] Train: [66/100][23/50] Data 0.003 (0.021) Batch 0.256 (0.272) Remain 00:07:49 loss: 0.3608 Lr: 0.00175
[2026-07-21 10:58:57,548 INFO misc.py line 117 10873] Train: [66/100][24/50] Data 0.004 (0.020) Batch 0.244 (0.271) Remain 00:07:46 loss: 0.2126 Lr: 0.00175
[2026-07-21 10:58:57,802 INFO misc.py line 117 10873] Train: [66/100][25/50] Data 0.004 (0.019) Batch 0.255 (0.270) Remain 00:07:45 loss: 0.2295 Lr: 0.00175
[2026-07-21 10:58:58,052 INFO misc.py line 117 10873] Train: [66/100][26/50] Data 0.003 (0.019) Batch 0.250 (0.269) Remain 00:07:43 loss: 0.2410 Lr: 0.00175
[2026-07-21 10:58:58,298 INFO misc.py line 117 10873] Train: [66/100][27/50] Data 0.003 (0.018) Batch 0.247 (0.268) Remain 00:07:41 loss: 0.2759 Lr: 0.00174
[2026-07-21 10:58:58,545 INFO misc.py line 117 10873] Train: [66/100][28/50] Data 0.002 (0.017) Batch 0.247 (0.267) Remain 00:07:40 loss: 0.2550 Lr: 0.00174
[2026-07-21 10:59:15,197 INFO misc.py line 117 10873] Train: [66/100][29/50] Data 16.432 (0.649) Batch 16.652 (0.897) Remain 00:25:44 loss: 0.2808 Lr: 0.00174
[2026-07-21 10:59:16,274 INFO misc.py line 117 10873] Train: [66/100][30/50] Data 0.850 (0.656) Batch 1.078 (0.904) Remain 00:25:54 loss: 0.1765 Lr: 0.00174
[2026-07-21 10:59:16,498 INFO misc.py line 117 10873] Train: [66/100][31/50] Data 0.002 (0.633) Batch 0.223 (0.880) Remain 00:25:12 loss: 0.2239 Lr: 0.00174
[2026-07-21 10:59:16,724 INFO misc.py line 117 10873] Train: [66/100][32/50] Data 0.002 (0.611) Batch 0.227 (0.857) Remain 00:24:32 loss: 0.2499 Lr: 0.00174
[2026-07-21 10:59:16,940 INFO misc.py line 117 10873] Train: [66/100][33/50] Data 0.002 (0.591) Batch 0.216 (0.836) Remain 00:23:55 loss: 0.1698 Lr: 0.00173
[2026-07-21 10:59:17,157 INFO misc.py line 117 10873] Train: [66/100][34/50] Data 0.001 (0.572) Batch 0.217 (0.816) Remain 00:23:19 loss: 0.2194 Lr: 0.00173
[2026-07-21 10:59:17,391 INFO misc.py line 117 10873] Train: [66/100][35/50] Data 0.001 (0.554) Batch 0.234 (0.798) Remain 00:22:47 loss: 0.2137 Lr: 0.00173
[2026-07-21 10:59:17,613 INFO misc.py line 117 10873] Train: [66/100][36/50] Data 0.002 (0.537) Batch 0.222 (0.780) Remain 00:22:17 loss: 0.2174 Lr: 0.00173
[2026-07-21 10:59:17,839 INFO misc.py line 117 10873] Train: [66/100][37/50] Data 0.001 (0.521) Batch 0.226 (0.764) Remain 00:21:48 loss: 0.3108 Lr: 0.00173
[2026-07-21 10:59:18,072 INFO misc.py line 117 10873] Train: [66/100][38/50] Data 0.001 (0.507) Batch 0.233 (0.749) Remain 00:21:21 loss: 0.2414 Lr: 0.00172
[2026-07-21 10:59:18,305 INFO misc.py line 117 10873] Train: [66/100][39/50] Data 0.001 (0.492) Batch 0.233 (0.734) Remain 00:20:56 loss: 0.2378 Lr: 0.00172
[2026-07-21 10:59:18,542 INFO misc.py line 117 10873] Train: [66/100][40/50] Data 0.001 (0.479) Batch 0.237 (0.721) Remain 00:20:32 loss: 0.2533 Lr: 0.00172
[2026-07-21 10:59:18,764 INFO misc.py line 117 10873] Train: [66/100][41/50] Data 0.001 (0.467) Batch 0.221 (0.708) Remain 00:20:09 loss: 0.1835 Lr: 0.00172
[2026-07-21 10:59:18,977 INFO misc.py line 117 10873] Train: [66/100][42/50] Data 0.001 (0.455) Batch 0.213 (0.695) Remain 00:19:47 loss: 0.1947 Lr: 0.00172
[2026-07-21 10:59:19,212 INFO misc.py line 117 10873] Train: [66/100][43/50] Data 0.002 (0.443) Batch 0.235 (0.684) Remain 00:19:27 loss: 0.2481 Lr: 0.00172
[2026-07-21 10:59:19,449 INFO misc.py line 117 10873] Train: [66/100][44/50] Data 0.001 (0.433) Batch 0.237 (0.673) Remain 00:19:07 loss: 0.2052 Lr: 0.00171
[2026-07-21 10:59:19,688 INFO misc.py line 117 10873] Train: [66/100][45/50] Data 0.001 (0.422) Batch 0.239 (0.662) Remain 00:18:49 loss: 0.2319 Lr: 0.00171
[2026-07-21 10:59:19,904 INFO misc.py line 117 10873] Train: [66/100][46/50] Data 0.001 (0.413) Batch 0.216 (0.652) Remain 00:18:31 loss: 0.2373 Lr: 0.00171
[2026-07-21 10:59:20,136 INFO misc.py line 117 10873] Train: [66/100][47/50] Data 0.001 (0.403) Batch 0.232 (0.643) Remain 00:18:14 loss: 0.2390 Lr: 0.00171
[2026-07-21 10:59:20,382 INFO misc.py line 117 10873] Train: [66/100][48/50] Data 0.001 (0.394) Batch 0.246 (0.634) Remain 00:17:58 loss: 0.2323 Lr: 0.00171
[2026-07-21 10:59:20,596 INFO misc.py line 117 10873] Train: [66/100][49/50] Data 0.002 (0.386) Batch 0.214 (0.625) Remain 00:17:42 loss: 0.2196 Lr: 0.00171
[2026-07-21 10:59:20,827 INFO misc.py line 117 10873] Train: [66/100][50/50] Data 0.001 (0.378) Batch 0.231 (0.616) Remain 00:17:27 loss: 0.2208 Lr: 0.00170
[2026-07-21 10:59:20,827 INFO misc.py line 147 10873] Train result: loss: 0.2421 
[2026-07-21 10:59:20,828 INFO evaluator.py line 169 10873] >>>>>>>>>>>>>>>> Start Evaluation (Segmentation) >>>>>>>>>>>>>>>>
[2026-07-21 10:59:29,710 INFO evaluator.py line 228 10873] Test: [1/1] Loss 0.4097 
[2026-07-21 10:59:29,970 INFO evaluator.py line 257 10873] Val result: mIoU/macroF1/mAcc/mPrecision/allAcc 0.7551/0.8358/0.8506/0.8444/0.9606.
[2026-07-21 10:59:29,970 INFO evaluator.py line 266 10873] Class_0-road Metrics: IoU=0.9536, accuracy=0.9795, precision=0.9731, F1=0.9763
[2026-07-21 10:59:29,970 INFO evaluator.py line 266 10873] Class_1-road_marking Metrics: IoU=0.5023, accuracy=0.5684, precision=0.8119, F1=0.6687
[2026-07-21 10:59:29,971 INFO evaluator.py line 266 10873] Class_2-natural Metrics: IoU=0.9628, accuracy=0.9780, precision=0.9841, F1=0.9810
[2026-07-21 10:59:29,971 INFO evaluator.py line 266 10873] Class_3-building Metrics: IoU=0.8860, accuracy=0.9279, precision=0.9515, F1=0.9395
[2026-07-21 10:59:29,971 INFO evaluator.py line 266 10873] Class_4-utility_line Metrics: IoU=0.8406, accuracy=0.8836, precision=0.9453, F1=0.9134
[2026-07-21 10:59:29,971 INFO evaluator.py line 266 10873] Class_5-pole Metrics: IoU=0.7815, accuracy=0.8557, precision=0.9001, F1=0.8773
[2026-07-21 10:59:29,971 INFO evaluator.py line 266 10873] Class_6-car Metrics: IoU=0.8599, accuracy=0.9554, precision=0.8958, F1=0.9247
[2026-07-21 10:59:29,971 INFO evaluator.py line 266 10873] Class_7-fence Metrics: IoU=0.2542, accuracy=0.6563, precision=0.2933, F1=0.4054
[2026-07-21 10:59:29,971 INFO evaluator.py line 321 10873] <<<<<<<<<<<<<<<<< End Evaluation <<<<<<<<<<<<<<<<<
[2026-07-21 10:59:29,972 INFO misc.py line 187 10873] Currently Best mIoU: 0.7724
[2026-07-21 10:59:29,972 INFO misc.py line 196 10873] Saving checkpoint to: exp/toronto3d/spunet-toronto3d/model/model_last.pth
[2026-07-21 11:00:01,761 INFO misc.py line 117 10873] Train: [67/100][1/50] Data 31.271 (31.271) Batch 31.525 (31.525) Remain 14:52:41 loss: 0.2014 Lr: 0.00170
[2026-07-21 11:00:02,009 INFO misc.py line 117 10873] Train: [67/100][2/50] Data 0.003 (0.003) Batch 0.249 (0.249) Remain 00:07:02 loss: 0.2137 Lr: 0.00170
[2026-07-21 11:00:02,238 INFO misc.py line 117 10873] Train: [67/100][3/50] Data 0.002 (0.002) Batch 0.229 (0.229) Remain 00:06:28 loss: 0.1859 Lr: 0.00170
[2026-07-21 11:00:02,486 INFO misc.py line 117 10873] Train: [67/100][4/50] Data 0.002 (0.002) Batch 0.247 (0.247) Remain 00:06:59 loss: 0.1859 Lr: 0.00170
[2026-07-21 11:00:02,732 INFO misc.py line 117 10873] Train: [67/100][5/50] Data 0.002 (0.002) Batch 0.246 (0.247) Remain 00:06:57 loss: 0.2303 Lr: 0.00169
[2026-07-21 11:00:02,968 INFO misc.py line 117 10873] Train: [67/100][6/50] Data 0.002 (0.002) Batch 0.237 (0.243) Remain 00:06:52 loss: 0.2407 Lr: 0.00169
[2026-07-21 11:00:03,213 INFO misc.py line 117 10873] Train: [67/100][7/50] Data 0.003 (0.002) Batch 0.246 (0.244) Remain 00:06:52 loss: 0.2353 Lr: 0.00169
[2026-07-21 11:00:03,448 INFO misc.py line 117 10873] Train: [67/100][8/50] Data 0.002 (0.002) Batch 0.234 (0.242) Remain 00:06:49 loss: 0.2736 Lr: 0.00169
[2026-07-21 11:00:03,712 INFO misc.py line 117 10873] Train: [67/100][9/50] Data 0.002 (0.002) Batch 0.264 (0.246) Remain 00:06:55 loss: 0.2922 Lr: 0.00169
[2026-07-21 11:00:03,946 INFO misc.py line 117 10873] Train: [67/100][10/50] Data 0.002 (0.002) Batch 0.234 (0.244) Remain 00:06:52 loss: 0.2449 Lr: 0.00169
[2026-07-21 11:00:04,203 INFO misc.py line 117 10873] Train: [67/100][11/50] Data 0.002 (0.002) Batch 0.257 (0.246) Remain 00:06:54 loss: 0.2332 Lr: 0.00168
[2026-07-21 11:00:04,436 INFO misc.py line 117 10873] Train: [67/100][12/50] Data 0.002 (0.002) Batch 0.233 (0.244) Remain 00:06:52 loss: 0.3539 Lr: 0.00168
[2026-07-21 11:00:04,685 INFO misc.py line 117 10873] Train: [67/100][13/50] Data 0.002 (0.002) Batch 0.248 (0.245) Remain 00:06:52 loss: 0.2097 Lr: 0.00168
[2026-07-21 11:00:04,922 INFO misc.py line 117 10873] Train: [67/100][14/50] Data 0.002 (0.002) Batch 0.236 (0.244) Remain 00:06:51 loss: 0.2890 Lr: 0.00168
[2026-07-21 11:00:05,194 INFO misc.py line 117 10873] Train: [67/100][15/50] Data 0.003 (0.002) Batch 0.273 (0.246) Remain 00:06:54 loss: 0.3005 Lr: 0.00168
[2026-07-21 11:00:05,422 INFO misc.py line 117 10873] Train: [67/100][16/50] Data 0.002 (0.002) Batch 0.228 (0.245) Remain 00:06:52 loss: 0.1821 Lr: 0.00167
[2026-07-21 11:00:05,669 INFO misc.py line 117 10873] Train: [67/100][17/50] Data 0.002 (0.002) Batch 0.246 (0.245) Remain 00:06:52 loss: 0.1979 Lr: 0.00167
[2026-07-21 11:00:05,908 INFO misc.py line 117 10873] Train: [67/100][18/50] Data 0.003 (0.002) Batch 0.239 (0.245) Remain 00:06:51 loss: 0.2128 Lr: 0.00167
[2026-07-21 11:00:06,151 INFO misc.py line 117 10873] Train: [67/100][19/50] Data 0.002 (0.002) Batch 0.243 (0.245) Remain 00:06:51 loss: 0.2367 Lr: 0.00167
[2026-07-21 11:00:06,420 INFO misc.py line 117 10873] Train: [67/100][20/50] Data 0.003 (0.002) Batch 0.268 (0.246) Remain 00:06:53 loss: 0.2585 Lr: 0.00167
[2026-07-21 11:00:06,672 INFO misc.py line 117 10873] Train: [67/100][21/50] Data 0.003 (0.002) Batch 0.252 (0.246) Remain 00:06:53 loss: 0.2405 Lr: 0.00167
[2026-07-21 11:00:06,937 INFO misc.py line 117 10873] Train: [67/100][22/50] Data 0.003 (0.002) Batch 0.266 (0.247) Remain 00:06:55 loss: 0.3284 Lr: 0.00166
[2026-07-21 11:00:07,180 INFO misc.py line 117 10873] Train: [67/100][23/50] Data 0.002 (0.002) Batch 0.241 (0.247) Remain 00:06:54 loss: 0.1715 Lr: 0.00166
[2026-07-21 11:00:07,440 INFO misc.py line 117 10873] Train: [67/100][24/50] Data 0.004 (0.002) Batch 0.261 (0.248) Remain 00:06:55 loss: 0.2820 Lr: 0.00166
[2026-07-21 11:00:07,705 INFO misc.py line 117 10873] Train: [67/100][25/50] Data 0.003 (0.003) Batch 0.265 (0.248) Remain 00:06:56 loss: 0.3312 Lr: 0.00166
[2026-07-21 11:00:07,941 INFO misc.py line 117 10873] Train: [67/100][26/50] Data 0.002 (0.003) Batch 0.236 (0.248) Remain 00:06:55 loss: 0.2020 Lr: 0.00166
[2026-07-21 11:00:08,168 INFO misc.py line 117 10873] Train: [67/100][27/50] Data 0.003 (0.003) Batch 0.226 (0.247) Remain 00:06:53 loss: 0.1960 Lr: 0.00166
[2026-07-21 11:00:08,412 INFO misc.py line 117 10873] Train: [67/100][28/50] Data 0.003 (0.003) Batch 0.245 (0.247) Remain 00:06:52 loss: 0.2231 Lr: 0.00165
[2026-07-21 11:00:25,667 INFO misc.py line 117 10873] Train: [67/100][29/50] Data 16.992 (0.656) Batch 17.256 (0.901) Remain 00:25:05 loss: 0.3782 Lr: 0.00165
[2026-07-21 11:00:25,902 INFO misc.py line 117 10873] Train: [67/100][30/50] Data 0.001 (0.632) Batch 0.235 (0.876) Remain 00:24:23 loss: 0.2745 Lr: 0.00165
[2026-07-21 11:00:26,119 INFO misc.py line 117 10873] Train: [67/100][31/50] Data 0.001 (0.609) Batch 0.218 (0.853) Remain 00:23:43 loss: 0.2488 Lr: 0.00165
[2026-07-21 11:00:26,356 INFO misc.py line 117 10873] Train: [67/100][32/50] Data 0.001 (0.588) Batch 0.236 (0.832) Remain 00:23:07 loss: 0.3243 Lr: 0.00165
[2026-07-21 11:00:26,589 INFO misc.py line 117 10873] Train: [67/100][33/50] Data 0.001 (0.569) Batch 0.233 (0.812) Remain 00:22:33 loss: 0.3175 Lr: 0.00164
[2026-07-21 11:00:26,800 INFO misc.py line 117 10873] Train: [67/100][34/50] Data 0.001 (0.550) Batch 0.212 (0.792) Remain 00:22:00 loss: 0.1920 Lr: 0.00164
[2026-07-21 11:00:27,018 INFO misc.py line 117 10873] Train: [67/100][35/50] Data 0.001 (0.533) Batch 0.218 (0.774) Remain 00:21:29 loss: 0.2241 Lr: 0.00164
[2026-07-21 11:00:27,248 INFO misc.py line 117 10873] Train: [67/100][36/50] Data 0.001 (0.517) Batch 0.230 (0.758) Remain 00:21:01 loss: 0.1922 Lr: 0.00164
[2026-07-21 11:00:27,483 INFO misc.py line 117 10873] Train: [67/100][37/50] Data 0.001 (0.502) Batch 0.235 (0.743) Remain 00:20:34 loss: 0.2087 Lr: 0.00164
[2026-07-21 11:00:27,699 INFO misc.py line 117 10873] Train: [67/100][38/50] Data 0.001 (0.488) Batch 0.216 (0.727) Remain 00:20:09 loss: 0.2120 Lr: 0.00164
[2026-07-21 11:00:27,915 INFO misc.py line 117 10873] Train: [67/100][39/50] Data 0.001 (0.474) Batch 0.216 (0.713) Remain 00:19:44 loss: 0.2287 Lr: 0.00163
[2026-07-21 11:00:28,167 INFO misc.py line 117 10873] Train: [67/100][40/50] Data 0.001 (0.461) Batch 0.253 (0.701) Remain 00:19:23 loss: 0.2357 Lr: 0.00163
[2026-07-21 11:00:28,397 INFO misc.py line 117 10873] Train: [67/100][41/50] Data 0.001 (0.449) Batch 0.230 (0.688) Remain 00:19:02 loss: 0.3172 Lr: 0.00163
[2026-07-21 11:00:28,626 INFO misc.py line 117 10873] Train: [67/100][42/50] Data 0.001 (0.438) Batch 0.229 (0.677) Remain 00:18:41 loss: 0.2127 Lr: 0.00163
[2026-07-21 11:00:28,868 INFO misc.py line 117 10873] Train: [67/100][43/50] Data 0.001 (0.427) Batch 0.242 (0.666) Remain 00:18:23 loss: 0.2041 Lr: 0.00163
[2026-07-21 11:00:29,091 INFO misc.py line 117 10873] Train: [67/100][44/50] Data 0.001 (0.416) Batch 0.223 (0.655) Remain 00:18:04 loss: 0.2249 Lr: 0.00163
[2026-07-21 11:00:29,325 INFO misc.py line 117 10873] Train: [67/100][45/50] Data 0.001 (0.406) Batch 0.234 (0.645) Remain 00:17:47 loss: 0.2783 Lr: 0.00162
[2026-07-21 11:00:29,586 INFO misc.py line 117 10873] Train: [67/100][46/50] Data 0.001 (0.397) Batch 0.261 (0.636) Remain 00:17:31 loss: 0.3146 Lr: 0.00162
[2026-07-21 11:00:29,811 INFO misc.py line 117 10873] Train: [67/100][47/50] Data 0.001 (0.388) Batch 0.225 (0.627) Remain 00:17:15 loss: 0.2293 Lr: 0.00162
[2026-07-21 11:00:30,049 INFO misc.py line 117 10873] Train: [67/100][48/50] Data 0.001 (0.379) Batch 0.238 (0.618) Remain 00:17:00 loss: 0.1909 Lr: 0.00162
[2026-07-21 11:00:30,267 INFO misc.py line 117 10873] Train: [67/100][49/50] Data 0.001 (0.371) Batch 0.218 (0.609) Remain 00:16:46 loss: 0.1906 Lr: 0.00162
[2026-07-21 11:00:30,488 INFO misc.py line 117 10873] Train: [67/100][50/50] Data 0.001 (0.363) Batch 0.221 (0.601) Remain 00:16:31 loss: 0.1985 Lr: 0.00161
[2026-07-21 11:00:30,488 INFO misc.py line 147 10873] Train result: loss: 0.2430 
[2026-07-21 11:00:30,489 INFO evaluator.py line 169 10873] >>>>>>>>>>>>>>>> Start Evaluation (Segmentation) >>>>>>>>>>>>>>>>
[2026-07-21 11:00:39,328 INFO evaluator.py line 228 10873] Test: [1/1] Loss 0.4044 
[2026-07-21 11:00:39,596 INFO evaluator.py line 257 10873] Val result: mIoU/macroF1/mAcc/mPrecision/allAcc 0.7629/0.8481/0.8419/0.8598/0.9625.
[2026-07-21 11:00:39,596 INFO evaluator.py line 266 10873] Class_0-road Metrics: IoU=0.9593, accuracy=0.9823, precision=0.9762, F1=0.9792
[2026-07-21 11:00:39,596 INFO evaluator.py line 266 10873] Class_1-road_marking Metrics: IoU=0.5314, accuracy=0.6090, precision=0.8067, F1=0.6940
[2026-07-21 11:00:39,596 INFO evaluator.py line 266 10873] Class_2-natural Metrics: IoU=0.9518, accuracy=0.9790, precision=0.9717, F1=0.9753
[2026-07-21 11:00:39,596 INFO evaluator.py line 266 10873] Class_3-building Metrics: IoU=0.9023, accuracy=0.9388, precision=0.9587, F1=0.9487
[2026-07-21 11:00:39,596 INFO evaluator.py line 266 10873] Class_4-utility_line Metrics: IoU=0.7816, accuracy=0.8855, precision=0.8695, F1=0.8774
[2026-07-21 11:00:39,597 INFO evaluator.py line 266 10873] Class_5-pole Metrics: IoU=0.7803, accuracy=0.8338, precision=0.9240, F1=0.8766
[2026-07-21 11:00:39,597 INFO evaluator.py line 266 10873] Class_6-car Metrics: IoU=0.8504, accuracy=0.9327, precision=0.9060, F1=0.9192
[2026-07-21 11:00:39,597 INFO evaluator.py line 266 10873] Class_7-fence Metrics: IoU=0.3461, accuracy=0.5737, precision=0.4659, F1=0.5143
[2026-07-21 11:00:39,597 INFO evaluator.py line 321 10873] <<<<<<<<<<<<<<<<< End Evaluation <<<<<<<<<<<<<<<<<
[2026-07-21 11:00:39,598 INFO misc.py line 187 10873] Currently Best mIoU: 0.7724
[2026-07-21 11:00:39,598 INFO misc.py line 196 10873] Saving checkpoint to: exp/toronto3d/spunet-toronto3d/model/model_last.pth
[2026-07-21 11:01:07,076 INFO misc.py line 117 10873] Train: [68/100][1/50] Data 26.955 (26.955) Batch 27.210 (27.210) Remain 12:27:49 loss: 0.2224 Lr: 0.00161
[2026-07-21 11:01:09,023 INFO misc.py line 117 10873] Train: [68/100][2/50] Data 1.704 (1.704) Batch 1.947 (1.947) Remain 00:53:28 loss: 0.2359 Lr: 0.00161
[2026-07-21 11:01:09,303 INFO misc.py line 117 10873] Train: [68/100][3/50] Data 0.003 (0.003) Batch 0.281 (0.281) Remain 00:07:42 loss: 0.2449 Lr: 0.00161
[2026-07-21 11:01:09,603 INFO misc.py line 117 10873] Train: [68/100][4/50] Data 0.002 (0.002) Batch 0.300 (0.300) Remain 00:08:13 loss: 0.2754 Lr: 0.00161
[2026-07-21 11:01:09,852 INFO misc.py line 117 10873] Train: [68/100][5/50] Data 0.003 (0.003) Batch 0.250 (0.275) Remain 00:07:31 loss: 0.2152 Lr: 0.00161
[2026-07-21 11:01:10,115 INFO misc.py line 117 10873] Train: [68/100][6/50] Data 0.003 (0.003) Batch 0.262 (0.270) Remain 00:07:24 loss: 0.2878 Lr: 0.00160
[2026-07-21 11:01:10,374 INFO misc.py line 117 10873] Train: [68/100][7/50] Data 0.004 (0.003) Batch 0.260 (0.268) Remain 00:07:19 loss: 0.2638 Lr: 0.00160
[2026-07-21 11:01:10,637 INFO misc.py line 117 10873] Train: [68/100][8/50] Data 0.003 (0.003) Batch 0.263 (0.267) Remain 00:07:17 loss: 0.2227 Lr: 0.00160
[2026-07-21 11:01:10,876 INFO misc.py line 117 10873] Train: [68/100][9/50] Data 0.003 (0.003) Batch 0.239 (0.262) Remain 00:07:10 loss: 0.1721 Lr: 0.00160
[2026-07-21 11:01:11,135 INFO misc.py line 117 10873] Train: [68/100][10/50] Data 0.002 (0.003) Batch 0.260 (0.262) Remain 00:07:09 loss: 0.2350 Lr: 0.00160
[2026-07-21 11:01:11,369 INFO misc.py line 117 10873] Train: [68/100][11/50] Data 0.002 (0.003) Batch 0.234 (0.258) Remain 00:07:03 loss: 0.2443 Lr: 0.00160
[2026-07-21 11:01:11,602 INFO misc.py line 117 10873] Train: [68/100][12/50] Data 0.002 (0.003) Batch 0.233 (0.255) Remain 00:06:58 loss: 0.2239 Lr: 0.00159
[2026-07-21 11:01:11,861 INFO misc.py line 117 10873] Train: [68/100][13/50] Data 0.002 (0.003) Batch 0.259 (0.256) Remain 00:06:58 loss: 0.2902 Lr: 0.00159
[2026-07-21 11:01:12,115 INFO misc.py line 117 10873] Train: [68/100][14/50] Data 0.002 (0.003) Batch 0.254 (0.256) Remain 00:06:58 loss: 0.3165 Lr: 0.00159
[2026-07-21 11:01:12,377 INFO misc.py line 117 10873] Train: [68/100][15/50] Data 0.002 (0.003) Batch 0.262 (0.256) Remain 00:06:58 loss: 0.3257 Lr: 0.00159
[2026-07-21 11:01:12,626 INFO misc.py line 117 10873] Train: [68/100][16/50] Data 0.003 (0.003) Batch 0.249 (0.256) Remain 00:06:57 loss: 0.2393 Lr: 0.00159
[2026-07-21 11:01:12,863 INFO misc.py line 117 10873] Train: [68/100][17/50] Data 0.003 (0.003) Batch 0.237 (0.254) Remain 00:06:55 loss: 0.1595 Lr: 0.00158
[2026-07-21 11:01:13,114 INFO misc.py line 117 10873] Train: [68/100][18/50] Data 0.004 (0.003) Batch 0.252 (0.254) Remain 00:06:54 loss: 0.4326 Lr: 0.00158
[2026-07-21 11:01:13,362 INFO misc.py line 117 10873] Train: [68/100][19/50] Data 0.002 (0.003) Batch 0.247 (0.254) Remain 00:06:53 loss: 0.2596 Lr: 0.00158
[2026-07-21 11:01:13,641 INFO misc.py line 117 10873] Train: [68/100][20/50] Data 0.002 (0.003) Batch 0.279 (0.255) Remain 00:06:55 loss: 0.2027 Lr: 0.00158
[2026-07-21 11:01:13,894 INFO misc.py line 117 10873] Train: [68/100][21/50] Data 0.003 (0.003) Batch 0.253 (0.255) Remain 00:06:55 loss: 0.2175 Lr: 0.00158
[2026-07-21 11:01:14,131 INFO misc.py line 117 10873] Train: [68/100][22/50] Data 0.004 (0.003) Batch 0.237 (0.254) Remain 00:06:53 loss: 0.2855 Lr: 0.00158
[2026-07-21 11:01:14,372 INFO misc.py line 117 10873] Train: [68/100][23/50] Data 0.003 (0.003) Batch 0.240 (0.253) Remain 00:06:52 loss: 0.2020 Lr: 0.00157
[2026-07-21 11:01:14,608 INFO misc.py line 117 10873] Train: [68/100][24/50] Data 0.005 (0.003) Batch 0.238 (0.253) Remain 00:06:50 loss: 0.2460 Lr: 0.00157
[2026-07-21 11:01:14,857 INFO misc.py line 117 10873] Train: [68/100][25/50] Data 0.003 (0.003) Batch 0.248 (0.252) Remain 00:06:50 loss: 0.2665 Lr: 0.00157
[2026-07-21 11:01:15,107 INFO misc.py line 117 10873] Train: [68/100][26/50] Data 0.003 (0.003) Batch 0.250 (0.252) Remain 00:06:49 loss: 0.1915 Lr: 0.00157
[2026-07-21 11:01:15,370 INFO misc.py line 117 10873] Train: [68/100][27/50] Data 0.002 (0.003) Batch 0.263 (0.253) Remain 00:06:50 loss: 0.2084 Lr: 0.00157
[2026-07-21 11:01:15,652 INFO misc.py line 117 10873] Train: [68/100][28/50] Data 0.002 (0.003) Batch 0.283 (0.254) Remain 00:06:51 loss: 0.3014 Lr: 0.00157
[2026-07-21 11:01:31,701 INFO misc.py line 117 10873] Train: [68/100][29/50] Data 15.794 (0.610) Batch 16.049 (0.861) Remain 00:23:16 loss: 0.2438 Lr: 0.00156
[2026-07-21 11:01:31,935 INFO misc.py line 117 10873] Train: [68/100][30/50] Data 0.003 (0.588) Batch 0.233 (0.838) Remain 00:22:37 loss: 0.2010 Lr: 0.00156
[2026-07-21 11:01:33,360 INFO misc.py line 117 10873] Train: [68/100][31/50] Data 1.181 (0.609) Batch 1.425 (0.859) Remain 00:23:11 loss: 0.2106 Lr: 0.00156
[2026-07-21 11:01:33,585 INFO misc.py line 117 10873] Train: [68/100][32/50] Data 0.002 (0.588) Batch 0.225 (0.837) Remain 00:22:34 loss: 0.2596 Lr: 0.00156
[2026-07-21 11:01:33,815 INFO misc.py line 117 10873] Train: [68/100][33/50] Data 0.002 (0.568) Batch 0.230 (0.817) Remain 00:22:01 loss: 0.2441 Lr: 0.00156
[2026-07-21 11:01:34,039 INFO misc.py line 117 10873] Train: [68/100][34/50] Data 0.002 (0.550) Batch 0.224 (0.798) Remain 00:21:29 loss: 0.3066 Lr: 0.00156
[2026-07-21 11:01:34,269 INFO misc.py line 117 10873] Train: [68/100][35/50] Data 0.002 (0.533) Batch 0.230 (0.780) Remain 00:21:00 loss: 0.3434 Lr: 0.00155
[2026-07-21 11:01:34,496 INFO misc.py line 117 10873] Train: [68/100][36/50] Data 0.002 (0.517) Batch 0.227 (0.763) Remain 00:20:32 loss: 0.1934 Lr: 0.00155
[2026-07-21 11:01:34,710 INFO misc.py line 117 10873] Train: [68/100][37/50] Data 0.002 (0.502) Batch 0.215 (0.747) Remain 00:20:05 loss: 0.1788 Lr: 0.00155
[2026-07-21 11:01:35,357 INFO misc.py line 117 10873] Train: [68/100][38/50] Data 0.413 (0.499) Batch 0.646 (0.744) Remain 00:19:59 loss: 0.2886 Lr: 0.00155
[2026-07-21 11:01:35,593 INFO misc.py line 117 10873] Train: [68/100][39/50] Data 0.001 (0.485) Batch 0.236 (0.730) Remain 00:19:36 loss: 0.3282 Lr: 0.00155
[2026-07-21 11:01:35,824 INFO misc.py line 117 10873] Train: [68/100][40/50] Data 0.001 (0.472) Batch 0.232 (0.717) Remain 00:19:14 loss: 0.3653 Lr: 0.00154
[2026-07-21 11:01:36,049 INFO misc.py line 117 10873] Train: [68/100][41/50] Data 0.001 (0.460) Batch 0.225 (0.704) Remain 00:18:52 loss: 0.2864 Lr: 0.00154
[2026-07-21 11:01:36,282 INFO misc.py line 117 10873] Train: [68/100][42/50] Data 0.001 (0.448) Batch 0.232 (0.692) Remain 00:18:32 loss: 0.2019 Lr: 0.00154
[2026-07-21 11:01:36,525 INFO misc.py line 117 10873] Train: [68/100][43/50] Data 0.001 (0.437) Batch 0.243 (0.681) Remain 00:18:13 loss: 0.2918 Lr: 0.00154
[2026-07-21 11:01:36,745 INFO misc.py line 117 10873] Train: [68/100][44/50] Data 0.001 (0.426) Batch 0.220 (0.669) Remain 00:17:54 loss: 0.2608 Lr: 0.00154
[2026-07-21 11:01:36,971 INFO misc.py line 117 10873] Train: [68/100][45/50] Data 0.001 (0.416) Batch 0.226 (0.659) Remain 00:17:37 loss: 0.2504 Lr: 0.00154
[2026-07-21 11:01:37,190 INFO misc.py line 117 10873] Train: [68/100][46/50] Data 0.001 (0.407) Batch 0.218 (0.649) Remain 00:17:20 loss: 0.2462 Lr: 0.00153
[2026-07-21 11:01:37,407 INFO misc.py line 117 10873] Train: [68/100][47/50] Data 0.001 (0.397) Batch 0.217 (0.639) Remain 00:17:03 loss: 0.1915 Lr: 0.00153
[2026-07-21 11:01:37,645 INFO misc.py line 117 10873] Train: [68/100][48/50] Data 0.001 (0.389) Batch 0.239 (0.630) Remain 00:16:49 loss: 0.2495 Lr: 0.00153
[2026-07-21 11:01:37,857 INFO misc.py line 117 10873] Train: [68/100][49/50] Data 0.001 (0.380) Batch 0.212 (0.621) Remain 00:16:33 loss: 0.2205 Lr: 0.00153
[2026-07-21 11:01:38,070 INFO misc.py line 117 10873] Train: [68/100][50/50] Data 0.001 (0.372) Batch 0.212 (0.612) Remain 00:16:19 loss: 0.2135 Lr: 0.00153
[2026-07-21 11:01:38,070 INFO misc.py line 147 10873] Train result: loss: 0.2513 
[2026-07-21 11:01:38,070 INFO evaluator.py line 169 10873] >>>>>>>>>>>>>>>> Start Evaluation (Segmentation) >>>>>>>>>>>>>>>>
[2026-07-21 11:01:46,962 INFO evaluator.py line 228 10873] Test: [1/1] Loss 0.3813 
[2026-07-21 11:01:47,240 INFO evaluator.py line 257 10873] Val result: mIoU/macroF1/mAcc/mPrecision/allAcc 0.7733/0.8536/0.8371/0.8745/0.9643.
[2026-07-21 11:01:47,241 INFO evaluator.py line 266 10873] Class_0-road Metrics: IoU=0.9605, accuracy=0.9855, precision=0.9743, F1=0.9799
[2026-07-21 11:01:47,241 INFO evaluator.py line 266 10873] Class_1-road_marking Metrics: IoU=0.5532, accuracy=0.6262, precision=0.8261, F1=0.7124
[2026-07-21 11:01:47,241 INFO evaluator.py line 266 10873] Class_2-natural Metrics: IoU=0.9546, accuracy=0.9836, precision=0.9700, F1=0.9768
[2026-07-21 11:01:47,241 INFO evaluator.py line 266 10873] Class_3-building Metrics: IoU=0.8963, accuracy=0.9286, precision=0.9625, F1=0.9453
[2026-07-21 11:01:47,241 INFO evaluator.py line 266 10873] Class_4-utility_line Metrics: IoU=0.8394, accuracy=0.8996, precision=0.9261, F1=0.9127
[2026-07-21 11:01:47,241 INFO evaluator.py line 266 10873] Class_5-pole Metrics: IoU=0.7742, accuracy=0.8241, precision=0.9274, F1=0.8727
[2026-07-21 11:01:47,241 INFO evaluator.py line 266 10873] Class_6-car Metrics: IoU=0.8830, accuracy=0.9433, precision=0.9326, F1=0.9379
[2026-07-21 11:01:47,241 INFO evaluator.py line 266 10873] Class_7-fence Metrics: IoU=0.3254, accuracy=0.5055, precision=0.4773, F1=0.4910
[2026-07-21 11:01:47,241 INFO evaluator.py line 321 10873] <<<<<<<<<<<<<<<<< End Evaluation <<<<<<<<<<<<<<<<<
[2026-07-21 11:01:47,242 INFO misc.py line 182 10873] Best validation mIoU updated to: 0.7733
[2026-07-21 11:01:47,242 INFO misc.py line 187 10873] Currently Best mIoU: 0.7733
[2026-07-21 11:01:47,243 INFO misc.py line 196 10873] Saving checkpoint to: exp/toronto3d/spunet-toronto3d/model/model_last.pth
[2026-07-21 11:02:18,909 INFO misc.py line 117 10873] Train: [69/100][1/50] Data 28.500 (28.500) Batch 28.780 (28.780) Remain 12:46:59 loss: 0.2792 Lr: 0.00153
[2026-07-21 11:02:19,168 INFO misc.py line 117 10873] Train: [69/100][2/50] Data 0.003 (0.003) Batch 0.260 (0.260) Remain 00:06:55 loss: 0.2094 Lr: 0.00152
[2026-07-21 11:02:19,418 INFO misc.py line 117 10873] Train: [69/100][3/50] Data 0.011 (0.011) Batch 0.250 (0.250) Remain 00:06:39 loss: 0.2438 Lr: 0.00152
[2026-07-21 11:02:19,674 INFO misc.py line 117 10873] Train: [69/100][4/50] Data 0.003 (0.003) Batch 0.255 (0.255) Remain 00:06:47 loss: 0.2270 Lr: 0.00152
[2026-07-21 11:02:20,020 INFO misc.py line 117 10873] Train: [69/100][5/50] Data 0.003 (0.003) Batch 0.346 (0.301) Remain 00:07:59 loss: 0.2479 Lr: 0.00152
[2026-07-21 11:02:20,277 INFO misc.py line 117 10873] Train: [69/100][6/50] Data 0.003 (0.003) Batch 0.254 (0.285) Remain 00:07:34 loss: 0.2055 Lr: 0.00152
[2026-07-21 11:02:20,559 INFO misc.py line 117 10873] Train: [69/100][7/50] Data 0.010 (0.005) Batch 0.275 (0.283) Remain 00:07:30 loss: 0.2759 Lr: 0.00152
[2026-07-21 11:02:20,856 INFO misc.py line 117 10873] Train: [69/100][8/50] Data 0.013 (0.007) Batch 0.308 (0.288) Remain 00:07:37 loss: 0.3570 Lr: 0.00151
[2026-07-21 11:02:21,340 INFO misc.py line 117 10873] Train: [69/100][9/50] Data 0.221 (0.042) Batch 0.484 (0.320) Remain 00:08:29 loss: 0.2701 Lr: 0.00151
[2026-07-21 11:02:21,580 INFO misc.py line 117 10873] Train: [69/100][10/50] Data 0.003 (0.037) Batch 0.240 (0.309) Remain 00:08:11 loss: 0.2325 Lr: 0.00151
[2026-07-21 11:02:21,835 INFO misc.py line 117 10873] Train: [69/100][11/50] Data 0.002 (0.032) Batch 0.254 (0.302) Remain 00:07:59 loss: 0.2651 Lr: 0.00151
[2026-07-21 11:02:22,087 INFO misc.py line 117 10873] Train: [69/100][12/50] Data 0.002 (0.029) Batch 0.252 (0.296) Remain 00:07:50 loss: 0.1670 Lr: 0.00151
[2026-07-21 11:02:22,326 INFO misc.py line 117 10873] Train: [69/100][13/50] Data 0.003 (0.026) Batch 0.240 (0.291) Remain 00:07:41 loss: 0.1830 Lr: 0.00151
[2026-07-21 11:02:22,584 INFO misc.py line 117 10873] Train: [69/100][14/50] Data 0.003 (0.024) Batch 0.256 (0.288) Remain 00:07:36 loss: 0.2216 Lr: 0.00150
[2026-07-21 11:02:22,819 INFO misc.py line 117 10873] Train: [69/100][15/50] Data 0.004 (0.023) Batch 0.236 (0.283) Remain 00:07:29 loss: 0.1872 Lr: 0.00150
[2026-07-21 11:02:23,070 INFO misc.py line 117 10873] Train: [69/100][16/50] Data 0.003 (0.021) Batch 0.251 (0.281) Remain 00:07:24 loss: 0.2137 Lr: 0.00150
[2026-07-21 11:02:23,314 INFO misc.py line 117 10873] Train: [69/100][17/50] Data 0.003 (0.020) Batch 0.244 (0.278) Remain 00:07:20 loss: 0.2561 Lr: 0.00150
[2026-07-21 11:02:23,563 INFO misc.py line 117 10873] Train: [69/100][18/50] Data 0.002 (0.019) Batch 0.249 (0.276) Remain 00:07:17 loss: 0.1953 Lr: 0.00150
[2026-07-21 11:02:23,823 INFO misc.py line 117 10873] Train: [69/100][19/50] Data 0.002 (0.018) Batch 0.260 (0.275) Remain 00:07:15 loss: 0.2410 Lr: 0.00149
[2026-07-21 11:02:24,079 INFO misc.py line 117 10873] Train: [69/100][20/50] Data 0.002 (0.017) Batch 0.255 (0.274) Remain 00:07:13 loss: 0.3059 Lr: 0.00149
[2026-07-21 11:02:24,308 INFO misc.py line 117 10873] Train: [69/100][21/50] Data 0.004 (0.016) Batch 0.229 (0.272) Remain 00:07:08 loss: 0.3125 Lr: 0.00149
[2026-07-21 11:02:24,552 INFO misc.py line 117 10873] Train: [69/100][22/50] Data 0.003 (0.015) Batch 0.244 (0.270) Remain 00:07:06 loss: 0.2877 Lr: 0.00149
[2026-07-21 11:02:24,805 INFO misc.py line 117 10873] Train: [69/100][23/50] Data 0.002 (0.015) Batch 0.253 (0.269) Remain 00:07:04 loss: 0.2441 Lr: 0.00149
[2026-07-21 11:02:25,068 INFO misc.py line 117 10873] Train: [69/100][24/50] Data 0.002 (0.014) Batch 0.262 (0.269) Remain 00:07:03 loss: 0.3112 Lr: 0.00149
[2026-07-21 11:02:25,329 INFO misc.py line 117 10873] Train: [69/100][25/50] Data 0.003 (0.013) Batch 0.261 (0.269) Remain 00:07:03 loss: 0.1919 Lr: 0.00148
[2026-07-21 11:02:25,577 INFO misc.py line 117 10873] Train: [69/100][26/50] Data 0.004 (0.013) Batch 0.249 (0.268) Remain 00:07:01 loss: 0.1874 Lr: 0.00148
[2026-07-21 11:02:25,817 INFO misc.py line 117 10873] Train: [69/100][27/50] Data 0.003 (0.013) Batch 0.239 (0.267) Remain 00:06:59 loss: 0.1889 Lr: 0.00148
[2026-07-21 11:02:26,060 INFO misc.py line 117 10873] Train: [69/100][28/50] Data 0.003 (0.012) Batch 0.244 (0.266) Remain 00:06:57 loss: 0.3471 Lr: 0.00148
[2026-07-21 11:02:44,475 INFO misc.py line 117 10873] Train: [69/100][29/50] Data 18.183 (0.711) Batch 18.415 (0.964) Remain 00:25:14 loss: 0.2379 Lr: 0.00148
[2026-07-21 11:02:45,169 INFO misc.py line 117 10873] Train: [69/100][30/50] Data 0.465 (0.702) Batch 0.694 (0.954) Remain 00:24:57 loss: 0.2383 Lr: 0.00148
[2026-07-21 11:02:45,394 INFO misc.py line 117 10873] Train: [69/100][31/50] Data 0.001 (0.677) Batch 0.225 (0.928) Remain 00:24:15 loss: 0.1876 Lr: 0.00147
[2026-07-21 11:02:45,616 INFO misc.py line 117 10873] Train: [69/100][32/50] Data 0.002 (0.654) Batch 0.222 (0.903) Remain 00:23:36 loss: 0.1629 Lr: 0.00147
[2026-07-21 11:02:45,851 INFO misc.py line 117 10873] Train: [69/100][33/50] Data 0.002 (0.632) Batch 0.235 (0.881) Remain 00:23:00 loss: 0.3633 Lr: 0.00147
[2026-07-21 11:02:46,080 INFO misc.py line 117 10873] Train: [69/100][34/50] Data 0.002 (0.612) Batch 0.230 (0.860) Remain 00:22:26 loss: 0.2485 Lr: 0.00147
[2026-07-21 11:02:46,322 INFO misc.py line 117 10873] Train: [69/100][35/50] Data 0.001 (0.593) Batch 0.241 (0.841) Remain 00:21:55 loss: 0.3566 Lr: 0.00147
[2026-07-21 11:02:46,548 INFO misc.py line 117 10873] Train: [69/100][36/50] Data 0.001 (0.575) Batch 0.226 (0.822) Remain 00:21:25 loss: 0.2869 Lr: 0.00147
[2026-07-21 11:02:46,768 INFO misc.py line 117 10873] Train: [69/100][37/50] Data 0.001 (0.558) Batch 0.220 (0.804) Remain 00:20:57 loss: 0.2280 Lr: 0.00146
[2026-07-21 11:02:47,006 INFO misc.py line 117 10873] Train: [69/100][38/50] Data 0.001 (0.542) Batch 0.238 (0.788) Remain 00:20:31 loss: 0.2610 Lr: 0.00146
[2026-07-21 11:02:47,232 INFO misc.py line 117 10873] Train: [69/100][39/50] Data 0.001 (0.527) Batch 0.227 (0.773) Remain 00:20:06 loss: 0.2771 Lr: 0.00146
[2026-07-21 11:02:47,470 INFO misc.py line 117 10873] Train: [69/100][40/50] Data 0.001 (0.513) Batch 0.237 (0.758) Remain 00:19:42 loss: 0.2586 Lr: 0.00146
[2026-07-21 11:02:47,695 INFO misc.py line 117 10873] Train: [69/100][41/50] Data 0.002 (0.499) Batch 0.225 (0.744) Remain 00:19:20 loss: 0.2382 Lr: 0.00146
[2026-07-21 11:02:47,940 INFO misc.py line 117 10873] Train: [69/100][42/50] Data 0.001 (0.486) Batch 0.245 (0.731) Remain 00:18:59 loss: 0.3464 Lr: 0.00146
[2026-07-21 11:02:48,174 INFO misc.py line 117 10873] Train: [69/100][43/50] Data 0.001 (0.474) Batch 0.234 (0.719) Remain 00:18:39 loss: 0.2155 Lr: 0.00145
[2026-07-21 11:02:48,424 INFO misc.py line 117 10873] Train: [69/100][44/50] Data 0.001 (0.463) Batch 0.250 (0.707) Remain 00:18:20 loss: 0.2579 Lr: 0.00145
[2026-07-21 11:02:48,641 INFO misc.py line 117 10873] Train: [69/100][45/50] Data 0.001 (0.452) Batch 0.216 (0.696) Remain 00:18:01 loss: 0.1717 Lr: 0.00145
[2026-07-21 11:02:48,863 INFO misc.py line 117 10873] Train: [69/100][46/50] Data 0.001 (0.441) Batch 0.222 (0.685) Remain 00:17:44 loss: 0.1827 Lr: 0.00145
[2026-07-21 11:02:49,093 INFO misc.py line 117 10873] Train: [69/100][47/50] Data 0.001 (0.431) Batch 0.230 (0.674) Remain 00:17:27 loss: 0.2122 Lr: 0.00145
[2026-07-21 11:02:49,315 INFO misc.py line 117 10873] Train: [69/100][48/50] Data 0.001 (0.422) Batch 0.222 (0.664) Remain 00:17:11 loss: 0.2790 Lr: 0.00145
[2026-07-21 11:02:49,528 INFO misc.py line 117 10873] Train: [69/100][49/50] Data 0.001 (0.413) Batch 0.213 (0.655) Remain 00:16:55 loss: 0.2071 Lr: 0.00144
[2026-07-21 11:02:49,767 INFO misc.py line 117 10873] Train: [69/100][50/50] Data 0.001 (0.404) Batch 0.239 (0.646) Remain 00:16:40 loss: 0.2855 Lr: 0.00144
[2026-07-21 11:02:49,767 INFO misc.py line 147 10873] Train result: loss: 0.2472 
[2026-07-21 11:02:49,767 INFO evaluator.py line 169 10873] >>>>>>>>>>>>>>>> Start Evaluation (Segmentation) >>>>>>>>>>>>>>>>
[2026-07-21 11:02:58,639 INFO evaluator.py line 228 10873] Test: [1/1] Loss 0.3806 
[2026-07-21 11:02:58,902 INFO evaluator.py line 257 10873] Val result: mIoU/macroF1/mAcc/mPrecision/allAcc 0.7790/0.8610/0.8464/0.8790/0.9640.
[2026-07-21 11:02:58,903 INFO evaluator.py line 266 10873] Class_0-road Metrics: IoU=0.9587, accuracy=0.9845, precision=0.9734, F1=0.9789
[2026-07-21 11:02:58,903 INFO evaluator.py line 266 10873] Class_1-road_marking Metrics: IoU=0.5455, accuracy=0.6280, precision=0.8059, F1=0.7059
[2026-07-21 11:02:58,903 INFO evaluator.py line 266 10873] Class_2-natural Metrics: IoU=0.9568, accuracy=0.9746, precision=0.9812, F1=0.9779
[2026-07-21 11:02:58,903 INFO evaluator.py line 266 10873] Class_3-building Metrics: IoU=0.8937, accuracy=0.9470, precision=0.9407, F1=0.9438
[2026-07-21 11:02:58,903 INFO evaluator.py line 266 10873] Class_4-utility_line Metrics: IoU=0.8259, accuracy=0.8785, precision=0.9324, F1=0.9046
[2026-07-21 11:02:58,903 INFO evaluator.py line 266 10873] Class_5-pole Metrics: IoU=0.7872, accuracy=0.8459, precision=0.9190, F1=0.8809
[2026-07-21 11:02:58,903 INFO evaluator.py line 266 10873] Class_6-car Metrics: IoU=0.8714, accuracy=0.9455, precision=0.9174, F1=0.9313
[2026-07-21 11:02:58,903 INFO evaluator.py line 266 10873] Class_7-fence Metrics: IoU=0.3933, accuracy=0.5673, precision=0.5619, F1=0.5646
[2026-07-21 11:02:58,904 INFO evaluator.py line 321 10873] <<<<<<<<<<<<<<<<< End Evaluation <<<<<<<<<<<<<<<<<
[2026-07-21 11:02:58,904 INFO misc.py line 182 10873] Best validation mIoU updated to: 0.7790
[2026-07-21 11:02:58,905 INFO misc.py line 187 10873] Currently Best mIoU: 0.7790
[2026-07-21 11:02:58,905 INFO misc.py line 196 10873] Saving checkpoint to: exp/toronto3d/spunet-toronto3d/model/model_last.pth
[2026-07-21 11:03:28,184 INFO misc.py line 117 10873] Train: [70/100][1/50] Data 26.132 (26.132) Batch 26.396 (26.396) Remain 11:21:26 loss: 0.2680 Lr: 0.00144
[2026-07-21 11:03:29,716 INFO misc.py line 117 10873] Train: [70/100][2/50] Data 1.302 (1.302) Batch 1.532 (1.532) Remain 00:39:31 loss: 0.1893 Lr: 0.00144
[2026-07-21 11:03:29,998 INFO misc.py line 117 10873] Train: [70/100][3/50] Data 0.003 (0.003) Batch 0.282 (0.282) Remain 00:07:16 loss: 0.1903 Lr: 0.00144
[2026-07-21 11:03:30,591 INFO misc.py line 117 10873] Train: [70/100][4/50] Data 0.328 (0.328) Batch 0.591 (0.591) Remain 00:15:14 loss: 0.2170 Lr: 0.00144
[2026-07-21 11:03:30,852 INFO misc.py line 117 10873] Train: [70/100][5/50] Data 0.005 (0.166) Batch 0.263 (0.427) Remain 00:10:59 loss: 0.3057 Lr: 0.00143
[2026-07-21 11:03:33,270 INFO misc.py line 117 10873] Train: [70/100][6/50] Data 2.119 (0.817) Batch 2.417 (1.090) Remain 00:28:03 loss: 0.1995 Lr: 0.00143
[2026-07-21 11:03:33,519 INFO misc.py line 117 10873] Train: [70/100][7/50] Data 0.004 (0.614) Batch 0.250 (0.880) Remain 00:22:38 loss: 0.2742 Lr: 0.00143
[2026-07-21 11:03:33,824 INFO misc.py line 117 10873] Train: [70/100][8/50] Data 0.002 (0.492) Batch 0.305 (0.765) Remain 00:19:40 loss: 0.3398 Lr: 0.00143
[2026-07-21 11:03:34,075 INFO misc.py line 117 10873] Train: [70/100][9/50] Data 0.003 (0.410) Batch 0.250 (0.679) Remain 00:17:26 loss: 0.2653 Lr: 0.00143
[2026-07-21 11:03:34,336 INFO misc.py line 117 10873] Train: [70/100][10/50] Data 0.003 (0.352) Batch 0.261 (0.620) Remain 00:15:54 loss: 0.2243 Lr: 0.00142
[2026-07-21 11:03:34,591 INFO misc.py line 117 10873] Train: [70/100][11/50] Data 0.003 (0.308) Batch 0.255 (0.574) Remain 00:14:43 loss: 0.1929 Lr: 0.00142
[2026-07-21 11:03:34,839 INFO misc.py line 117 10873] Train: [70/100][12/50] Data 0.002 (0.274) Batch 0.248 (0.538) Remain 00:13:47 loss: 0.2673 Lr: 0.00142
[2026-07-21 11:03:35,082 INFO misc.py line 117 10873] Train: [70/100][13/50] Data 0.002 (0.247) Batch 0.243 (0.508) Remain 00:13:01 loss: 0.2816 Lr: 0.00142
[2026-07-21 11:03:35,336 INFO misc.py line 117 10873] Train: [70/100][14/50] Data 0.003 (0.225) Batch 0.254 (0.485) Remain 00:12:25 loss: 0.2445 Lr: 0.00142
[2026-07-21 11:03:35,582 INFO misc.py line 117 10873] Train: [70/100][15/50] Data 0.003 (0.206) Batch 0.246 (0.465) Remain 00:11:54 loss: 0.2915 Lr: 0.00142
[2026-07-21 11:03:35,831 INFO misc.py line 117 10873] Train: [70/100][16/50] Data 0.003 (0.191) Batch 0.249 (0.449) Remain 00:11:28 loss: 0.2155 Lr: 0.00141
[2026-07-21 11:03:36,127 INFO misc.py line 117 10873] Train: [70/100][17/50] Data 0.003 (0.177) Batch 0.297 (0.438) Remain 00:11:11 loss: 0.1990 Lr: 0.00141
[2026-07-21 11:03:36,397 INFO misc.py line 117 10873] Train: [70/100][18/50] Data 0.012 (0.166) Batch 0.269 (0.427) Remain 00:10:53 loss: 0.2341 Lr: 0.00141
[2026-07-21 11:03:36,631 INFO misc.py line 117 10873] Train: [70/100][19/50] Data 0.003 (0.156) Batch 0.235 (0.415) Remain 00:10:34 loss: 0.1680 Lr: 0.00141
[2026-07-21 11:03:36,926 INFO misc.py line 117 10873] Train: [70/100][20/50] Data 0.003 (0.147) Batch 0.295 (0.408) Remain 00:10:23 loss: 0.4182 Lr: 0.00141
[2026-07-21 11:03:37,237 INFO misc.py line 117 10873] Train: [70/100][21/50] Data 0.014 (0.140) Batch 0.310 (0.402) Remain 00:10:14 loss: 0.2169 Lr: 0.00141
[2026-07-21 11:03:37,540 INFO misc.py line 117 10873] Train: [70/100][22/50] Data 0.003 (0.132) Batch 0.304 (0.397) Remain 00:10:06 loss: 0.1955 Lr: 0.00140
[2026-07-21 11:03:37,808 INFO misc.py line 117 10873] Train: [70/100][23/50] Data 0.003 (0.126) Batch 0.258 (0.390) Remain 00:09:55 loss: 0.2787 Lr: 0.00140
[2026-07-21 11:03:38,060 INFO misc.py line 117 10873] Train: [70/100][24/50] Data 0.021 (0.121) Batch 0.262 (0.384) Remain 00:09:45 loss: 0.1825 Lr: 0.00140
[2026-07-21 11:03:38,319 INFO misc.py line 117 10873] Train: [70/100][25/50] Data 0.002 (0.116) Batch 0.248 (0.378) Remain 00:09:36 loss: 0.2141 Lr: 0.00140
[2026-07-21 11:03:38,585 INFO misc.py line 117 10873] Train: [70/100][26/50] Data 0.013 (0.111) Batch 0.277 (0.373) Remain 00:09:29 loss: 0.3176 Lr: 0.00140
[2026-07-21 11:03:38,846 INFO misc.py line 117 10873] Train: [70/100][27/50] Data 0.003 (0.107) Batch 0.261 (0.369) Remain 00:09:21 loss: 0.1818 Lr: 0.00140
[2026-07-21 11:03:39,078 INFO misc.py line 117 10873] Train: [70/100][28/50] Data 0.003 (0.102) Batch 0.231 (0.363) Remain 00:09:12 loss: 0.2786 Lr: 0.00139
[2026-07-21 11:03:52,648 INFO misc.py line 117 10873] Train: [70/100][29/50] Data 13.320 (0.611) Batch 13.570 (0.871) Remain 00:22:05 loss: 0.2476 Lr: 0.00139
[2026-07-21 11:03:55,999 INFO misc.py line 117 10873] Train: [70/100][30/50] Data 3.111 (0.703) Batch 3.352 (0.963) Remain 00:24:23 loss: 0.2697 Lr: 0.00139
[2026-07-21 11:03:56,222 INFO misc.py line 117 10873] Train: [70/100][31/50] Data 0.002 (0.678) Batch 0.222 (0.937) Remain 00:23:42 loss: 0.2137 Lr: 0.00139
[2026-07-21 11:03:56,472 INFO misc.py line 117 10873] Train: [70/100][32/50] Data 0.015 (0.656) Batch 0.250 (0.913) Remain 00:23:05 loss: 0.1999 Lr: 0.00139
[2026-07-21 11:03:56,697 INFO misc.py line 117 10873] Train: [70/100][33/50] Data 0.002 (0.634) Batch 0.225 (0.890) Remain 00:22:30 loss: 0.1908 Lr: 0.00139
[2026-07-21 11:03:58,060 INFO misc.py line 117 10873] Train: [70/100][34/50] Data 1.122 (0.649) Batch 1.363 (0.905) Remain 00:22:52 loss: 0.2510 Lr: 0.00138
[2026-07-21 11:03:58,280 INFO misc.py line 117 10873] Train: [70/100][35/50] Data 0.002 (0.629) Batch 0.219 (0.884) Remain 00:22:18 loss: 0.2367 Lr: 0.00138
[2026-07-21 11:03:58,493 INFO misc.py line 117 10873] Train: [70/100][36/50] Data 0.001 (0.610) Batch 0.213 (0.863) Remain 00:21:47 loss: 0.1962 Lr: 0.00138
[2026-07-21 11:03:58,704 INFO misc.py line 117 10873] Train: [70/100][37/50] Data 0.001 (0.592) Batch 0.212 (0.844) Remain 00:21:17 loss: 0.2266 Lr: 0.00138
[2026-07-21 11:03:58,927 INFO misc.py line 117 10873] Train: [70/100][38/50] Data 0.001 (0.575) Batch 0.223 (0.827) Remain 00:20:49 loss: 0.1781 Lr: 0.00138
[2026-07-21 11:03:59,147 INFO misc.py line 117 10873] Train: [70/100][39/50] Data 0.001 (0.559) Batch 0.220 (0.810) Remain 00:20:23 loss: 0.2121 Lr: 0.00138
[2026-07-21 11:03:59,360 INFO misc.py line 117 10873] Train: [70/100][40/50] Data 0.002 (0.544) Batch 0.213 (0.794) Remain 00:19:58 loss: 0.3029 Lr: 0.00137
[2026-07-21 11:03:59,584 INFO misc.py line 117 10873] Train: [70/100][41/50] Data 0.001 (0.530) Batch 0.224 (0.779) Remain 00:19:34 loss: 0.2023 Lr: 0.00137
[2026-07-21 11:03:59,817 INFO misc.py line 117 10873] Train: [70/100][42/50] Data 0.001 (0.517) Batch 0.233 (0.765) Remain 00:19:13 loss: 0.2310 Lr: 0.00137
[2026-07-21 11:04:00,045 INFO misc.py line 117 10873] Train: [70/100][43/50] Data 0.001 (0.504) Batch 0.228 (0.751) Remain 00:18:52 loss: 0.2111 Lr: 0.00137
[2026-07-21 11:04:00,260 INFO misc.py line 117 10873] Train: [70/100][44/50] Data 0.001 (0.491) Batch 0.215 (0.738) Remain 00:18:31 loss: 0.1556 Lr: 0.00137
[2026-07-21 11:04:00,518 INFO misc.py line 117 10873] Train: [70/100][45/50] Data 0.001 (0.480) Batch 0.258 (0.727) Remain 00:18:13 loss: 0.2804 Lr: 0.00137
[2026-07-21 11:04:00,728 INFO misc.py line 117 10873] Train: [70/100][46/50] Data 0.002 (0.469) Batch 0.210 (0.715) Remain 00:17:54 loss: 0.1867 Lr: 0.00136
[2026-07-21 11:04:00,949 INFO misc.py line 117 10873] Train: [70/100][47/50] Data 0.001 (0.458) Batch 0.221 (0.703) Remain 00:17:37 loss: 0.1809 Lr: 0.00136
[2026-07-21 11:04:01,176 INFO misc.py line 117 10873] Train: [70/100][48/50] Data 0.001 (0.448) Batch 0.227 (0.693) Remain 00:17:20 loss: 0.2782 Lr: 0.00136
[2026-07-21 11:04:01,428 INFO misc.py line 117 10873] Train: [70/100][49/50] Data 0.001 (0.438) Batch 0.252 (0.683) Remain 00:17:05 loss: 0.3055 Lr: 0.00136
[2026-07-21 11:04:01,672 INFO misc.py line 117 10873] Train: [70/100][50/50] Data 0.001 (0.429) Batch 0.244 (0.674) Remain 00:16:50 loss: 0.2256 Lr: 0.00136
[2026-07-21 11:04:01,673 INFO misc.py line 147 10873] Train result: loss: 0.2367 
[2026-07-21 11:04:01,673 INFO evaluator.py line 169 10873] >>>>>>>>>>>>>>>> Start Evaluation (Segmentation) >>>>>>>>>>>>>>>>
[2026-07-21 11:04:10,501 INFO evaluator.py line 228 10873] Test: [1/1] Loss 0.4278 
[2026-07-21 11:04:10,769 INFO evaluator.py line 257 10873] Val result: mIoU/macroF1/mAcc/mPrecision/allAcc 0.7485/0.8387/0.8374/0.8434/0.9568.
[2026-07-21 11:04:10,770 INFO evaluator.py line 266 10873] Class_0-road Metrics: IoU=0.9547, accuracy=0.9764, precision=0.9772, F1=0.9768
[2026-07-21 11:04:10,770 INFO evaluator.py line 266 10873] Class_1-road_marking Metrics: IoU=0.5231, accuracy=0.7102, precision=0.6650, F1=0.6869
[2026-07-21 11:04:10,770 INFO evaluator.py line 266 10873] Class_2-natural Metrics: IoU=0.9488, accuracy=0.9649, precision=0.9828, F1=0.9738
[2026-07-21 11:04:10,770 INFO evaluator.py line 266 10873] Class_3-building Metrics: IoU=0.8697, accuracy=0.9676, precision=0.8957, F1=0.9303
[2026-07-21 11:04:10,770 INFO evaluator.py line 266 10873] Class_4-utility_line Metrics: IoU=0.7355, accuracy=0.8097, precision=0.8892, F1=0.8476
[2026-07-21 11:04:10,770 INFO evaluator.py line 266 10873] Class_5-pole Metrics: IoU=0.7752, accuracy=0.8332, precision=0.9175, F1=0.8733
[2026-07-21 11:04:10,770 INFO evaluator.py line 266 10873] Class_6-car Metrics: IoU=0.8404, accuracy=0.8715, precision=0.9594, F1=0.9133
[2026-07-21 11:04:10,770 INFO evaluator.py line 266 10873] Class_7-fence Metrics: IoU=0.3404, accuracy=0.5661, precision=0.4605, F1=0.5079
[2026-07-21 11:04:10,771 INFO evaluator.py line 321 10873] <<<<<<<<<<<<<<<<< End Evaluation <<<<<<<<<<<<<<<<<
[2026-07-21 11:04:10,772 INFO misc.py line 187 10873] Currently Best mIoU: 0.7790
[2026-07-21 11:04:10,772 INFO misc.py line 196 10873] Saving checkpoint to: exp/toronto3d/spunet-toronto3d/model/model_last.pth
[2026-07-21 11:04:35,501 INFO misc.py line 117 10873] Train: [71/100][1/50] Data 24.162 (24.162) Batch 24.463 (24.463) Remain 10:11:10 loss: 0.3434 Lr: 0.00136
[2026-07-21 11:04:40,067 INFO misc.py line 117 10873] Train: [71/100][2/50] Data 4.322 (4.322) Batch 4.566 (4.566) Remain 01:53:59 loss: 0.2369 Lr: 0.00135
[2026-07-21 11:04:40,319 INFO misc.py line 117 10873] Train: [71/100][3/50] Data 0.004 (0.004) Batch 0.253 (0.253) Remain 00:06:18 loss: 0.2080 Lr: 0.00135
[2026-07-21 11:04:40,603 INFO misc.py line 117 10873] Train: [71/100][4/50] Data 0.010 (0.010) Batch 0.283 (0.283) Remain 00:07:03 loss: 0.2772 Lr: 0.00135
[2026-07-21 11:04:40,904 INFO misc.py line 117 10873] Train: [71/100][5/50] Data 0.051 (0.030) Batch 0.302 (0.293) Remain 00:07:17 loss: 0.2947 Lr: 0.00135
[2026-07-21 11:04:41,159 INFO misc.py line 117 10873] Train: [71/100][6/50] Data 0.002 (0.021) Batch 0.254 (0.280) Remain 00:06:58 loss: 0.2056 Lr: 0.00135
[2026-07-21 11:04:41,407 INFO misc.py line 117 10873] Train: [71/100][7/50] Data 0.002 (0.016) Batch 0.249 (0.272) Remain 00:06:46 loss: 0.2082 Lr: 0.00135
[2026-07-21 11:04:41,699 INFO misc.py line 117 10873] Train: [71/100][8/50] Data 0.003 (0.014) Batch 0.290 (0.276) Remain 00:06:51 loss: 0.2079 Lr: 0.00134
[2026-07-21 11:04:41,990 INFO misc.py line 117 10873] Train: [71/100][9/50] Data 0.013 (0.013) Batch 0.293 (0.278) Remain 00:06:55 loss: 0.1853 Lr: 0.00134
[2026-07-21 11:04:42,236 INFO misc.py line 117 10873] Train: [71/100][10/50] Data 0.003 (0.012) Batch 0.245 (0.274) Remain 00:06:47 loss: 0.1540 Lr: 0.00134
[2026-07-21 11:04:42,467 INFO misc.py line 117 10873] Train: [71/100][11/50] Data 0.003 (0.011) Batch 0.232 (0.268) Remain 00:06:39 loss: 0.2615 Lr: 0.00134
[2026-07-21 11:04:42,732 INFO misc.py line 117 10873] Train: [71/100][12/50] Data 0.002 (0.010) Batch 0.266 (0.268) Remain 00:06:38 loss: 0.2662 Lr: 0.00134
[2026-07-21 11:04:43,074 INFO misc.py line 117 10873] Train: [71/100][13/50] Data 0.004 (0.009) Batch 0.341 (0.275) Remain 00:06:49 loss: 0.4525 Lr: 0.00134
[2026-07-21 11:04:43,364 INFO misc.py line 117 10873] Train: [71/100][14/50] Data 0.004 (0.009) Batch 0.291 (0.277) Remain 00:06:51 loss: 0.1794 Lr: 0.00133
[2026-07-21 11:04:43,607 INFO misc.py line 117 10873] Train: [71/100][15/50] Data 0.003 (0.008) Batch 0.243 (0.274) Remain 00:06:46 loss: 0.2263 Lr: 0.00133
[2026-07-21 11:04:43,855 INFO misc.py line 117 10873] Train: [71/100][16/50] Data 0.003 (0.008) Batch 0.247 (0.272) Remain 00:06:43 loss: 0.3021 Lr: 0.00133
[2026-07-21 11:04:44,102 INFO misc.py line 117 10873] Train: [71/100][17/50] Data 0.004 (0.008) Batch 0.247 (0.270) Remain 00:06:40 loss: 0.2228 Lr: 0.00133
[2026-07-21 11:04:44,364 INFO misc.py line 117 10873] Train: [71/100][18/50] Data 0.002 (0.007) Batch 0.261 (0.270) Remain 00:06:39 loss: 0.2440 Lr: 0.00133
[2026-07-21 11:04:44,599 INFO misc.py line 117 10873] Train: [71/100][19/50] Data 0.003 (0.007) Batch 0.236 (0.267) Remain 00:06:36 loss: 0.2090 Lr: 0.00133
[2026-07-21 11:04:44,850 INFO misc.py line 117 10873] Train: [71/100][20/50] Data 0.002 (0.007) Batch 0.251 (0.267) Remain 00:06:34 loss: 0.2145 Lr: 0.00132
[2026-07-21 11:04:45,106 INFO misc.py line 117 10873] Train: [71/100][21/50] Data 0.002 (0.006) Batch 0.256 (0.266) Remain 00:06:33 loss: 0.3517 Lr: 0.00132
[2026-07-21 11:04:45,353 INFO misc.py line 117 10873] Train: [71/100][22/50] Data 0.002 (0.006) Batch 0.247 (0.265) Remain 00:06:31 loss: 0.3088 Lr: 0.00132
[2026-07-21 11:04:45,579 INFO misc.py line 117 10873] Train: [71/100][23/50] Data 0.002 (0.006) Batch 0.225 (0.263) Remain 00:06:28 loss: 0.2023 Lr: 0.00132
[2026-07-21 11:04:45,848 INFO misc.py line 117 10873] Train: [71/100][24/50] Data 0.004 (0.006) Batch 0.270 (0.263) Remain 00:06:28 loss: 0.3315 Lr: 0.00132
[2026-07-21 11:04:46,088 INFO misc.py line 117 10873] Train: [71/100][25/50] Data 0.003 (0.006) Batch 0.240 (0.262) Remain 00:06:26 loss: 0.2099 Lr: 0.00132
[2026-07-21 11:04:46,351 INFO misc.py line 117 10873] Train: [71/100][26/50] Data 0.003 (0.006) Batch 0.263 (0.262) Remain 00:06:26 loss: 0.2505 Lr: 0.00132
[2026-07-21 11:04:46,600 INFO misc.py line 117 10873] Train: [71/100][27/50] Data 0.003 (0.006) Batch 0.249 (0.262) Remain 00:06:25 loss: 0.2043 Lr: 0.00131
[2026-07-21 11:04:46,834 INFO misc.py line 117 10873] Train: [71/100][28/50] Data 0.002 (0.005) Batch 0.234 (0.261) Remain 00:06:23 loss: 0.2240 Lr: 0.00131
[2026-07-21 11:05:00,387 INFO misc.py line 117 10873] Train: [71/100][29/50] Data 13.299 (0.517) Batch 13.553 (0.772) Remain 00:18:55 loss: 0.2406 Lr: 0.00131
[2026-07-21 11:05:03,164 INFO misc.py line 117 10873] Train: [71/100][30/50] Data 2.523 (0.591) Batch 2.777 (0.846) Remain 00:20:43 loss: 0.2664 Lr: 0.00131
[2026-07-21 11:05:05,787 INFO misc.py line 117 10873] Train: [71/100][31/50] Data 2.393 (0.655) Batch 2.623 (0.910) Remain 00:22:16 loss: 0.2013 Lr: 0.00131
[2026-07-21 11:05:06,008 INFO misc.py line 117 10873] Train: [71/100][32/50] Data 0.002 (0.633) Batch 0.222 (0.886) Remain 00:21:40 loss: 0.1924 Lr: 0.00131
[2026-07-21 11:05:06,232 INFO misc.py line 117 10873] Train: [71/100][33/50] Data 0.002 (0.612) Batch 0.224 (0.864) Remain 00:21:07 loss: 0.2029 Lr: 0.00130
[2026-07-21 11:05:06,595 INFO misc.py line 117 10873] Train: [71/100][34/50] Data 0.135 (0.596) Batch 0.363 (0.848) Remain 00:20:42 loss: 0.1915 Lr: 0.00130
[2026-07-21 11:05:06,827 INFO misc.py line 117 10873] Train: [71/100][35/50] Data 0.002 (0.578) Batch 0.232 (0.828) Remain 00:20:13 loss: 0.1836 Lr: 0.00130
[2026-07-21 11:05:07,046 INFO misc.py line 117 10873] Train: [71/100][36/50] Data 0.001 (0.560) Batch 0.219 (0.810) Remain 00:19:45 loss: 0.3305 Lr: 0.00130
[2026-07-21 11:05:07,274 INFO misc.py line 117 10873] Train: [71/100][37/50] Data 0.002 (0.544) Batch 0.228 (0.793) Remain 00:19:19 loss: 0.2293 Lr: 0.00130
[2026-07-21 11:05:07,508 INFO misc.py line 117 10873] Train: [71/100][38/50] Data 0.001 (0.528) Batch 0.235 (0.777) Remain 00:18:55 loss: 0.2384 Lr: 0.00130
[2026-07-21 11:05:07,751 INFO misc.py line 117 10873] Train: [71/100][39/50] Data 0.001 (0.514) Batch 0.243 (0.762) Remain 00:18:33 loss: 0.2955 Lr: 0.00129
[2026-07-21 11:05:07,976 INFO misc.py line 117 10873] Train: [71/100][40/50] Data 0.001 (0.500) Batch 0.224 (0.747) Remain 00:18:11 loss: 0.2581 Lr: 0.00129
[2026-07-21 11:05:08,233 INFO misc.py line 117 10873] Train: [71/100][41/50] Data 0.002 (0.487) Batch 0.257 (0.735) Remain 00:17:51 loss: 0.3893 Lr: 0.00129
[2026-07-21 11:05:08,459 INFO misc.py line 117 10873] Train: [71/100][42/50] Data 0.002 (0.474) Batch 0.226 (0.722) Remain 00:17:32 loss: 0.2889 Lr: 0.00129
[2026-07-21 11:05:08,681 INFO misc.py line 117 10873] Train: [71/100][43/50] Data 0.001 (0.463) Batch 0.222 (0.709) Remain 00:17:13 loss: 0.2520 Lr: 0.00129
[2026-07-21 11:05:08,901 INFO misc.py line 117 10873] Train: [71/100][44/50] Data 0.001 (0.451) Batch 0.219 (0.697) Remain 00:16:54 loss: 0.2595 Lr: 0.00129
[2026-07-21 11:05:09,137 INFO misc.py line 117 10873] Train: [71/100][45/50] Data 0.001 (0.441) Batch 0.237 (0.686) Remain 00:16:38 loss: 0.1817 Lr: 0.00128
[2026-07-21 11:05:09,371 INFO misc.py line 117 10873] Train: [71/100][46/50] Data 0.001 (0.430) Batch 0.233 (0.676) Remain 00:16:22 loss: 0.2163 Lr: 0.00128
[2026-07-21 11:05:09,596 INFO misc.py line 117 10873] Train: [71/100][47/50] Data 0.002 (0.421) Batch 0.225 (0.665) Remain 00:16:06 loss: 0.3006 Lr: 0.00128
[2026-07-21 11:05:09,812 INFO misc.py line 117 10873] Train: [71/100][48/50] Data 0.001 (0.411) Batch 0.216 (0.655) Remain 00:15:51 loss: 0.2676 Lr: 0.00128
[2026-07-21 11:05:10,045 INFO misc.py line 117 10873] Train: [71/100][49/50] Data 0.002 (0.402) Batch 0.233 (0.646) Remain 00:15:37 loss: 0.2788 Lr: 0.00128
[2026-07-21 11:05:10,269 INFO misc.py line 117 10873] Train: [71/100][50/50] Data 0.001 (0.394) Batch 0.224 (0.637) Remain 00:15:23 loss: 0.2143 Lr: 0.00128
[2026-07-21 11:05:10,269 INFO misc.py line 147 10873] Train result: loss: 0.2492 
[2026-07-21 11:05:10,270 INFO evaluator.py line 169 10873] >>>>>>>>>>>>>>>> Start Evaluation (Segmentation) >>>>>>>>>>>>>>>>
[2026-07-21 11:05:19,091 INFO evaluator.py line 228 10873] Test: [1/1] Loss 0.4348 
[2026-07-21 11:05:19,343 INFO evaluator.py line 257 10873] Val result: mIoU/macroF1/mAcc/mPrecision/allAcc 0.7533/0.8415/0.8247/0.8623/0.9570.
[2026-07-21 11:05:19,343 INFO evaluator.py line 266 10873] Class_0-road Metrics: IoU=0.9486, accuracy=0.9656, precision=0.9817, F1=0.9736
[2026-07-21 11:05:19,343 INFO evaluator.py line 266 10873] Class_1-road_marking Metrics: IoU=0.5081, accuracy=0.6589, precision=0.6895, F1=0.6738
[2026-07-21 11:05:19,344 INFO evaluator.py line 266 10873] Class_2-natural Metrics: IoU=0.9519, accuracy=0.9722, precision=0.9785, F1=0.9753
[2026-07-21 11:05:19,344 INFO evaluator.py line 266 10873] Class_3-building Metrics: IoU=0.8673, accuracy=0.9763, precision=0.8860, F1=0.9290
[2026-07-21 11:05:19,344 INFO evaluator.py line 266 10873] Class_4-utility_line Metrics: IoU=0.7928, accuracy=0.8506, precision=0.9210, F1=0.8844
[2026-07-21 11:05:19,344 INFO evaluator.py line 266 10873] Class_5-pole Metrics: IoU=0.7443, accuracy=0.7773, precision=0.9459, F1=0.8534
[2026-07-21 11:05:19,344 INFO evaluator.py line 266 10873] Class_6-car Metrics: IoU=0.8696, accuracy=0.9259, precision=0.9347, F1=0.9303
[2026-07-21 11:05:19,344 INFO evaluator.py line 266 10873] Class_7-fence Metrics: IoU=0.3440, accuracy=0.4706, precision=0.5611, F1=0.5119
[2026-07-21 11:05:19,344 INFO evaluator.py line 321 10873] <<<<<<<<<<<<<<<<< End Evaluation <<<<<<<<<<<<<<<<<
[2026-07-21 11:05:19,345 INFO misc.py line 187 10873] Currently Best mIoU: 0.7790
[2026-07-21 11:05:19,345 INFO misc.py line 196 10873] Saving checkpoint to: exp/toronto3d/spunet-toronto3d/model/model_last.pth
[2026-07-21 11:05:51,950 INFO misc.py line 117 10873] Train: [72/100][1/50] Data 32.020 (32.020) Batch 32.337 (32.337) Remain 13:00:56 loss: 0.2306 Lr: 0.00127
[2026-07-21 11:05:52,267 INFO misc.py line 117 10873] Train: [72/100][2/50] Data 0.002 (0.002) Batch 0.318 (0.318) Remain 00:07:39 loss: 0.2260 Lr: 0.00127
[2026-07-21 11:05:52,534 INFO misc.py line 117 10873] Train: [72/100][3/50] Data 0.003 (0.003) Batch 0.267 (0.267) Remain 00:06:25 loss: 0.2074 Lr: 0.00127
[2026-07-21 11:05:52,773 INFO misc.py line 117 10873] Train: [72/100][4/50] Data 0.003 (0.003) Batch 0.238 (0.238) Remain 00:05:44 loss: 0.2626 Lr: 0.00127
[2026-07-21 11:05:53,027 INFO misc.py line 117 10873] Train: [72/100][5/50] Data 0.005 (0.004) Batch 0.256 (0.247) Remain 00:05:56 loss: 0.2976 Lr: 0.00127
[2026-07-21 11:05:53,288 INFO misc.py line 117 10873] Train: [72/100][6/50] Data 0.002 (0.003) Batch 0.260 (0.251) Remain 00:06:03 loss: 0.1879 Lr: 0.00127
[2026-07-21 11:05:53,538 INFO misc.py line 117 10873] Train: [72/100][7/50] Data 0.002 (0.003) Batch 0.250 (0.251) Remain 00:06:02 loss: 0.1910 Lr: 0.00126
[2026-07-21 11:05:53,779 INFO misc.py line 117 10873] Train: [72/100][8/50] Data 0.004 (0.003) Batch 0.242 (0.249) Remain 00:05:59 loss: 0.2036 Lr: 0.00126
[2026-07-21 11:05:54,024 INFO misc.py line 117 10873] Train: [72/100][9/50] Data 0.002 (0.003) Batch 0.244 (0.248) Remain 00:05:57 loss: 0.3451 Lr: 0.00126
[2026-07-21 11:05:54,270 INFO misc.py line 117 10873] Train: [72/100][10/50] Data 0.003 (0.003) Batch 0.247 (0.248) Remain 00:05:57 loss: 0.2421 Lr: 0.00126
[2026-07-21 11:05:54,515 INFO misc.py line 117 10873] Train: [72/100][11/50] Data 0.002 (0.003) Batch 0.244 (0.248) Remain 00:05:56 loss: 0.2564 Lr: 0.00126
[2026-07-21 11:05:54,746 INFO misc.py line 117 10873] Train: [72/100][12/50] Data 0.003 (0.003) Batch 0.231 (0.246) Remain 00:05:53 loss: 0.2518 Lr: 0.00126
[2026-07-21 11:05:54,978 INFO misc.py line 117 10873] Train: [72/100][13/50] Data 0.002 (0.003) Batch 0.232 (0.244) Remain 00:05:51 loss: 0.2674 Lr: 0.00125
[2026-07-21 11:05:55,225 INFO misc.py line 117 10873] Train: [72/100][14/50] Data 0.003 (0.003) Batch 0.248 (0.245) Remain 00:05:51 loss: 0.2083 Lr: 0.00125
[2026-07-21 11:05:55,474 INFO misc.py line 117 10873] Train: [72/100][15/50] Data 0.002 (0.003) Batch 0.249 (0.245) Remain 00:05:51 loss: 0.1926 Lr: 0.00125
[2026-07-21 11:05:55,715 INFO misc.py line 117 10873] Train: [72/100][16/50] Data 0.002 (0.003) Batch 0.241 (0.245) Remain 00:05:50 loss: 0.2078 Lr: 0.00125
[2026-07-21 11:05:55,953 INFO misc.py line 117 10873] Train: [72/100][17/50] Data 0.002 (0.003) Batch 0.237 (0.244) Remain 00:05:49 loss: 0.1846 Lr: 0.00125
[2026-07-21 11:05:56,203 INFO misc.py line 117 10873] Train: [72/100][18/50] Data 0.003 (0.003) Batch 0.251 (0.245) Remain 00:05:50 loss: 0.1603 Lr: 0.00125
[2026-07-21 11:05:56,458 INFO misc.py line 117 10873] Train: [72/100][19/50] Data 0.003 (0.003) Batch 0.255 (0.245) Remain 00:05:50 loss: 0.2031 Lr: 0.00125
[2026-07-21 11:05:56,697 INFO misc.py line 117 10873] Train: [72/100][20/50] Data 0.003 (0.003) Batch 0.239 (0.245) Remain 00:05:50 loss: 0.2034 Lr: 0.00124
[2026-07-21 11:05:56,948 INFO misc.py line 117 10873] Train: [72/100][21/50] Data 0.003 (0.003) Batch 0.251 (0.245) Remain 00:05:50 loss: 0.2127 Lr: 0.00124
[2026-07-21 11:05:57,194 INFO misc.py line 117 10873] Train: [72/100][22/50] Data 0.003 (0.003) Batch 0.246 (0.245) Remain 00:05:50 loss: 0.2429 Lr: 0.00124
[2026-07-21 11:05:57,437 INFO misc.py line 117 10873] Train: [72/100][23/50] Data 0.003 (0.003) Batch 0.242 (0.245) Remain 00:05:49 loss: 0.1887 Lr: 0.00124
[2026-07-21 11:05:57,684 INFO misc.py line 117 10873] Train: [72/100][24/50] Data 0.004 (0.003) Batch 0.248 (0.245) Remain 00:05:49 loss: 0.2926 Lr: 0.00124
[2026-07-21 11:05:57,931 INFO misc.py line 117 10873] Train: [72/100][25/50] Data 0.003 (0.003) Batch 0.246 (0.245) Remain 00:05:49 loss: 0.1833 Lr: 0.00124
[2026-07-21 11:05:58,191 INFO misc.py line 117 10873] Train: [72/100][26/50] Data 0.003 (0.003) Batch 0.261 (0.246) Remain 00:05:50 loss: 0.2279 Lr: 0.00123
[2026-07-21 11:05:58,423 INFO misc.py line 117 10873] Train: [72/100][27/50] Data 0.002 (0.003) Batch 0.232 (0.245) Remain 00:05:49 loss: 0.2441 Lr: 0.00123
[2026-07-21 11:05:58,675 INFO misc.py line 117 10873] Train: [72/100][28/50] Data 0.002 (0.003) Batch 0.252 (0.246) Remain 00:05:49 loss: 0.2612 Lr: 0.00123
[2026-07-21 11:06:15,060 INFO misc.py line 117 10873] Train: [72/100][29/50] Data 16.154 (0.624) Batch 16.386 (0.866) Remain 00:20:31 loss: 0.2459 Lr: 0.00123
[2026-07-21 11:06:15,303 INFO misc.py line 117 10873] Train: [72/100][30/50] Data 0.002 (0.601) Batch 0.242 (0.843) Remain 00:19:57 loss: 0.2088 Lr: 0.00123
[2026-07-21 11:06:15,515 INFO misc.py line 117 10873] Train: [72/100][31/50] Data 0.001 (0.580) Batch 0.213 (0.821) Remain 00:19:24 loss: 0.1871 Lr: 0.00123
[2026-07-21 11:06:15,740 INFO misc.py line 117 10873] Train: [72/100][32/50] Data 0.001 (0.560) Batch 0.225 (0.800) Remain 00:18:54 loss: 0.2083 Lr: 0.00122
[2026-07-21 11:06:15,955 INFO misc.py line 117 10873] Train: [72/100][33/50] Data 0.001 (0.541) Batch 0.214 (0.781) Remain 00:18:26 loss: 0.2259 Lr: 0.00122
[2026-07-21 11:06:16,180 INFO misc.py line 117 10873] Train: [72/100][34/50] Data 0.001 (0.524) Batch 0.225 (0.763) Remain 00:18:00 loss: 0.1954 Lr: 0.00122
[2026-07-21 11:06:16,435 INFO misc.py line 117 10873] Train: [72/100][35/50] Data 0.013 (0.508) Batch 0.255 (0.747) Remain 00:17:36 loss: 0.3142 Lr: 0.00122
[2026-07-21 11:06:16,664 INFO misc.py line 117 10873] Train: [72/100][36/50] Data 0.001 (0.492) Batch 0.230 (0.731) Remain 00:17:13 loss: 0.2147 Lr: 0.00122
[2026-07-21 11:06:16,884 INFO misc.py line 117 10873] Train: [72/100][37/50] Data 0.001 (0.478) Batch 0.220 (0.716) Remain 00:16:52 loss: 0.2000 Lr: 0.00122
[2026-07-21 11:06:17,111 INFO misc.py line 117 10873] Train: [72/100][38/50] Data 0.001 (0.464) Batch 0.227 (0.702) Remain 00:16:31 loss: 0.2093 Lr: 0.00121
[2026-07-21 11:06:17,335 INFO misc.py line 117 10873] Train: [72/100][39/50] Data 0.001 (0.451) Batch 0.224 (0.689) Remain 00:16:12 loss: 0.2307 Lr: 0.00121
[2026-07-21 11:06:17,550 INFO misc.py line 117 10873] Train: [72/100][40/50] Data 0.001 (0.439) Batch 0.215 (0.676) Remain 00:15:53 loss: 0.3710 Lr: 0.00121
[2026-07-21 11:06:17,776 INFO misc.py line 117 10873] Train: [72/100][41/50] Data 0.001 (0.428) Batch 0.226 (0.664) Remain 00:15:36 loss: 0.2394 Lr: 0.00121
[2026-07-21 11:06:18,020 INFO misc.py line 117 10873] Train: [72/100][42/50] Data 0.001 (0.417) Batch 0.244 (0.654) Remain 00:15:20 loss: 0.2433 Lr: 0.00121
[2026-07-21 11:06:18,243 INFO misc.py line 117 10873] Train: [72/100][43/50] Data 0.001 (0.406) Batch 0.222 (0.643) Remain 00:15:04 loss: 0.2385 Lr: 0.00121
[2026-07-21 11:06:18,463 INFO misc.py line 117 10873] Train: [72/100][44/50] Data 0.001 (0.396) Batch 0.220 (0.632) Remain 00:14:49 loss: 0.2469 Lr: 0.00121
[2026-07-21 11:06:18,716 INFO misc.py line 117 10873] Train: [72/100][45/50] Data 0.001 (0.387) Batch 0.253 (0.623) Remain 00:14:35 loss: 0.2279 Lr: 0.00120
[2026-07-21 11:06:18,936 INFO misc.py line 117 10873] Train: [72/100][46/50] Data 0.001 (0.378) Batch 0.220 (0.614) Remain 00:14:22 loss: 0.2009 Lr: 0.00120
[2026-07-21 11:06:19,153 INFO misc.py line 117 10873] Train: [72/100][47/50] Data 0.001 (0.369) Batch 0.216 (0.605) Remain 00:14:08 loss: 0.1894 Lr: 0.00120
[2026-07-21 11:06:19,371 INFO misc.py line 117 10873] Train: [72/100][48/50] Data 0.001 (0.361) Batch 0.219 (0.596) Remain 00:13:56 loss: 0.2324 Lr: 0.00120
[2026-07-21 11:06:19,599 INFO misc.py line 117 10873] Train: [72/100][49/50] Data 0.001 (0.353) Batch 0.228 (0.588) Remain 00:13:44 loss: 0.2132 Lr: 0.00120
[2026-07-21 11:06:19,846 INFO misc.py line 117 10873] Train: [72/100][50/50] Data 0.001 (0.346) Batch 0.247 (0.581) Remain 00:13:33 loss: 0.3302 Lr: 0.00120
[2026-07-21 11:06:19,847 INFO misc.py line 147 10873] Train result: loss: 0.2311 
[2026-07-21 11:06:19,847 INFO evaluator.py line 169 10873] >>>>>>>>>>>>>>>> Start Evaluation (Segmentation) >>>>>>>>>>>>>>>>
[2026-07-21 11:06:28,710 INFO evaluator.py line 228 10873] Test: [1/1] Loss 0.3872 
[2026-07-21 11:06:28,982 INFO evaluator.py line 257 10873] Val result: mIoU/macroF1/mAcc/mPrecision/allAcc 0.7706/0.8521/0.8363/0.8725/0.9649.
[2026-07-21 11:06:28,982 INFO evaluator.py line 266 10873] Class_0-road Metrics: IoU=0.9593, accuracy=0.9782, precision=0.9803, F1=0.9792
[2026-07-21 11:06:28,982 INFO evaluator.py line 266 10873] Class_1-road_marking Metrics: IoU=0.5290, accuracy=0.6145, precision=0.7917, F1=0.6919
[2026-07-21 11:06:28,982 INFO evaluator.py line 266 10873] Class_2-natural Metrics: IoU=0.9613, accuracy=0.9783, precision=0.9822, F1=0.9802
[2026-07-21 11:06:28,982 INFO evaluator.py line 266 10873] Class_3-building Metrics: IoU=0.8977, accuracy=0.9690, precision=0.9242, F1=0.9461
[2026-07-21 11:06:28,982 INFO evaluator.py line 266 10873] Class_4-utility_line Metrics: IoU=0.8380, accuracy=0.8898, precision=0.9351, F1=0.9119
[2026-07-21 11:06:28,983 INFO evaluator.py line 266 10873] Class_5-pole Metrics: IoU=0.7516, accuracy=0.7924, precision=0.9359, F1=0.8582
[2026-07-21 11:06:28,983 INFO evaluator.py line 266 10873] Class_6-car Metrics: IoU=0.8860, accuracy=0.9518, precision=0.9276, F1=0.9395
[2026-07-21 11:06:28,983 INFO evaluator.py line 266 10873] Class_7-fence Metrics: IoU=0.3418, accuracy=0.5161, precision=0.5030, F1=0.5095
[2026-07-21 11:06:28,983 INFO evaluator.py line 321 10873] <<<<<<<<<<<<<<<<< End Evaluation <<<<<<<<<<<<<<<<<
[2026-07-21 11:06:28,984 INFO misc.py line 187 10873] Currently Best mIoU: 0.7790
[2026-07-21 11:06:28,984 INFO misc.py line 196 10873] Saving checkpoint to: exp/toronto3d/spunet-toronto3d/model/model_last.pth
[2026-07-21 11:06:57,529 INFO misc.py line 117 10873] Train: [73/100][1/50] Data 27.966 (27.966) Batch 28.276 (28.276) Remain 10:59:18 loss: 0.2512 Lr: 0.00119
[2026-07-21 11:06:57,830 INFO misc.py line 117 10873] Train: [73/100][2/50] Data 0.013 (0.013) Batch 0.312 (0.312) Remain 00:07:15 loss: 0.2599 Lr: 0.00119
[2026-07-21 11:06:58,125 INFO misc.py line 117 10873] Train: [73/100][3/50] Data 0.011 (0.011) Batch 0.296 (0.296) Remain 00:06:52 loss: 0.2460 Lr: 0.00119
[2026-07-21 11:06:58,385 INFO misc.py line 117 10873] Train: [73/100][4/50] Data 0.003 (0.003) Batch 0.260 (0.260) Remain 00:06:02 loss: 0.3848 Lr: 0.00119
[2026-07-21 11:06:58,684 INFO misc.py line 117 10873] Train: [73/100][5/50] Data 0.004 (0.003) Batch 0.299 (0.280) Remain 00:06:30 loss: 0.1979 Lr: 0.00119
[2026-07-21 11:06:58,941 INFO misc.py line 117 10873] Train: [73/100][6/50] Data 0.003 (0.003) Batch 0.256 (0.272) Remain 00:06:18 loss: 0.2481 Lr: 0.00119
[2026-07-21 11:06:59,190 INFO misc.py line 117 10873] Train: [73/100][7/50] Data 0.004 (0.004) Batch 0.248 (0.266) Remain 00:06:10 loss: 0.1783 Lr: 0.00118
[2026-07-21 11:06:59,432 INFO misc.py line 117 10873] Train: [73/100][8/50] Data 0.012 (0.005) Batch 0.244 (0.261) Remain 00:06:03 loss: 0.2101 Lr: 0.00118
[2026-07-21 11:06:59,677 INFO misc.py line 117 10873] Train: [73/100][9/50] Data 0.003 (0.005) Batch 0.245 (0.259) Remain 00:05:59 loss: 0.2247 Lr: 0.00118
[2026-07-21 11:06:59,940 INFO misc.py line 117 10873] Train: [73/100][10/50] Data 0.003 (0.004) Batch 0.251 (0.258) Remain 00:05:58 loss: 0.2636 Lr: 0.00118
[2026-07-21 11:07:00,215 INFO misc.py line 117 10873] Train: [73/100][11/50] Data 0.019 (0.006) Batch 0.287 (0.261) Remain 00:06:02 loss: 0.1529 Lr: 0.00118
[2026-07-21 11:07:00,496 INFO misc.py line 117 10873] Train: [73/100][12/50] Data 0.002 (0.006) Batch 0.279 (0.263) Remain 00:06:05 loss: 0.2113 Lr: 0.00118
[2026-07-21 11:07:00,775 INFO misc.py line 117 10873] Train: [73/100][13/50] Data 0.014 (0.007) Batch 0.280 (0.265) Remain 00:06:07 loss: 0.2912 Lr: 0.00118
[2026-07-21 11:07:01,008 INFO misc.py line 117 10873] Train: [73/100][14/50] Data 0.003 (0.006) Batch 0.231 (0.262) Remain 00:06:03 loss: 0.2182 Lr: 0.00117
[2026-07-21 11:07:01,266 INFO misc.py line 117 10873] Train: [73/100][15/50] Data 0.004 (0.006) Batch 0.260 (0.262) Remain 00:06:02 loss: 0.2464 Lr: 0.00117
[2026-07-21 11:07:01,513 INFO misc.py line 117 10873] Train: [73/100][16/50] Data 0.003 (0.006) Batch 0.246 (0.261) Remain 00:06:00 loss: 0.2821 Lr: 0.00117
[2026-07-21 11:07:01,760 INFO misc.py line 117 10873] Train: [73/100][17/50] Data 0.002 (0.006) Batch 0.247 (0.260) Remain 00:05:59 loss: 0.2414 Lr: 0.00117
[2026-07-21 11:07:01,985 INFO misc.py line 117 10873] Train: [73/100][18/50] Data 0.003 (0.005) Batch 0.225 (0.257) Remain 00:05:55 loss: 0.1985 Lr: 0.00117
[2026-07-21 11:07:02,248 INFO misc.py line 117 10873] Train: [73/100][19/50] Data 0.002 (0.005) Batch 0.262 (0.258) Remain 00:05:55 loss: 0.3170 Lr: 0.00117
[2026-07-21 11:07:02,490 INFO misc.py line 117 10873] Train: [73/100][20/50] Data 0.002 (0.005) Batch 0.243 (0.257) Remain 00:05:54 loss: 0.2094 Lr: 0.00116
[2026-07-21 11:07:02,739 INFO misc.py line 117 10873] Train: [73/100][21/50] Data 0.003 (0.005) Batch 0.248 (0.256) Remain 00:05:53 loss: 0.2208 Lr: 0.00116
[2026-07-21 11:07:02,993 INFO misc.py line 117 10873] Train: [73/100][22/50] Data 0.004 (0.005) Batch 0.255 (0.256) Remain 00:05:53 loss: 0.2535 Lr: 0.00116
[2026-07-21 11:07:03,237 INFO misc.py line 117 10873] Train: [73/100][23/50] Data 0.002 (0.005) Batch 0.245 (0.256) Remain 00:05:51 loss: 0.1822 Lr: 0.00116
[2026-07-21 11:07:03,491 INFO misc.py line 117 10873] Train: [73/100][24/50] Data 0.002 (0.005) Batch 0.253 (0.256) Remain 00:05:51 loss: 0.1992 Lr: 0.00116
[2026-07-21 11:07:03,782 INFO misc.py line 117 10873] Train: [73/100][25/50] Data 0.003 (0.004) Batch 0.291 (0.257) Remain 00:05:53 loss: 0.2674 Lr: 0.00116
[2026-07-21 11:07:04,039 INFO misc.py line 117 10873] Train: [73/100][26/50] Data 0.002 (0.004) Batch 0.256 (0.257) Remain 00:05:53 loss: 0.2642 Lr: 0.00115
[2026-07-21 11:07:04,303 INFO misc.py line 117 10873] Train: [73/100][27/50] Data 0.004 (0.004) Batch 0.265 (0.257) Remain 00:05:53 loss: 0.3440 Lr: 0.00115
[2026-07-21 11:07:04,557 INFO misc.py line 117 10873] Train: [73/100][28/50] Data 0.002 (0.004) Batch 0.254 (0.257) Remain 00:05:52 loss: 0.2119 Lr: 0.00115
[2026-07-21 11:07:23,712 INFO misc.py line 117 10873] Train: [73/100][29/50] Data 18.917 (0.732) Batch 19.155 (0.984) Remain 00:22:29 loss: 0.2498 Lr: 0.00115
[2026-07-21 11:07:23,936 INFO misc.py line 117 10873] Train: [73/100][30/50] Data 0.002 (0.705) Batch 0.225 (0.956) Remain 00:21:49 loss: 0.2490 Lr: 0.00115
[2026-07-21 11:07:24,161 INFO misc.py line 117 10873] Train: [73/100][31/50] Data 0.002 (0.680) Batch 0.224 (0.930) Remain 00:21:12 loss: 0.2018 Lr: 0.00115
[2026-07-21 11:07:24,384 INFO misc.py line 117 10873] Train: [73/100][32/50] Data 0.002 (0.656) Batch 0.223 (0.905) Remain 00:20:38 loss: 0.1794 Lr: 0.00115
[2026-07-21 11:07:24,628 INFO misc.py line 117 10873] Train: [73/100][33/50] Data 0.002 (0.634) Batch 0.244 (0.883) Remain 00:20:07 loss: 0.2546 Lr: 0.00114
[2026-07-21 11:07:24,859 INFO misc.py line 117 10873] Train: [73/100][34/50] Data 0.002 (0.614) Batch 0.231 (0.862) Remain 00:19:38 loss: 0.1778 Lr: 0.00114
[2026-07-21 11:07:25,093 INFO misc.py line 117 10873] Train: [73/100][35/50] Data 0.002 (0.595) Batch 0.234 (0.843) Remain 00:19:10 loss: 0.2342 Lr: 0.00114
[2026-07-21 11:07:25,335 INFO misc.py line 117 10873] Train: [73/100][36/50] Data 0.002 (0.577) Batch 0.241 (0.825) Remain 00:18:44 loss: 0.2088 Lr: 0.00114
[2026-07-21 11:07:25,576 INFO misc.py line 117 10873] Train: [73/100][37/50] Data 0.014 (0.560) Batch 0.241 (0.807) Remain 00:18:20 loss: 0.1865 Lr: 0.00114
[2026-07-21 11:07:25,795 INFO misc.py line 117 10873] Train: [73/100][38/50] Data 0.002 (0.544) Batch 0.219 (0.791) Remain 00:17:56 loss: 0.2226 Lr: 0.00114
[2026-07-21 11:07:26,020 INFO misc.py line 117 10873] Train: [73/100][39/50] Data 0.001 (0.529) Batch 0.225 (0.775) Remain 00:17:34 loss: 0.2045 Lr: 0.00113
[2026-07-21 11:07:26,258 INFO misc.py line 117 10873] Train: [73/100][40/50] Data 0.001 (0.515) Batch 0.239 (0.760) Remain 00:17:14 loss: 0.2556 Lr: 0.00113
[2026-07-21 11:07:26,481 INFO misc.py line 117 10873] Train: [73/100][41/50] Data 0.002 (0.502) Batch 0.222 (0.746) Remain 00:16:54 loss: 0.1653 Lr: 0.00113
[2026-07-21 11:07:26,705 INFO misc.py line 117 10873] Train: [73/100][42/50] Data 0.001 (0.489) Batch 0.225 (0.733) Remain 00:16:35 loss: 0.1427 Lr: 0.00113
[2026-07-21 11:07:26,943 INFO misc.py line 117 10873] Train: [73/100][43/50] Data 0.001 (0.476) Batch 0.237 (0.720) Remain 00:16:17 loss: 0.1939 Lr: 0.00113
[2026-07-21 11:07:27,184 INFO misc.py line 117 10873] Train: [73/100][44/50] Data 0.001 (0.465) Batch 0.241 (0.709) Remain 00:16:01 loss: 0.2710 Lr: 0.00113
[2026-07-21 11:07:27,422 INFO misc.py line 117 10873] Train: [73/100][45/50] Data 0.002 (0.454) Batch 0.238 (0.698) Remain 00:15:45 loss: 0.3330 Lr: 0.00113
[2026-07-21 11:07:27,653 INFO misc.py line 117 10873] Train: [73/100][46/50] Data 0.001 (0.443) Batch 0.231 (0.687) Remain 00:15:29 loss: 0.2657 Lr: 0.00112
[2026-07-21 11:07:27,869 INFO misc.py line 117 10873] Train: [73/100][47/50] Data 0.001 (0.433) Batch 0.216 (0.676) Remain 00:15:14 loss: 0.2866 Lr: 0.00112
[2026-07-21 11:07:28,101 INFO misc.py line 117 10873] Train: [73/100][48/50] Data 0.001 (0.424) Batch 0.231 (0.666) Remain 00:15:00 loss: 0.2620 Lr: 0.00112
[2026-07-21 11:07:28,327 INFO misc.py line 117 10873] Train: [73/100][49/50] Data 0.001 (0.415) Batch 0.227 (0.657) Remain 00:14:47 loss: 0.2352 Lr: 0.00112
[2026-07-21 11:07:28,547 INFO misc.py line 117 10873] Train: [73/100][50/50] Data 0.001 (0.406) Batch 0.220 (0.647) Remain 00:14:33 loss: 0.2455 Lr: 0.00112
[2026-07-21 11:07:28,548 INFO misc.py line 147 10873] Train result: loss: 0.2360 
[2026-07-21 11:07:28,548 INFO evaluator.py line 169 10873] >>>>>>>>>>>>>>>> Start Evaluation (Segmentation) >>>>>>>>>>>>>>>>
[2026-07-21 11:07:37,299 INFO evaluator.py line 228 10873] Test: [1/1] Loss 0.3638 
[2026-07-21 11:07:37,581 INFO evaluator.py line 257 10873] Val result: mIoU/macroF1/mAcc/mPrecision/allAcc 0.7832/0.8617/0.8507/0.8749/0.9669.
[2026-07-21 11:07:37,582 INFO evaluator.py line 266 10873] Class_0-road Metrics: IoU=0.9624, accuracy=0.9815, precision=0.9802, F1=0.9808
[2026-07-21 11:07:37,582 INFO evaluator.py line 266 10873] Class_1-road_marking Metrics: IoU=0.5930, accuracy=0.7003, precision=0.7946, F1=0.7445
[2026-07-21 11:07:37,582 INFO evaluator.py line 266 10873] Class_2-natural Metrics: IoU=0.9604, accuracy=0.9844, precision=0.9753, F1=0.9798
[2026-07-21 11:07:37,582 INFO evaluator.py line 266 10873] Class_3-building Metrics: IoU=0.9081, accuracy=0.9519, precision=0.9517, F1=0.9518
[2026-07-21 11:07:37,582 INFO evaluator.py line 266 10873] Class_4-utility_line Metrics: IoU=0.8341, accuracy=0.8699, precision=0.9529, F1=0.9095
[2026-07-21 11:07:37,582 INFO evaluator.py line 266 10873] Class_5-pole Metrics: IoU=0.7738, accuracy=0.8326, precision=0.9165, F1=0.8725
[2026-07-21 11:07:37,582 INFO evaluator.py line 266 10873] Class_6-car Metrics: IoU=0.8876, accuracy=0.9370, precision=0.9440, F1=0.9405
[2026-07-21 11:07:37,582 INFO evaluator.py line 266 10873] Class_7-fence Metrics: IoU=0.3460, accuracy=0.5480, precision=0.4842, F1=0.5141
[2026-07-21 11:07:37,583 INFO evaluator.py line 321 10873] <<<<<<<<<<<<<<<<< End Evaluation <<<<<<<<<<<<<<<<<
[2026-07-21 11:07:37,583 INFO misc.py line 182 10873] Best validation mIoU updated to: 0.7832
[2026-07-21 11:07:37,583 INFO misc.py line 187 10873] Currently Best mIoU: 0.7832
[2026-07-21 11:07:37,584 INFO misc.py line 196 10873] Saving checkpoint to: exp/toronto3d/spunet-toronto3d/model/model_last.pth
[2026-07-21 11:08:06,968 INFO misc.py line 117 10873] Train: [74/100][1/50] Data 26.188 (26.188) Batch 26.507 (26.507) Remain 09:55:57 loss: 0.2011 Lr: 0.00112
[2026-07-21 11:08:10,589 INFO misc.py line 117 10873] Train: [74/100][2/50] Data 3.377 (3.377) Batch 3.621 (3.621) Remain 01:21:21 loss: 0.1811 Lr: 0.00111
[2026-07-21 11:08:10,897 INFO misc.py line 117 10873] Train: [74/100][3/50] Data 0.003 (0.003) Batch 0.309 (0.309) Remain 00:06:55 loss: 0.2773 Lr: 0.00111
[2026-07-21 11:08:11,168 INFO misc.py line 117 10873] Train: [74/100][4/50] Data 0.003 (0.003) Batch 0.270 (0.270) Remain 00:06:04 loss: 0.2160 Lr: 0.00111
[2026-07-21 11:08:11,423 INFO misc.py line 117 10873] Train: [74/100][5/50] Data 0.003 (0.003) Batch 0.255 (0.263) Remain 00:05:53 loss: 0.2790 Lr: 0.00111
[2026-07-21 11:08:11,686 INFO misc.py line 117 10873] Train: [74/100][6/50] Data 0.003 (0.003) Batch 0.264 (0.263) Remain 00:05:53 loss: 0.3188 Lr: 0.00111
[2026-07-21 11:08:11,967 INFO misc.py line 117 10873] Train: [74/100][7/50] Data 0.016 (0.006) Batch 0.281 (0.268) Remain 00:05:59 loss: 0.1906 Lr: 0.00111
[2026-07-21 11:08:12,213 INFO misc.py line 117 10873] Train: [74/100][8/50] Data 0.013 (0.007) Batch 0.245 (0.263) Remain 00:05:52 loss: 0.2183 Lr: 0.00111
[2026-07-21 11:08:12,491 INFO misc.py line 117 10873] Train: [74/100][9/50] Data 0.003 (0.007) Batch 0.278 (0.266) Remain 00:05:56 loss: 0.1778 Lr: 0.00110
[2026-07-21 11:08:12,744 INFO misc.py line 117 10873] Train: [74/100][10/50] Data 0.003 (0.006) Batch 0.254 (0.264) Remain 00:05:53 loss: 0.1662 Lr: 0.00110
[2026-07-21 11:08:13,008 INFO misc.py line 117 10873] Train: [74/100][11/50] Data 0.002 (0.006) Batch 0.263 (0.264) Remain 00:05:53 loss: 0.3105 Lr: 0.00110
[2026-07-21 11:08:13,271 INFO misc.py line 117 10873] Train: [74/100][12/50] Data 0.003 (0.005) Batch 0.264 (0.264) Remain 00:05:52 loss: 0.2335 Lr: 0.00110
[2026-07-21 11:08:13,510 INFO misc.py line 117 10873] Train: [74/100][13/50] Data 0.002 (0.005) Batch 0.236 (0.261) Remain 00:05:48 loss: 0.3091 Lr: 0.00110
[2026-07-21 11:08:13,771 INFO misc.py line 117 10873] Train: [74/100][14/50] Data 0.007 (0.005) Batch 0.264 (0.261) Remain 00:05:49 loss: 0.2697 Lr: 0.00110
[2026-07-21 11:08:14,053 INFO misc.py line 117 10873] Train: [74/100][15/50] Data 0.002 (0.005) Batch 0.281 (0.263) Remain 00:05:51 loss: 0.2695 Lr: 0.00109
[2026-07-21 11:08:14,294 INFO misc.py line 117 10873] Train: [74/100][16/50] Data 0.003 (0.005) Batch 0.241 (0.261) Remain 00:05:48 loss: 0.2079 Lr: 0.00109
[2026-07-21 11:08:14,578 INFO misc.py line 117 10873] Train: [74/100][17/50] Data 0.002 (0.005) Batch 0.283 (0.263) Remain 00:05:50 loss: 0.2012 Lr: 0.00109
[2026-07-21 11:08:14,828 INFO misc.py line 117 10873] Train: [74/100][18/50] Data 0.014 (0.005) Batch 0.251 (0.262) Remain 00:05:49 loss: 0.2117 Lr: 0.00109
[2026-07-21 11:08:15,062 INFO misc.py line 117 10873] Train: [74/100][19/50] Data 0.003 (0.005) Batch 0.234 (0.260) Remain 00:05:46 loss: 0.2171 Lr: 0.00109
[2026-07-21 11:08:15,315 INFO misc.py line 117 10873] Train: [74/100][20/50] Data 0.003 (0.005) Batch 0.253 (0.260) Remain 00:05:45 loss: 0.1997 Lr: 0.00109
[2026-07-21 11:08:15,573 INFO misc.py line 117 10873] Train: [74/100][21/50] Data 0.003 (0.005) Batch 0.258 (0.260) Remain 00:05:45 loss: 0.2402 Lr: 0.00109
[2026-07-21 11:08:15,837 INFO misc.py line 117 10873] Train: [74/100][22/50] Data 0.004 (0.005) Batch 0.263 (0.260) Remain 00:05:45 loss: 0.2490 Lr: 0.00108
[2026-07-21 11:08:16,093 INFO misc.py line 117 10873] Train: [74/100][23/50] Data 0.003 (0.005) Batch 0.257 (0.260) Remain 00:05:44 loss: 0.2150 Lr: 0.00108
[2026-07-21 11:08:16,376 INFO misc.py line 117 10873] Train: [74/100][24/50] Data 0.002 (0.005) Batch 0.282 (0.261) Remain 00:05:45 loss: 0.2618 Lr: 0.00108
[2026-07-21 11:08:16,617 INFO misc.py line 117 10873] Train: [74/100][25/50] Data 0.003 (0.004) Batch 0.241 (0.260) Remain 00:05:44 loss: 0.3102 Lr: 0.00108
[2026-07-21 11:08:16,869 INFO misc.py line 117 10873] Train: [74/100][26/50] Data 0.003 (0.004) Batch 0.251 (0.260) Remain 00:05:43 loss: 0.3876 Lr: 0.00108
[2026-07-21 11:08:17,116 INFO misc.py line 117 10873] Train: [74/100][27/50] Data 0.004 (0.004) Batch 0.247 (0.259) Remain 00:05:42 loss: 0.2582 Lr: 0.00108
[2026-07-21 11:08:17,389 INFO misc.py line 117 10873] Train: [74/100][28/50] Data 0.003 (0.004) Batch 0.274 (0.260) Remain 00:05:43 loss: 0.2201 Lr: 0.00107
[2026-07-21 11:08:33,035 INFO misc.py line 117 10873] Train: [74/100][29/50] Data 15.402 (0.597) Batch 15.646 (0.851) Remain 00:18:44 loss: 0.2204 Lr: 0.00107
[2026-07-21 11:08:36,572 INFO misc.py line 117 10873] Train: [74/100][30/50] Data 3.313 (0.697) Batch 3.538 (0.951) Remain 00:20:55 loss: 0.2589 Lr: 0.00107
[2026-07-21 11:08:36,804 INFO misc.py line 117 10873] Train: [74/100][31/50] Data 0.002 (0.672) Batch 0.232 (0.925) Remain 00:20:20 loss: 0.2046 Lr: 0.00107
[2026-07-21 11:08:37,035 INFO misc.py line 117 10873] Train: [74/100][32/50] Data 0.002 (0.649) Batch 0.231 (0.901) Remain 00:19:47 loss: 0.2083 Lr: 0.00107
[2026-07-21 11:08:37,262 INFO misc.py line 117 10873] Train: [74/100][33/50] Data 0.002 (0.628) Batch 0.226 (0.879) Remain 00:19:17 loss: 0.2006 Lr: 0.00107
[2026-07-21 11:08:37,478 INFO misc.py line 117 10873] Train: [74/100][34/50] Data 0.002 (0.607) Batch 0.216 (0.857) Remain 00:18:48 loss: 0.1826 Lr: 0.00107
[2026-07-21 11:08:37,708 INFO misc.py line 117 10873] Train: [74/100][35/50] Data 0.002 (0.589) Batch 0.230 (0.838) Remain 00:18:21 loss: 0.2352 Lr: 0.00106
[2026-07-21 11:08:37,947 INFO misc.py line 117 10873] Train: [74/100][36/50] Data 0.002 (0.571) Batch 0.239 (0.820) Remain 00:17:57 loss: 0.1843 Lr: 0.00106
[2026-07-21 11:08:38,201 INFO misc.py line 117 10873] Train: [74/100][37/50] Data 0.001 (0.554) Batch 0.254 (0.803) Remain 00:17:34 loss: 0.2338 Lr: 0.00106
[2026-07-21 11:08:38,420 INFO misc.py line 117 10873] Train: [74/100][38/50] Data 0.001 (0.538) Batch 0.219 (0.786) Remain 00:17:11 loss: 0.2153 Lr: 0.00106
[2026-07-21 11:08:38,644 INFO misc.py line 117 10873] Train: [74/100][39/50] Data 0.001 (0.523) Batch 0.225 (0.771) Remain 00:16:50 loss: 0.1997 Lr: 0.00106
[2026-07-21 11:08:38,864 INFO misc.py line 117 10873] Train: [74/100][40/50] Data 0.001 (0.509) Batch 0.220 (0.756) Remain 00:16:30 loss: 0.2199 Lr: 0.00106
[2026-07-21 11:08:39,109 INFO misc.py line 117 10873] Train: [74/100][41/50] Data 0.001 (0.496) Batch 0.244 (0.742) Remain 00:16:11 loss: 0.1851 Lr: 0.00105
[2026-07-21 11:08:39,336 INFO misc.py line 117 10873] Train: [74/100][42/50] Data 0.001 (0.483) Batch 0.227 (0.729) Remain 00:15:53 loss: 0.2173 Lr: 0.00105
[2026-07-21 11:08:39,566 INFO misc.py line 117 10873] Train: [74/100][43/50] Data 0.001 (0.471) Batch 0.230 (0.717) Remain 00:15:36 loss: 0.3014 Lr: 0.00105
[2026-07-21 11:08:39,805 INFO misc.py line 117 10873] Train: [74/100][44/50] Data 0.001 (0.460) Batch 0.240 (0.705) Remain 00:15:20 loss: 0.2892 Lr: 0.00105
[2026-07-21 11:08:40,040 INFO misc.py line 117 10873] Train: [74/100][45/50] Data 0.001 (0.449) Batch 0.234 (0.694) Remain 00:15:05 loss: 0.1866 Lr: 0.00105
[2026-07-21 11:08:40,279 INFO misc.py line 117 10873] Train: [74/100][46/50] Data 0.002 (0.438) Batch 0.239 (0.683) Remain 00:14:51 loss: 0.2324 Lr: 0.00105
[2026-07-21 11:08:40,512 INFO misc.py line 117 10873] Train: [74/100][47/50] Data 0.001 (0.428) Batch 0.233 (0.673) Remain 00:14:37 loss: 0.2381 Lr: 0.00105
[2026-07-21 11:08:40,744 INFO misc.py line 117 10873] Train: [74/100][48/50] Data 0.001 (0.419) Batch 0.232 (0.663) Remain 00:14:23 loss: 0.2082 Lr: 0.00104
[2026-07-21 11:08:40,980 INFO misc.py line 117 10873] Train: [74/100][49/50] Data 0.001 (0.410) Batch 0.237 (0.654) Remain 00:14:10 loss: 0.2532 Lr: 0.00104
[2026-07-21 11:08:41,218 INFO misc.py line 117 10873] Train: [74/100][50/50] Data 0.001 (0.401) Batch 0.237 (0.645) Remain 00:13:58 loss: 0.2556 Lr: 0.00104
[2026-07-21 11:08:41,218 INFO misc.py line 147 10873] Train result: loss: 0.2346 
[2026-07-21 11:08:41,218 INFO evaluator.py line 169 10873] >>>>>>>>>>>>>>>> Start Evaluation (Segmentation) >>>>>>>>>>>>>>>>
[2026-07-21 11:08:50,063 INFO evaluator.py line 228 10873] Test: [1/1] Loss 0.3694 
[2026-07-21 11:08:50,333 INFO evaluator.py line 257 10873] Val result: mIoU/macroF1/mAcc/mPrecision/allAcc 0.7804/0.8597/0.8513/0.8703/0.9650.
[2026-07-21 11:08:50,333 INFO evaluator.py line 266 10873] Class_0-road Metrics: IoU=0.9604, accuracy=0.9797, precision=0.9799, F1=0.9798
[2026-07-21 11:08:50,333 INFO evaluator.py line 266 10873] Class_1-road_marking Metrics: IoU=0.5882, accuracy=0.7005, precision=0.7858, F1=0.7407
[2026-07-21 11:08:50,333 INFO evaluator.py line 266 10873] Class_2-natural Metrics: IoU=0.9560, accuracy=0.9827, precision=0.9724, F1=0.9775
[2026-07-21 11:08:50,333 INFO evaluator.py line 266 10873] Class_3-building Metrics: IoU=0.9022, accuracy=0.9429, precision=0.9543, F1=0.9486
[2026-07-21 11:08:50,333 INFO evaluator.py line 266 10873] Class_4-utility_line Metrics: IoU=0.8380, accuracy=0.8894, precision=0.9355, F1=0.9119
[2026-07-21 11:08:50,333 INFO evaluator.py line 266 10873] Class_5-pole Metrics: IoU=0.7761, accuracy=0.8224, precision=0.9324, F1=0.8740
[2026-07-21 11:08:50,334 INFO evaluator.py line 266 10873] Class_6-car Metrics: IoU=0.8817, accuracy=0.9541, precision=0.9208, F1=0.9371
[2026-07-21 11:08:50,334 INFO evaluator.py line 266 10873] Class_7-fence Metrics: IoU=0.3409, accuracy=0.5387, precision=0.4814, F1=0.5084
[2026-07-21 11:08:50,334 INFO evaluator.py line 321 10873] <<<<<<<<<<<<<<<<< End Evaluation <<<<<<<<<<<<<<<<<
[2026-07-21 11:08:50,335 INFO misc.py line 187 10873] Currently Best mIoU: 0.7832
[2026-07-21 11:08:50,335 INFO misc.py line 196 10873] Saving checkpoint to: exp/toronto3d/spunet-toronto3d/model/model_last.pth
[2026-07-21 11:09:17,065 INFO misc.py line 117 10873] Train: [75/100][1/50] Data 26.195 (26.195) Batch 26.464 (26.464) Remain 09:32:56 loss: 0.1681 Lr: 0.00104
[2026-07-21 11:09:17,570 INFO misc.py line 117 10873] Train: [75/100][2/50] Data 0.217 (0.217) Batch 0.505 (0.505) Remain 00:10:54 loss: 0.1923 Lr: 0.00104
[2026-07-21 11:09:20,424 INFO misc.py line 117 10873] Train: [75/100][3/50] Data 2.599 (2.599) Batch 2.854 (2.854) Remain 01:01:41 loss: 0.2019 Lr: 0.00104
[2026-07-21 11:09:20,666 INFO misc.py line 117 10873] Train: [75/100][4/50] Data 0.003 (0.003) Batch 0.242 (0.242) Remain 00:05:14 loss: 0.3228 Lr: 0.00104
[2026-07-21 11:09:20,918 INFO misc.py line 117 10873] Train: [75/100][5/50] Data 0.002 (0.002) Batch 0.252 (0.247) Remain 00:05:19 loss: 0.2562 Lr: 0.00103
[2026-07-21 11:09:21,182 INFO misc.py line 117 10873] Train: [75/100][6/50] Data 0.003 (0.002) Batch 0.264 (0.253) Remain 00:05:27 loss: 0.2300 Lr: 0.00103
[2026-07-21 11:09:21,435 INFO misc.py line 117 10873] Train: [75/100][7/50] Data 0.003 (0.002) Batch 0.253 (0.253) Remain 00:05:26 loss: 0.1867 Lr: 0.00103
[2026-07-21 11:09:21,673 INFO misc.py line 117 10873] Train: [75/100][8/50] Data 0.002 (0.002) Batch 0.238 (0.250) Remain 00:05:22 loss: 0.2626 Lr: 0.00103
[2026-07-21 11:09:21,931 INFO misc.py line 117 10873] Train: [75/100][9/50] Data 0.003 (0.002) Batch 0.258 (0.251) Remain 00:05:24 loss: 0.1997 Lr: 0.00103
[2026-07-21 11:09:22,160 INFO misc.py line 117 10873] Train: [75/100][10/50] Data 0.002 (0.002) Batch 0.228 (0.248) Remain 00:05:19 loss: 0.2149 Lr: 0.00103
[2026-07-21 11:09:22,411 INFO misc.py line 117 10873] Train: [75/100][11/50] Data 0.004 (0.003) Batch 0.251 (0.248) Remain 00:05:20 loss: 0.1651 Lr: 0.00102
[2026-07-21 11:09:22,672 INFO misc.py line 117 10873] Train: [75/100][12/50] Data 0.002 (0.003) Batch 0.261 (0.250) Remain 00:05:21 loss: 0.1944 Lr: 0.00102
[2026-07-21 11:09:22,935 INFO misc.py line 117 10873] Train: [75/100][13/50] Data 0.003 (0.003) Batch 0.262 (0.251) Remain 00:05:23 loss: 0.1964 Lr: 0.00102
[2026-07-21 11:09:23,173 INFO misc.py line 117 10873] Train: [75/100][14/50] Data 0.004 (0.003) Batch 0.239 (0.250) Remain 00:05:21 loss: 0.2957 Lr: 0.00102
[2026-07-21 11:09:23,435 INFO misc.py line 117 10873] Train: [75/100][15/50] Data 0.003 (0.003) Batch 0.262 (0.251) Remain 00:05:22 loss: 0.3539 Lr: 0.00102
[2026-07-21 11:09:23,691 INFO misc.py line 117 10873] Train: [75/100][16/50] Data 0.005 (0.003) Batch 0.255 (0.251) Remain 00:05:22 loss: 0.2205 Lr: 0.00102
[2026-07-21 11:09:23,955 INFO misc.py line 117 10873] Train: [75/100][17/50] Data 0.003 (0.003) Batch 0.264 (0.252) Remain 00:05:23 loss: 0.2515 Lr: 0.00102
[2026-07-21 11:09:24,198 INFO misc.py line 117 10873] Train: [75/100][18/50] Data 0.003 (0.003) Batch 0.243 (0.252) Remain 00:05:22 loss: 0.2028 Lr: 0.00101
[2026-07-21 11:09:24,432 INFO misc.py line 117 10873] Train: [75/100][19/50] Data 0.002 (0.003) Batch 0.235 (0.251) Remain 00:05:20 loss: 0.2094 Lr: 0.00101
[2026-07-21 11:09:24,674 INFO misc.py line 117 10873] Train: [75/100][20/50] Data 0.002 (0.003) Batch 0.241 (0.250) Remain 00:05:20 loss: 0.2637 Lr: 0.00101
[2026-07-21 11:09:24,914 INFO misc.py line 117 10873] Train: [75/100][21/50] Data 0.003 (0.003) Batch 0.241 (0.250) Remain 00:05:19 loss: 0.1575 Lr: 0.00101
[2026-07-21 11:09:25,156 INFO misc.py line 117 10873] Train: [75/100][22/50] Data 0.002 (0.003) Batch 0.241 (0.249) Remain 00:05:18 loss: 0.2158 Lr: 0.00101
[2026-07-21 11:09:25,420 INFO misc.py line 117 10873] Train: [75/100][23/50] Data 0.004 (0.003) Batch 0.264 (0.250) Remain 00:05:19 loss: 0.2917 Lr: 0.00101
[2026-07-21 11:09:25,651 INFO misc.py line 117 10873] Train: [75/100][24/50] Data 0.003 (0.003) Batch 0.231 (0.249) Remain 00:05:17 loss: 0.2363 Lr: 0.00101
[2026-07-21 11:09:25,919 INFO misc.py line 117 10873] Train: [75/100][25/50] Data 0.003 (0.003) Batch 0.269 (0.250) Remain 00:05:18 loss: 0.1452 Lr: 0.00100
[2026-07-21 11:09:26,147 INFO misc.py line 117 10873] Train: [75/100][26/50] Data 0.002 (0.003) Batch 0.227 (0.249) Remain 00:05:16 loss: 0.2455 Lr: 0.00100
[2026-07-21 11:09:26,401 INFO misc.py line 117 10873] Train: [75/100][27/50] Data 0.003 (0.003) Batch 0.254 (0.249) Remain 00:05:17 loss: 0.1949 Lr: 0.00100
[2026-07-21 11:09:26,655 INFO misc.py line 117 10873] Train: [75/100][28/50] Data 0.003 (0.003) Batch 0.254 (0.249) Remain 00:05:17 loss: 0.2806 Lr: 0.00100
[2026-07-21 11:09:42,013 INFO misc.py line 117 10873] Train: [75/100][29/50] Data 15.097 (0.583) Batch 15.358 (0.830) Remain 00:17:35 loss: 0.2693 Lr: 0.00100
[2026-07-21 11:09:44,104 INFO misc.py line 117 10873] Train: [75/100][30/50] Data 1.859 (0.631) Batch 2.091 (0.877) Remain 00:18:33 loss: 0.2190 Lr: 0.00100
[2026-07-21 11:09:45,762 INFO misc.py line 117 10873] Train: [75/100][31/50] Data 1.431 (0.659) Batch 1.659 (0.905) Remain 00:19:08 loss: 0.1770 Lr: 0.00100
[2026-07-21 11:09:46,009 INFO misc.py line 117 10873] Train: [75/100][32/50] Data 0.001 (0.637) Batch 0.247 (0.882) Remain 00:18:38 loss: 0.2705 Lr: 0.00099
[2026-07-21 11:09:46,258 INFO misc.py line 117 10873] Train: [75/100][33/50] Data 0.001 (0.615) Batch 0.249 (0.861) Remain 00:18:11 loss: 0.2142 Lr: 0.00099
[2026-07-21 11:09:46,498 INFO misc.py line 117 10873] Train: [75/100][34/50] Data 0.002 (0.596) Batch 0.240 (0.841) Remain 00:17:44 loss: 0.3612 Lr: 0.00099
[2026-07-21 11:09:46,717 INFO misc.py line 117 10873] Train: [75/100][35/50] Data 0.002 (0.577) Batch 0.220 (0.822) Remain 00:17:19 loss: 0.2256 Lr: 0.00099
[2026-07-21 11:09:46,935 INFO misc.py line 117 10873] Train: [75/100][36/50] Data 0.001 (0.560) Batch 0.217 (0.803) Remain 00:16:55 loss: 0.2086 Lr: 0.00099
[2026-07-21 11:09:47,171 INFO misc.py line 117 10873] Train: [75/100][37/50] Data 0.001 (0.543) Batch 0.236 (0.787) Remain 00:16:33 loss: 0.2282 Lr: 0.00099
[2026-07-21 11:09:47,652 INFO misc.py line 117 10873] Train: [75/100][38/50] Data 0.001 (0.528) Batch 0.481 (0.778) Remain 00:16:21 loss: 0.2080 Lr: 0.00098
[2026-07-21 11:09:47,887 INFO misc.py line 117 10873] Train: [75/100][39/50] Data 0.002 (0.513) Batch 0.235 (0.763) Remain 00:16:02 loss: 0.3368 Lr: 0.00098
[2026-07-21 11:09:48,121 INFO misc.py line 117 10873] Train: [75/100][40/50] Data 0.001 (0.499) Batch 0.234 (0.749) Remain 00:15:43 loss: 0.2217 Lr: 0.00098
[2026-07-21 11:09:48,347 INFO misc.py line 117 10873] Train: [75/100][41/50] Data 0.002 (0.486) Batch 0.226 (0.735) Remain 00:15:25 loss: 0.2296 Lr: 0.00098
[2026-07-21 11:09:48,570 INFO misc.py line 117 10873] Train: [75/100][42/50] Data 0.001 (0.474) Batch 0.223 (0.722) Remain 00:15:07 loss: 0.2274 Lr: 0.00098
[2026-07-21 11:09:48,789 INFO misc.py line 117 10873] Train: [75/100][43/50] Data 0.002 (0.462) Batch 0.219 (0.709) Remain 00:14:51 loss: 0.1898 Lr: 0.00098
[2026-07-21 11:09:49,020 INFO misc.py line 117 10873] Train: [75/100][44/50] Data 0.002 (0.451) Batch 0.231 (0.697) Remain 00:14:36 loss: 0.2621 Lr: 0.00098
[2026-07-21 11:09:49,270 INFO misc.py line 117 10873] Train: [75/100][45/50] Data 0.001 (0.440) Batch 0.250 (0.687) Remain 00:14:21 loss: 0.2468 Lr: 0.00097
[2026-07-21 11:09:49,500 INFO misc.py line 117 10873] Train: [75/100][46/50] Data 0.002 (0.430) Batch 0.230 (0.676) Remain 00:14:07 loss: 0.2868 Lr: 0.00097
[2026-07-21 11:09:49,738 INFO misc.py line 117 10873] Train: [75/100][47/50] Data 0.001 (0.420) Batch 0.238 (0.666) Remain 00:13:54 loss: 0.2326 Lr: 0.00097
[2026-07-21 11:09:49,961 INFO misc.py line 117 10873] Train: [75/100][48/50] Data 0.001 (0.411) Batch 0.223 (0.656) Remain 00:13:41 loss: 0.2156 Lr: 0.00097
[2026-07-21 11:09:50,186 INFO misc.py line 117 10873] Train: [75/100][49/50] Data 0.001 (0.402) Batch 0.225 (0.647) Remain 00:13:29 loss: 0.2445 Lr: 0.00097
[2026-07-21 11:09:50,419 INFO misc.py line 117 10873] Train: [75/100][50/50] Data 0.002 (0.393) Batch 0.233 (0.638) Remain 00:13:17 loss: 0.3303 Lr: 0.00097
[2026-07-21 11:09:50,420 INFO misc.py line 147 10873] Train result: loss: 0.2352 
[2026-07-21 11:09:50,420 INFO evaluator.py line 169 10873] >>>>>>>>>>>>>>>> Start Evaluation (Segmentation) >>>>>>>>>>>>>>>>
[2026-07-21 11:09:58,924 INFO evaluator.py line 228 10873] Test: [1/1] Loss 0.3618 
[2026-07-21 11:09:59,193 INFO evaluator.py line 257 10873] Val result: mIoU/macroF1/mAcc/mPrecision/allAcc 0.7851/0.8631/0.8506/0.8778/0.9673.
[2026-07-21 11:09:59,193 INFO evaluator.py line 266 10873] Class_0-road Metrics: IoU=0.9625, accuracy=0.9828, precision=0.9791, F1=0.9809
[2026-07-21 11:09:59,194 INFO evaluator.py line 266 10873] Class_1-road_marking Metrics: IoU=0.5874, accuracy=0.6922, precision=0.7950, F1=0.7401
[2026-07-21 11:09:59,194 INFO evaluator.py line 266 10873] Class_2-natural Metrics: IoU=0.9613, accuracy=0.9821, precision=0.9784, F1=0.9803
[2026-07-21 11:09:59,194 INFO evaluator.py line 266 10873] Class_3-building Metrics: IoU=0.9058, accuracy=0.9514, precision=0.9498, F1=0.9506
[2026-07-21 11:09:59,194 INFO evaluator.py line 266 10873] Class_4-utility_line Metrics: IoU=0.8267, accuracy=0.8521, precision=0.9652, F1=0.9051
[2026-07-21 11:09:59,194 INFO evaluator.py line 266 10873] Class_5-pole Metrics: IoU=0.7856, accuracy=0.8510, precision=0.9110, F1=0.8800
[2026-07-21 11:09:59,194 INFO evaluator.py line 266 10873] Class_6-car Metrics: IoU=0.8991, accuracy=0.9538, precision=0.9400, F1=0.9469
[2026-07-21 11:09:59,194 INFO evaluator.py line 266 10873] Class_7-fence Metrics: IoU=0.3522, accuracy=0.5396, precision=0.5036, F1=0.5210
[2026-07-21 11:09:59,194 INFO evaluator.py line 321 10873] <<<<<<<<<<<<<<<<< End Evaluation <<<<<<<<<<<<<<<<<
[2026-07-21 11:09:59,195 INFO misc.py line 182 10873] Best validation mIoU updated to: 0.7851
[2026-07-21 11:09:59,195 INFO misc.py line 187 10873] Currently Best mIoU: 0.7851
[2026-07-21 11:09:59,196 INFO misc.py line 196 10873] Saving checkpoint to: exp/toronto3d/spunet-toronto3d/model/model_last.pth
[2026-07-21 11:10:34,766 INFO misc.py line 117 10873] Train: [76/100][1/50] Data 32.409 (32.409) Batch 32.665 (32.665) Remain 11:19:58 loss: 0.2075 Lr: 0.00097
[2026-07-21 11:10:35,025 INFO misc.py line 117 10873] Train: [76/100][2/50] Data 0.003 (0.003) Batch 0.258 (0.258) Remain 00:05:22 loss: 0.1912 Lr: 0.00096
[2026-07-21 11:10:35,267 INFO misc.py line 117 10873] Train: [76/100][3/50] Data 0.003 (0.003) Batch 0.242 (0.242) Remain 00:05:01 loss: 0.1619 Lr: 0.00096
[2026-07-21 11:10:35,501 INFO misc.py line 117 10873] Train: [76/100][4/50] Data 0.003 (0.003) Batch 0.234 (0.234) Remain 00:04:52 loss: 0.1793 Lr: 0.00096
[2026-07-21 11:10:35,781 INFO misc.py line 117 10873] Train: [76/100][5/50] Data 0.002 (0.003) Batch 0.280 (0.257) Remain 00:05:20 loss: 0.2695 Lr: 0.00096
[2026-07-21 11:10:36,035 INFO misc.py line 117 10873] Train: [76/100][6/50] Data 0.003 (0.003) Batch 0.254 (0.256) Remain 00:05:18 loss: 0.2526 Lr: 0.00096
[2026-07-21 11:10:36,325 INFO misc.py line 117 10873] Train: [76/100][7/50] Data 0.003 (0.003) Batch 0.290 (0.265) Remain 00:05:28 loss: 0.2465 Lr: 0.00096
[2026-07-21 11:10:36,579 INFO misc.py line 117 10873] Train: [76/100][8/50] Data 0.002 (0.003) Batch 0.254 (0.262) Remain 00:05:25 loss: 0.2036 Lr: 0.00096
[2026-07-21 11:10:36,845 INFO misc.py line 117 10873] Train: [76/100][9/50] Data 0.002 (0.003) Batch 0.267 (0.263) Remain 00:05:26 loss: 0.2623 Lr: 0.00095
[2026-07-21 11:10:37,101 INFO misc.py line 117 10873] Train: [76/100][10/50] Data 0.002 (0.003) Batch 0.256 (0.262) Remain 00:05:25 loss: 0.2478 Lr: 0.00095
[2026-07-21 11:10:37,350 INFO misc.py line 117 10873] Train: [76/100][11/50] Data 0.003 (0.003) Batch 0.249 (0.260) Remain 00:05:22 loss: 0.1950 Lr: 0.00095
[2026-07-21 11:10:37,649 INFO misc.py line 117 10873] Train: [76/100][12/50] Data 0.009 (0.003) Batch 0.299 (0.265) Remain 00:05:27 loss: 0.1755 Lr: 0.00095
[2026-07-21 11:10:37,890 INFO misc.py line 117 10873] Train: [76/100][13/50] Data 0.003 (0.003) Batch 0.241 (0.262) Remain 00:05:24 loss: 0.2465 Lr: 0.00095
[2026-07-21 11:10:38,155 INFO misc.py line 117 10873] Train: [76/100][14/50] Data 0.002 (0.003) Batch 0.265 (0.263) Remain 00:05:24 loss: 0.2731 Lr: 0.00095
[2026-07-21 11:10:38,405 INFO misc.py line 117 10873] Train: [76/100][15/50] Data 0.003 (0.003) Batch 0.250 (0.262) Remain 00:05:22 loss: 0.2212 Lr: 0.00095
[2026-07-21 11:10:38,645 INFO misc.py line 117 10873] Train: [76/100][16/50] Data 0.002 (0.003) Batch 0.241 (0.260) Remain 00:05:20 loss: 0.2133 Lr: 0.00094
[2026-07-21 11:10:38,914 INFO misc.py line 117 10873] Train: [76/100][17/50] Data 0.003 (0.003) Batch 0.269 (0.261) Remain 00:05:21 loss: 0.2466 Lr: 0.00094
[2026-07-21 11:10:39,160 INFO misc.py line 117 10873] Train: [76/100][18/50] Data 0.002 (0.003) Batch 0.245 (0.260) Remain 00:05:19 loss: 0.2308 Lr: 0.00094
[2026-07-21 11:10:39,423 INFO misc.py line 117 10873] Train: [76/100][19/50] Data 0.004 (0.003) Batch 0.264 (0.260) Remain 00:05:19 loss: 0.2710 Lr: 0.00094
[2026-07-21 11:10:39,677 INFO misc.py line 117 10873] Train: [76/100][20/50] Data 0.002 (0.003) Batch 0.254 (0.259) Remain 00:05:19 loss: 0.2425 Lr: 0.00094
[2026-07-21 11:10:39,952 INFO misc.py line 117 10873] Train: [76/100][21/50] Data 0.009 (0.003) Batch 0.275 (0.260) Remain 00:05:19 loss: 0.2231 Lr: 0.00094
[2026-07-21 11:10:40,204 INFO misc.py line 117 10873] Train: [76/100][22/50] Data 0.003 (0.003) Batch 0.251 (0.260) Remain 00:05:19 loss: 0.2364 Lr: 0.00094
[2026-07-21 11:10:40,464 INFO misc.py line 117 10873] Train: [76/100][23/50] Data 0.003 (0.003) Batch 0.260 (0.260) Remain 00:05:18 loss: 0.2726 Lr: 0.00093
[2026-07-21 11:10:40,705 INFO misc.py line 117 10873] Train: [76/100][24/50] Data 0.003 (0.003) Batch 0.242 (0.259) Remain 00:05:17 loss: 0.1647 Lr: 0.00093
[2026-07-21 11:10:40,943 INFO misc.py line 117 10873] Train: [76/100][25/50] Data 0.002 (0.003) Batch 0.238 (0.258) Remain 00:05:16 loss: 0.1678 Lr: 0.00093
[2026-07-21 11:10:41,195 INFO misc.py line 117 10873] Train: [76/100][26/50] Data 0.003 (0.003) Batch 0.252 (0.258) Remain 00:05:15 loss: 0.2048 Lr: 0.00093
[2026-07-21 11:10:41,459 INFO misc.py line 117 10873] Train: [76/100][27/50] Data 0.004 (0.003) Batch 0.264 (0.258) Remain 00:05:15 loss: 0.2038 Lr: 0.00093
[2026-07-21 11:10:41,709 INFO misc.py line 117 10873] Train: [76/100][28/50] Data 0.003 (0.003) Batch 0.250 (0.258) Remain 00:05:14 loss: 0.1929 Lr: 0.00093
[2026-07-21 11:10:57,560 INFO misc.py line 117 10873] Train: [76/100][29/50] Data 15.638 (0.605) Batch 15.851 (0.857) Remain 00:17:26 loss: 0.3358 Lr: 0.00093
[2026-07-21 11:10:57,815 INFO misc.py line 117 10873] Train: [76/100][30/50] Data 0.002 (0.582) Batch 0.255 (0.835) Remain 00:16:58 loss: 0.2151 Lr: 0.00092
[2026-07-21 11:10:58,043 INFO misc.py line 117 10873] Train: [76/100][31/50] Data 0.002 (0.562) Batch 0.228 (0.813) Remain 00:16:31 loss: 0.2201 Lr: 0.00092
[2026-07-21 11:10:58,276 INFO misc.py line 117 10873] Train: [76/100][32/50] Data 0.002 (0.542) Batch 0.233 (0.793) Remain 00:16:06 loss: 0.1381 Lr: 0.00092
[2026-07-21 11:10:58,512 INFO misc.py line 117 10873] Train: [76/100][33/50] Data 0.001 (0.524) Batch 0.236 (0.775) Remain 00:15:43 loss: 0.2398 Lr: 0.00092
[2026-07-21 11:10:58,735 INFO misc.py line 117 10873] Train: [76/100][34/50] Data 0.002 (0.507) Batch 0.223 (0.757) Remain 00:15:20 loss: 0.1759 Lr: 0.00092
[2026-07-21 11:10:58,948 INFO misc.py line 117 10873] Train: [76/100][35/50] Data 0.002 (0.492) Batch 0.214 (0.740) Remain 00:14:59 loss: 0.2553 Lr: 0.00092
[2026-07-21 11:10:59,165 INFO misc.py line 117 10873] Train: [76/100][36/50] Data 0.002 (0.477) Batch 0.216 (0.724) Remain 00:14:39 loss: 0.1906 Lr: 0.00092
[2026-07-21 11:10:59,381 INFO misc.py line 117 10873] Train: [76/100][37/50] Data 0.002 (0.463) Batch 0.216 (0.709) Remain 00:14:20 loss: 0.1877 Lr: 0.00091
[2026-07-21 11:10:59,625 INFO misc.py line 117 10873] Train: [76/100][38/50] Data 0.002 (0.450) Batch 0.244 (0.696) Remain 00:14:03 loss: 0.2636 Lr: 0.00091
[2026-07-21 11:10:59,848 INFO misc.py line 117 10873] Train: [76/100][39/50] Data 0.002 (0.437) Batch 0.223 (0.683) Remain 00:13:46 loss: 0.2911 Lr: 0.00091
[2026-07-21 11:11:00,069 INFO misc.py line 117 10873] Train: [76/100][40/50] Data 0.002 (0.425) Batch 0.221 (0.670) Remain 00:13:31 loss: 0.1807 Lr: 0.00091
[2026-07-21 11:11:00,303 INFO misc.py line 117 10873] Train: [76/100][41/50] Data 0.002 (0.414) Batch 0.234 (0.659) Remain 00:13:16 loss: 0.3060 Lr: 0.00091
[2026-07-21 11:11:00,541 INFO misc.py line 117 10873] Train: [76/100][42/50] Data 0.002 (0.404) Batch 0.238 (0.648) Remain 00:13:02 loss: 0.2170 Lr: 0.00091
[2026-07-21 11:11:00,754 INFO misc.py line 117 10873] Train: [76/100][43/50] Data 0.002 (0.394) Batch 0.213 (0.637) Remain 00:12:49 loss: 0.1892 Lr: 0.00091
[2026-07-21 11:11:00,989 INFO misc.py line 117 10873] Train: [76/100][44/50] Data 0.001 (0.384) Batch 0.235 (0.627) Remain 00:12:36 loss: 0.2955 Lr: 0.00090
[2026-07-21 11:11:01,214 INFO misc.py line 117 10873] Train: [76/100][45/50] Data 0.001 (0.375) Batch 0.225 (0.618) Remain 00:12:24 loss: 0.2376 Lr: 0.00090
[2026-07-21 11:11:01,455 INFO misc.py line 117 10873] Train: [76/100][46/50] Data 0.001 (0.366) Batch 0.241 (0.609) Remain 00:12:13 loss: 0.2115 Lr: 0.00090
[2026-07-21 11:11:01,672 INFO misc.py line 117 10873] Train: [76/100][47/50] Data 0.001 (0.358) Batch 0.217 (0.600) Remain 00:12:01 loss: 0.1444 Lr: 0.00090
[2026-07-21 11:11:01,889 INFO misc.py line 117 10873] Train: [76/100][48/50] Data 0.001 (0.350) Batch 0.217 (0.592) Remain 00:11:51 loss: 0.1610 Lr: 0.00090
[2026-07-21 11:11:02,131 INFO misc.py line 117 10873] Train: [76/100][49/50] Data 0.001 (0.342) Batch 0.242 (0.584) Remain 00:11:41 loss: 0.2124 Lr: 0.00090
[2026-07-21 11:11:02,364 INFO misc.py line 117 10873] Train: [76/100][50/50] Data 0.001 (0.335) Batch 0.233 (0.577) Remain 00:11:31 loss: 0.3050 Lr: 0.00090
[2026-07-21 11:11:02,364 INFO misc.py line 147 10873] Train result: loss: 0.2235 
[2026-07-21 11:11:02,364 INFO evaluator.py line 169 10873] >>>>>>>>>>>>>>>> Start Evaluation (Segmentation) >>>>>>>>>>>>>>>>
[2026-07-21 11:11:10,942 INFO evaluator.py line 228 10873] Test: [1/1] Loss 0.3638 
[2026-07-21 11:11:11,201 INFO evaluator.py line 257 10873] Val result: mIoU/macroF1/mAcc/mPrecision/allAcc 0.7821/0.8607/0.8530/0.8699/0.9666.
[2026-07-21 11:11:11,201 INFO evaluator.py line 266 10873] Class_0-road Metrics: IoU=0.9604, accuracy=0.9787, precision=0.9809, F1=0.9798
[2026-07-21 11:11:11,201 INFO evaluator.py line 266 10873] Class_1-road_marking Metrics: IoU=0.5890, accuracy=0.7210, precision=0.7628, F1=0.7413
[2026-07-21 11:11:11,201 INFO evaluator.py line 266 10873] Class_2-natural Metrics: IoU=0.9625, accuracy=0.9805, precision=0.9813, F1=0.9809
[2026-07-21 11:11:11,201 INFO evaluator.py line 266 10873] Class_3-building Metrics: IoU=0.9102, accuracy=0.9584, precision=0.9476, F1=0.9530
[2026-07-21 11:11:11,202 INFO evaluator.py line 266 10873] Class_4-utility_line Metrics: IoU=0.8413, accuracy=0.8864, precision=0.9429, F1=0.9138
[2026-07-21 11:11:11,202 INFO evaluator.py line 266 10873] Class_5-pole Metrics: IoU=0.7815, accuracy=0.8260, precision=0.9355, F1=0.8773
[2026-07-21 11:11:11,202 INFO evaluator.py line 266 10873] Class_6-car Metrics: IoU=0.8717, accuracy=0.9620, precision=0.9028, F1=0.9315
[2026-07-21 11:11:11,202 INFO evaluator.py line 266 10873] Class_7-fence Metrics: IoU=0.3406, accuracy=0.5112, precision=0.5051, F1=0.5081
[2026-07-21 11:11:11,202 INFO evaluator.py line 321 10873] <<<<<<<<<<<<<<<<< End Evaluation <<<<<<<<<<<<<<<<<
[2026-07-21 11:11:11,203 INFO misc.py line 187 10873] Currently Best mIoU: 0.7851
[2026-07-21 11:11:11,203 INFO misc.py line 196 10873] Saving checkpoint to: exp/toronto3d/spunet-toronto3d/model/model_last.pth
[2026-07-21 11:11:38,488 INFO misc.py line 117 10873] Train: [77/100][1/50] Data 26.750 (26.750) Batch 27.018 (27.018) Remain 08:59:55 loss: 0.2426 Lr: 0.00089
[2026-07-21 11:11:40,064 INFO misc.py line 117 10873] Train: [77/100][2/50] Data 1.268 (1.268) Batch 1.577 (1.577) Remain 00:31:29 loss: 0.1780 Lr: 0.00089
[2026-07-21 11:11:42,943 INFO misc.py line 117 10873] Train: [77/100][3/50] Data 2.641 (2.641) Batch 2.879 (2.879) Remain 00:57:25 loss: 0.2116 Lr: 0.00089
[2026-07-21 11:11:43,177 INFO misc.py line 117 10873] Train: [77/100][4/50] Data 0.004 (0.004) Batch 0.234 (0.234) Remain 00:04:39 loss: 0.1807 Lr: 0.00089
[2026-07-21 11:11:43,446 INFO misc.py line 117 10873] Train: [77/100][5/50] Data 0.002 (0.003) Batch 0.269 (0.252) Remain 00:05:00 loss: 0.2559 Lr: 0.00089
[2026-07-21 11:11:43,696 INFO misc.py line 117 10873] Train: [77/100][6/50] Data 0.003 (0.003) Batch 0.250 (0.251) Remain 00:04:59 loss: 0.2290 Lr: 0.00089
[2026-07-21 11:11:43,945 INFO misc.py line 117 10873] Train: [77/100][7/50] Data 0.003 (0.003) Batch 0.248 (0.250) Remain 00:04:58 loss: 0.1964 Lr: 0.00089
[2026-07-21 11:11:44,194 INFO misc.py line 117 10873] Train: [77/100][8/50] Data 0.002 (0.003) Batch 0.250 (0.250) Remain 00:04:58 loss: 0.2071 Lr: 0.00088
[2026-07-21 11:11:44,424 INFO misc.py line 117 10873] Train: [77/100][9/50] Data 0.002 (0.003) Batch 0.229 (0.247) Remain 00:04:53 loss: 0.1975 Lr: 0.00088
[2026-07-21 11:11:44,668 INFO misc.py line 117 10873] Train: [77/100][10/50] Data 0.002 (0.003) Batch 0.244 (0.246) Remain 00:04:53 loss: 0.2134 Lr: 0.00088
[2026-07-21 11:11:44,901 INFO misc.py line 117 10873] Train: [77/100][11/50] Data 0.002 (0.003) Batch 0.233 (0.245) Remain 00:04:50 loss: 0.1793 Lr: 0.00088
[2026-07-21 11:11:45,147 INFO misc.py line 117 10873] Train: [77/100][12/50] Data 0.003 (0.003) Batch 0.246 (0.245) Remain 00:04:50 loss: 0.2736 Lr: 0.00088
[2026-07-21 11:11:45,390 INFO misc.py line 117 10873] Train: [77/100][13/50] Data 0.003 (0.003) Batch 0.243 (0.245) Remain 00:04:50 loss: 0.1742 Lr: 0.00088
[2026-07-21 11:11:45,629 INFO misc.py line 117 10873] Train: [77/100][14/50] Data 0.003 (0.003) Batch 0.238 (0.244) Remain 00:04:49 loss: 0.2342 Lr: 0.00088
[2026-07-21 11:11:45,869 INFO misc.py line 117 10873] Train: [77/100][15/50] Data 0.003 (0.003) Batch 0.240 (0.244) Remain 00:04:48 loss: 0.1959 Lr: 0.00087
[2026-07-21 11:11:46,122 INFO misc.py line 117 10873] Train: [77/100][16/50] Data 0.003 (0.003) Batch 0.253 (0.244) Remain 00:04:49 loss: 0.2253 Lr: 0.00087
[2026-07-21 11:11:46,363 INFO misc.py line 117 10873] Train: [77/100][17/50] Data 0.003 (0.003) Batch 0.241 (0.244) Remain 00:04:48 loss: 0.1687 Lr: 0.00087
[2026-07-21 11:11:46,607 INFO misc.py line 117 10873] Train: [77/100][18/50] Data 0.003 (0.003) Batch 0.244 (0.244) Remain 00:04:48 loss: 0.2041 Lr: 0.00087
[2026-07-21 11:11:46,859 INFO misc.py line 117 10873] Train: [77/100][19/50] Data 0.003 (0.003) Batch 0.251 (0.245) Remain 00:04:48 loss: 0.2021 Lr: 0.00087
[2026-07-21 11:11:47,107 INFO misc.py line 117 10873] Train: [77/100][20/50] Data 0.003 (0.003) Batch 0.249 (0.245) Remain 00:04:49 loss: 0.1936 Lr: 0.00087
[2026-07-21 11:11:47,360 INFO misc.py line 117 10873] Train: [77/100][21/50] Data 0.003 (0.003) Batch 0.253 (0.245) Remain 00:04:49 loss: 0.2296 Lr: 0.00087
[2026-07-21 11:11:47,593 INFO misc.py line 117 10873] Train: [77/100][22/50] Data 0.003 (0.003) Batch 0.232 (0.245) Remain 00:04:48 loss: 0.2023 Lr: 0.00086
[2026-07-21 11:11:47,824 INFO misc.py line 117 10873] Train: [77/100][23/50] Data 0.003 (0.003) Batch 0.231 (0.244) Remain 00:04:47 loss: 0.1797 Lr: 0.00086
[2026-07-21 11:11:48,081 INFO misc.py line 117 10873] Train: [77/100][24/50] Data 0.003 (0.003) Batch 0.257 (0.245) Remain 00:04:47 loss: 0.3372 Lr: 0.00086
[2026-07-21 11:11:48,316 INFO misc.py line 117 10873] Train: [77/100][25/50] Data 0.003 (0.003) Batch 0.236 (0.244) Remain 00:04:46 loss: 0.2239 Lr: 0.00086
[2026-07-21 11:11:48,565 INFO misc.py line 117 10873] Train: [77/100][26/50] Data 0.004 (0.003) Batch 0.249 (0.244) Remain 00:04:46 loss: 0.2039 Lr: 0.00086
[2026-07-21 11:11:48,820 INFO misc.py line 117 10873] Train: [77/100][27/50] Data 0.003 (0.003) Batch 0.255 (0.245) Remain 00:04:47 loss: 0.2079 Lr: 0.00086
[2026-07-21 11:11:49,061 INFO misc.py line 117 10873] Train: [77/100][28/50] Data 0.002 (0.003) Batch 0.241 (0.245) Remain 00:04:46 loss: 0.1785 Lr: 0.00086
[2026-07-21 11:12:04,903 INFO misc.py line 117 10873] Train: [77/100][29/50] Data 15.564 (0.601) Batch 15.842 (0.845) Remain 00:16:29 loss: 0.3165 Lr: 0.00085
[2026-07-21 11:12:05,145 INFO misc.py line 117 10873] Train: [77/100][30/50] Data 0.002 (0.579) Batch 0.242 (0.822) Remain 00:16:02 loss: 0.1945 Lr: 0.00085
[2026-07-21 11:12:07,280 INFO misc.py line 117 10873] Train: [77/100][31/50] Data 1.895 (0.626) Batch 2.135 (0.869) Remain 00:16:56 loss: 0.2606 Lr: 0.00085
[2026-07-21 11:12:07,513 INFO misc.py line 117 10873] Train: [77/100][32/50] Data 0.001 (0.605) Batch 0.233 (0.847) Remain 00:16:29 loss: 0.2282 Lr: 0.00085
[2026-07-21 11:12:07,729 INFO misc.py line 117 10873] Train: [77/100][33/50] Data 0.001 (0.584) Batch 0.217 (0.826) Remain 00:16:04 loss: 0.1720 Lr: 0.00085
[2026-07-21 11:12:07,947 INFO misc.py line 117 10873] Train: [77/100][34/50] Data 0.001 (0.566) Batch 0.218 (0.807) Remain 00:15:40 loss: 0.2161 Lr: 0.00085
[2026-07-21 11:12:08,195 INFO misc.py line 117 10873] Train: [77/100][35/50] Data 0.001 (0.548) Batch 0.248 (0.789) Remain 00:15:19 loss: 0.2118 Lr: 0.00085
[2026-07-21 11:12:08,419 INFO misc.py line 117 10873] Train: [77/100][36/50] Data 0.001 (0.531) Batch 0.224 (0.772) Remain 00:14:58 loss: 0.3091 Lr: 0.00085
[2026-07-21 11:12:08,646 INFO misc.py line 117 10873] Train: [77/100][37/50] Data 0.001 (0.516) Batch 0.227 (0.756) Remain 00:14:39 loss: 0.2154 Lr: 0.00084
[2026-07-21 11:12:08,869 INFO misc.py line 117 10873] Train: [77/100][38/50] Data 0.001 (0.501) Batch 0.223 (0.741) Remain 00:14:20 loss: 0.1838 Lr: 0.00084
[2026-07-21 11:12:09,098 INFO misc.py line 117 10873] Train: [77/100][39/50] Data 0.001 (0.487) Batch 0.229 (0.727) Remain 00:14:03 loss: 0.2555 Lr: 0.00084
[2026-07-21 11:12:09,324 INFO misc.py line 117 10873] Train: [77/100][40/50] Data 0.001 (0.474) Batch 0.226 (0.713) Remain 00:13:47 loss: 0.1707 Lr: 0.00084
[2026-07-21 11:12:09,545 INFO misc.py line 117 10873] Train: [77/100][41/50] Data 0.001 (0.462) Batch 0.221 (0.700) Remain 00:13:31 loss: 0.2741 Lr: 0.00084
[2026-07-21 11:12:09,768 INFO misc.py line 117 10873] Train: [77/100][42/50] Data 0.001 (0.450) Batch 0.223 (0.688) Remain 00:13:16 loss: 0.2115 Lr: 0.00084
[2026-07-21 11:12:10,007 INFO misc.py line 117 10873] Train: [77/100][43/50] Data 0.001 (0.439) Batch 0.239 (0.677) Remain 00:13:02 loss: 0.2111 Lr: 0.00084
[2026-07-21 11:12:10,260 INFO misc.py line 117 10873] Train: [77/100][44/50] Data 0.001 (0.428) Batch 0.253 (0.666) Remain 00:12:50 loss: 0.2603 Lr: 0.00083
[2026-07-21 11:12:10,526 INFO misc.py line 117 10873] Train: [77/100][45/50] Data 0.001 (0.418) Batch 0.266 (0.657) Remain 00:12:38 loss: 0.3063 Lr: 0.00083
[2026-07-21 11:12:10,738 INFO misc.py line 117 10873] Train: [77/100][46/50] Data 0.001 (0.408) Batch 0.212 (0.646) Remain 00:12:25 loss: 0.1950 Lr: 0.00083
[2026-07-21 11:12:10,956 INFO misc.py line 117 10873] Train: [77/100][47/50] Data 0.001 (0.399) Batch 0.218 (0.637) Remain 00:12:14 loss: 0.2258 Lr: 0.00083
[2026-07-21 11:12:11,170 INFO misc.py line 117 10873] Train: [77/100][48/50] Data 0.001 (0.390) Batch 0.214 (0.627) Remain 00:12:02 loss: 0.1727 Lr: 0.00083
[2026-07-21 11:12:11,392 INFO misc.py line 117 10873] Train: [77/100][49/50] Data 0.001 (0.382) Batch 0.222 (0.618) Remain 00:11:51 loss: 0.2506 Lr: 0.00083
[2026-07-21 11:12:11,626 INFO misc.py line 117 10873] Train: [77/100][50/50] Data 0.001 (0.373) Batch 0.234 (0.610) Remain 00:11:41 loss: 0.2297 Lr: 0.00083
[2026-07-21 11:12:11,626 INFO misc.py line 147 10873] Train result: loss: 0.2199 
[2026-07-21 11:12:11,626 INFO evaluator.py line 169 10873] >>>>>>>>>>>>>>>> Start Evaluation (Segmentation) >>>>>>>>>>>>>>>>
[2026-07-21 11:12:20,160 INFO evaluator.py line 228 10873] Test: [1/1] Loss 0.3649 
[2026-07-21 11:12:20,419 INFO evaluator.py line 257 10873] Val result: mIoU/macroF1/mAcc/mPrecision/allAcc 0.7824/0.8619/0.8543/0.8738/0.9667.
[2026-07-21 11:12:20,419 INFO evaluator.py line 266 10873] Class_0-road Metrics: IoU=0.9616, accuracy=0.9827, precision=0.9782, F1=0.9804
[2026-07-21 11:12:20,419 INFO evaluator.py line 266 10873] Class_1-road_marking Metrics: IoU=0.5806, accuracy=0.6631, precision=0.8237, F1=0.7347
[2026-07-21 11:12:20,420 INFO evaluator.py line 266 10873] Class_2-natural Metrics: IoU=0.9637, accuracy=0.9802, precision=0.9828, F1=0.9815
[2026-07-21 11:12:20,420 INFO evaluator.py line 266 10873] Class_3-building Metrics: IoU=0.9025, accuracy=0.9579, precision=0.9398, F1=0.9487
[2026-07-21 11:12:20,420 INFO evaluator.py line 266 10873] Class_4-utility_line Metrics: IoU=0.8192, accuracy=0.8802, precision=0.9220, F1=0.9006
[2026-07-21 11:12:20,420 INFO evaluator.py line 266 10873] Class_5-pole Metrics: IoU=0.7915, accuracy=0.8458, precision=0.9250, F1=0.8836
[2026-07-21 11:12:20,420 INFO evaluator.py line 266 10873] Class_6-car Metrics: IoU=0.8799, accuracy=0.9325, precision=0.9398, F1=0.9361
[2026-07-21 11:12:20,420 INFO evaluator.py line 266 10873] Class_7-fence Metrics: IoU=0.3602, accuracy=0.5920, precision=0.4791, F1=0.5296
[2026-07-21 11:12:20,420 INFO evaluator.py line 321 10873] <<<<<<<<<<<<<<<<< End Evaluation <<<<<<<<<<<<<<<<<
[2026-07-21 11:12:20,421 INFO misc.py line 187 10873] Currently Best mIoU: 0.7851
[2026-07-21 11:12:20,421 INFO misc.py line 196 10873] Saving checkpoint to: exp/toronto3d/spunet-toronto3d/model/model_last.pth
[2026-07-21 11:12:46,226 INFO misc.py line 117 10873] Train: [78/100][1/50] Data 25.247 (25.247) Batch 25.541 (25.541) Remain 08:09:07 loss: 0.1625 Lr: 0.00082
[2026-07-21 11:12:49,448 INFO misc.py line 117 10873] Train: [78/100][2/50] Data 2.900 (2.900) Batch 3.224 (3.224) Remain 01:01:40 loss: 0.2270 Lr: 0.00082
[2026-07-21 11:12:49,848 INFO misc.py line 117 10873] Train: [78/100][3/50] Data 0.092 (0.092) Batch 0.394 (0.394) Remain 00:07:32 loss: 0.1606 Lr: 0.00082
[2026-07-21 11:12:50,123 INFO misc.py line 117 10873] Train: [78/100][4/50] Data 0.008 (0.008) Batch 0.279 (0.279) Remain 00:05:19 loss: 0.2388 Lr: 0.00082
[2026-07-21 11:12:50,404 INFO misc.py line 117 10873] Train: [78/100][5/50] Data 0.018 (0.013) Batch 0.281 (0.280) Remain 00:05:20 loss: 0.3044 Lr: 0.00082
[2026-07-21 11:12:50,650 INFO misc.py line 117 10873] Train: [78/100][6/50] Data 0.005 (0.010) Batch 0.247 (0.269) Remain 00:05:07 loss: 0.1714 Lr: 0.00082
[2026-07-21 11:12:50,906 INFO misc.py line 117 10873] Train: [78/100][7/50] Data 0.003 (0.009) Batch 0.257 (0.266) Remain 00:05:03 loss: 0.1705 Lr: 0.00082
[2026-07-21 11:12:51,171 INFO misc.py line 117 10873] Train: [78/100][8/50] Data 0.003 (0.007) Batch 0.264 (0.266) Remain 00:05:03 loss: 0.1885 Lr: 0.00081
[2026-07-21 11:12:51,449 INFO misc.py line 117 10873] Train: [78/100][9/50] Data 0.003 (0.007) Batch 0.278 (0.268) Remain 00:05:05 loss: 0.1949 Lr: 0.00081
[2026-07-21 11:12:51,734 INFO misc.py line 117 10873] Train: [78/100][10/50] Data 0.011 (0.007) Batch 0.286 (0.270) Remain 00:05:08 loss: 0.1726 Lr: 0.00081
[2026-07-21 11:12:51,979 INFO misc.py line 117 10873] Train: [78/100][11/50] Data 0.005 (0.007) Batch 0.245 (0.267) Remain 00:05:04 loss: 0.1700 Lr: 0.00081
[2026-07-21 11:12:52,276 INFO misc.py line 117 10873] Train: [78/100][12/50] Data 0.003 (0.007) Batch 0.296 (0.270) Remain 00:05:07 loss: 0.2129 Lr: 0.00081
[2026-07-21 11:12:52,515 INFO misc.py line 117 10873] Train: [78/100][13/50] Data 0.003 (0.006) Batch 0.240 (0.267) Remain 00:05:03 loss: 0.1755 Lr: 0.00081
[2026-07-21 11:12:52,885 INFO misc.py line 117 10873] Train: [78/100][14/50] Data 0.131 (0.017) Batch 0.369 (0.277) Remain 00:05:14 loss: 0.1968 Lr: 0.00081
[2026-07-21 11:12:53,114 INFO misc.py line 117 10873] Train: [78/100][15/50] Data 0.003 (0.016) Batch 0.230 (0.273) Remain 00:05:09 loss: 0.1806 Lr: 0.00081
[2026-07-21 11:12:53,365 INFO misc.py line 117 10873] Train: [78/100][16/50] Data 0.002 (0.015) Batch 0.251 (0.271) Remain 00:05:07 loss: 0.1838 Lr: 0.00080
[2026-07-21 11:12:53,612 INFO misc.py line 117 10873] Train: [78/100][17/50] Data 0.002 (0.014) Batch 0.247 (0.269) Remain 00:05:05 loss: 0.3173 Lr: 0.00080
[2026-07-21 11:12:53,867 INFO misc.py line 117 10873] Train: [78/100][18/50] Data 0.003 (0.013) Batch 0.255 (0.268) Remain 00:05:03 loss: 0.2067 Lr: 0.00080
[2026-07-21 11:12:54,104 INFO misc.py line 117 10873] Train: [78/100][19/50] Data 0.002 (0.013) Batch 0.237 (0.266) Remain 00:05:01 loss: 0.1656 Lr: 0.00080
[2026-07-21 11:12:54,351 INFO misc.py line 117 10873] Train: [78/100][20/50] Data 0.003 (0.012) Batch 0.247 (0.265) Remain 00:04:59 loss: 0.2152 Lr: 0.00080
[2026-07-21 11:12:54,609 INFO misc.py line 117 10873] Train: [78/100][21/50] Data 0.003 (0.012) Batch 0.257 (0.265) Remain 00:04:58 loss: 0.2617 Lr: 0.00080
[2026-07-21 11:12:54,880 INFO misc.py line 117 10873] Train: [78/100][22/50] Data 0.004 (0.011) Batch 0.272 (0.265) Remain 00:04:59 loss: 0.1601 Lr: 0.00080
[2026-07-21 11:12:55,119 INFO misc.py line 117 10873] Train: [78/100][23/50] Data 0.003 (0.011) Batch 0.239 (0.264) Remain 00:04:57 loss: 0.2019 Lr: 0.00079
[2026-07-21 11:12:55,370 INFO misc.py line 117 10873] Train: [78/100][24/50] Data 0.002 (0.010) Batch 0.251 (0.263) Remain 00:04:56 loss: 0.2218 Lr: 0.00079
[2026-07-21 11:12:55,618 INFO misc.py line 117 10873] Train: [78/100][25/50] Data 0.003 (0.010) Batch 0.248 (0.263) Remain 00:04:55 loss: 0.2226 Lr: 0.00079
[2026-07-21 11:12:55,927 INFO misc.py line 117 10873] Train: [78/100][26/50] Data 0.003 (0.010) Batch 0.309 (0.265) Remain 00:04:57 loss: 0.2803 Lr: 0.00079
[2026-07-21 11:12:56,182 INFO misc.py line 117 10873] Train: [78/100][27/50] Data 0.003 (0.009) Batch 0.256 (0.264) Remain 00:04:56 loss: 0.2123 Lr: 0.00079
[2026-07-21 11:12:56,435 INFO misc.py line 117 10873] Train: [78/100][28/50] Data 0.002 (0.009) Batch 0.252 (0.264) Remain 00:04:55 loss: 0.2569 Lr: 0.00079
[2026-07-21 11:13:08,931 INFO misc.py line 117 10873] Train: [78/100][29/50] Data 12.228 (0.479) Batch 12.496 (0.734) Remain 00:13:43 loss: 0.2081 Lr: 0.00079
[2026-07-21 11:13:15,502 INFO misc.py line 117 10873] Train: [78/100][30/50] Data 6.319 (0.695) Batch 6.571 (0.950) Remain 00:17:44 loss: 0.2467 Lr: 0.00079
[2026-07-21 11:13:15,733 INFO misc.py line 117 10873] Train: [78/100][31/50] Data 0.002 (0.671) Batch 0.232 (0.925) Remain 00:17:14 loss: 0.2063 Lr: 0.00078
[2026-07-21 11:13:15,962 INFO misc.py line 117 10873] Train: [78/100][32/50] Data 0.002 (0.648) Batch 0.229 (0.901) Remain 00:16:46 loss: 0.1988 Lr: 0.00078
[2026-07-21 11:13:16,217 INFO misc.py line 117 10873] Train: [78/100][33/50] Data 0.002 (0.626) Batch 0.255 (0.879) Remain 00:16:22 loss: 0.2749 Lr: 0.00078
[2026-07-21 11:13:16,437 INFO misc.py line 117 10873] Train: [78/100][34/50] Data 0.002 (0.606) Batch 0.220 (0.858) Remain 00:15:57 loss: 0.2369 Lr: 0.00078
[2026-07-21 11:13:16,654 INFO misc.py line 117 10873] Train: [78/100][35/50] Data 0.001 (0.587) Batch 0.217 (0.838) Remain 00:15:34 loss: 0.1974 Lr: 0.00078
[2026-07-21 11:13:16,875 INFO misc.py line 117 10873] Train: [78/100][36/50] Data 0.001 (0.569) Batch 0.221 (0.819) Remain 00:15:12 loss: 0.2382 Lr: 0.00078
[2026-07-21 11:13:17,094 INFO misc.py line 117 10873] Train: [78/100][37/50] Data 0.001 (0.553) Batch 0.219 (0.802) Remain 00:14:52 loss: 0.2417 Lr: 0.00078
[2026-07-21 11:13:17,321 INFO misc.py line 117 10873] Train: [78/100][38/50] Data 0.001 (0.537) Batch 0.227 (0.785) Remain 00:14:33 loss: 0.1702 Lr: 0.00077
[2026-07-21 11:13:17,547 INFO misc.py line 117 10873] Train: [78/100][39/50] Data 0.001 (0.522) Batch 0.226 (0.770) Remain 00:14:15 loss: 0.2297 Lr: 0.00077
[2026-07-21 11:13:17,765 INFO misc.py line 117 10873] Train: [78/100][40/50] Data 0.001 (0.508) Batch 0.218 (0.755) Remain 00:13:57 loss: 0.1638 Lr: 0.00077
[2026-07-21 11:13:17,977 INFO misc.py line 117 10873] Train: [78/100][41/50] Data 0.001 (0.495) Batch 0.212 (0.740) Remain 00:13:41 loss: 0.1713 Lr: 0.00077
[2026-07-21 11:13:18,208 INFO misc.py line 117 10873] Train: [78/100][42/50] Data 0.001 (0.482) Batch 0.231 (0.727) Remain 00:13:25 loss: 0.2202 Lr: 0.00077
[2026-07-21 11:13:18,443 INFO misc.py line 117 10873] Train: [78/100][43/50] Data 0.001 (0.470) Batch 0.235 (0.715) Remain 00:13:11 loss: 0.1930 Lr: 0.00077
[2026-07-21 11:13:18,666 INFO misc.py line 117 10873] Train: [78/100][44/50] Data 0.001 (0.458) Batch 0.223 (0.703) Remain 00:12:57 loss: 0.1780 Lr: 0.00077
[2026-07-21 11:13:18,885 INFO misc.py line 117 10873] Train: [78/100][45/50] Data 0.001 (0.448) Batch 0.220 (0.692) Remain 00:12:44 loss: 0.2103 Lr: 0.00077
[2026-07-21 11:13:19,116 INFO misc.py line 117 10873] Train: [78/100][46/50] Data 0.001 (0.437) Batch 0.231 (0.681) Remain 00:12:31 loss: 0.1547 Lr: 0.00076
[2026-07-21 11:13:19,335 INFO misc.py line 117 10873] Train: [78/100][47/50] Data 0.001 (0.427) Batch 0.218 (0.670) Remain 00:12:19 loss: 0.2559 Lr: 0.00076
[2026-07-21 11:13:19,557 INFO misc.py line 117 10873] Train: [78/100][48/50] Data 0.001 (0.418) Batch 0.222 (0.660) Remain 00:12:07 loss: 0.1887 Lr: 0.00076
[2026-07-21 11:13:19,784 INFO misc.py line 117 10873] Train: [78/100][49/50] Data 0.001 (0.409) Batch 0.228 (0.651) Remain 00:11:56 loss: 0.2644 Lr: 0.00076
[2026-07-21 11:13:20,003 INFO misc.py line 117 10873] Train: [78/100][50/50] Data 0.001 (0.400) Batch 0.219 (0.642) Remain 00:11:45 loss: 0.2226 Lr: 0.00076
[2026-07-21 11:13:20,003 INFO misc.py line 147 10873] Train result: loss: 0.2101 
[2026-07-21 11:13:20,004 INFO evaluator.py line 169 10873] >>>>>>>>>>>>>>>> Start Evaluation (Segmentation) >>>>>>>>>>>>>>>>
[2026-07-21 11:13:28,537 INFO evaluator.py line 228 10873] Test: [1/1] Loss 0.3753 
[2026-07-21 11:13:28,815 INFO evaluator.py line 257 10873] Val result: mIoU/macroF1/mAcc/mPrecision/allAcc 0.7756/0.8565/0.8522/0.8617/0.9657.
[2026-07-21 11:13:28,815 INFO evaluator.py line 266 10873] Class_0-road Metrics: IoU=0.9618, accuracy=0.9791, precision=0.9820, F1=0.9805
[2026-07-21 11:13:28,816 INFO evaluator.py line 266 10873] Class_1-road_marking Metrics: IoU=0.5927, accuracy=0.7282, precision=0.7611, F1=0.7443
[2026-07-21 11:13:28,816 INFO evaluator.py line 266 10873] Class_2-natural Metrics: IoU=0.9626, accuracy=0.9800, precision=0.9820, F1=0.9810
[2026-07-21 11:13:28,816 INFO evaluator.py line 266 10873] Class_3-building Metrics: IoU=0.9004, accuracy=0.9615, precision=0.9341, F1=0.9476
[2026-07-21 11:13:28,816 INFO evaluator.py line 266 10873] Class_4-utility_line Metrics: IoU=0.7964, accuracy=0.8997, precision=0.8739, F1=0.8866
[2026-07-21 11:13:28,816 INFO evaluator.py line 266 10873] Class_5-pole Metrics: IoU=0.7908, accuracy=0.8396, precision=0.9316, F1=0.8832
[2026-07-21 11:13:28,816 INFO evaluator.py line 266 10873] Class_6-car Metrics: IoU=0.8652, accuracy=0.9225, precision=0.9330, F1=0.9277
[2026-07-21 11:13:28,816 INFO evaluator.py line 266 10873] Class_7-fence Metrics: IoU=0.3345, accuracy=0.5070, precision=0.4958, F1=0.5013
[2026-07-21 11:13:28,817 INFO evaluator.py line 321 10873] <<<<<<<<<<<<<<<<< End Evaluation <<<<<<<<<<<<<<<<<
[2026-07-21 11:13:28,817 INFO misc.py line 187 10873] Currently Best mIoU: 0.7851
[2026-07-21 11:13:28,817 INFO misc.py line 196 10873] Saving checkpoint to: exp/toronto3d/spunet-toronto3d/model/model_last.pth
[2026-07-21 11:13:56,517 INFO misc.py line 117 10873] Train: [79/100][1/50] Data 27.177 (27.177) Batch 27.437 (27.437) Remain 08:22:32 loss: 0.2347 Lr: 0.00076
[2026-07-21 11:13:56,804 INFO misc.py line 117 10873] Train: [79/100][2/50] Data 0.002 (0.002) Batch 0.287 (0.287) Remain 00:05:15 loss: 0.3611 Lr: 0.00076
[2026-07-21 11:13:57,780 INFO misc.py line 117 10873] Train: [79/100][3/50] Data 0.699 (0.699) Batch 0.976 (0.976) Remain 00:17:50 loss: 0.2359 Lr: 0.00075
[2026-07-21 11:13:58,089 INFO misc.py line 117 10873] Train: [79/100][4/50] Data 0.002 (0.002) Batch 0.298 (0.298) Remain 00:05:26 loss: 0.2237 Lr: 0.00075
[2026-07-21 11:13:59,698 INFO misc.py line 117 10873] Train: [79/100][5/50] Data 1.346 (0.674) Batch 1.620 (0.959) Remain 00:17:29 loss: 0.3370 Lr: 0.00075
[2026-07-21 11:13:59,956 INFO misc.py line 117 10873] Train: [79/100][6/50] Data 0.003 (0.450) Batch 0.258 (0.725) Remain 00:13:13 loss: 0.2308 Lr: 0.00075
[2026-07-21 11:14:00,219 INFO misc.py line 117 10873] Train: [79/100][7/50] Data 0.003 (0.339) Batch 0.263 (0.610) Remain 00:11:06 loss: 0.2110 Lr: 0.00075
[2026-07-21 11:14:00,491 INFO misc.py line 117 10873] Train: [79/100][8/50] Data 0.003 (0.272) Batch 0.272 (0.542) Remain 00:09:52 loss: 0.1985 Lr: 0.00075
[2026-07-21 11:14:00,735 INFO misc.py line 117 10873] Train: [79/100][9/50] Data 0.003 (0.227) Batch 0.244 (0.492) Remain 00:08:57 loss: 0.1832 Lr: 0.00075
[2026-07-21 11:14:00,983 INFO misc.py line 117 10873] Train: [79/100][10/50] Data 0.003 (0.195) Batch 0.247 (0.457) Remain 00:08:18 loss: 0.2593 Lr: 0.00075
[2026-07-21 11:14:01,244 INFO misc.py line 117 10873] Train: [79/100][11/50] Data 0.004 (0.171) Batch 0.262 (0.433) Remain 00:07:51 loss: 0.1995 Lr: 0.00074
[2026-07-21 11:14:01,481 INFO misc.py line 117 10873] Train: [79/100][12/50] Data 0.003 (0.152) Batch 0.237 (0.411) Remain 00:07:27 loss: 0.1690 Lr: 0.00074
[2026-07-21 11:14:01,710 INFO misc.py line 117 10873] Train: [79/100][13/50] Data 0.003 (0.137) Batch 0.228 (0.393) Remain 00:07:07 loss: 0.3100 Lr: 0.00074
[2026-07-21 11:14:01,970 INFO misc.py line 117 10873] Train: [79/100][14/50] Data 0.003 (0.125) Batch 0.260 (0.381) Remain 00:06:53 loss: 0.2258 Lr: 0.00074
[2026-07-21 11:14:02,200 INFO misc.py line 117 10873] Train: [79/100][15/50] Data 0.003 (0.115) Batch 0.229 (0.368) Remain 00:06:39 loss: 0.1665 Lr: 0.00074
[2026-07-21 11:14:02,459 INFO misc.py line 117 10873] Train: [79/100][16/50] Data 0.004 (0.106) Batch 0.260 (0.360) Remain 00:06:30 loss: 0.2393 Lr: 0.00074
[2026-07-21 11:14:02,694 INFO misc.py line 117 10873] Train: [79/100][17/50] Data 0.005 (0.099) Batch 0.235 (0.351) Remain 00:06:20 loss: 0.1607 Lr: 0.00074
[2026-07-21 11:14:02,957 INFO misc.py line 117 10873] Train: [79/100][18/50] Data 0.004 (0.093) Batch 0.264 (0.345) Remain 00:06:13 loss: 0.2606 Lr: 0.00074
[2026-07-21 11:14:03,200 INFO misc.py line 117 10873] Train: [79/100][19/50] Data 0.003 (0.087) Batch 0.243 (0.339) Remain 00:06:06 loss: 0.1439 Lr: 0.00073
[2026-07-21 11:14:03,450 INFO misc.py line 117 10873] Train: [79/100][20/50] Data 0.003 (0.082) Batch 0.249 (0.333) Remain 00:06:00 loss: 0.2225 Lr: 0.00073
[2026-07-21 11:14:03,692 INFO misc.py line 117 10873] Train: [79/100][21/50] Data 0.003 (0.078) Batch 0.243 (0.328) Remain 00:05:54 loss: 0.1821 Lr: 0.00073
[2026-07-21 11:14:03,942 INFO misc.py line 117 10873] Train: [79/100][22/50] Data 0.002 (0.074) Batch 0.250 (0.324) Remain 00:05:49 loss: 0.2482 Lr: 0.00073
[2026-07-21 11:14:04,243 INFO misc.py line 117 10873] Train: [79/100][23/50] Data 0.003 (0.070) Batch 0.301 (0.323) Remain 00:05:48 loss: 0.2518 Lr: 0.00073
[2026-07-21 11:14:04,479 INFO misc.py line 117 10873] Train: [79/100][24/50] Data 0.003 (0.067) Batch 0.236 (0.319) Remain 00:05:43 loss: 0.2051 Lr: 0.00073
[2026-07-21 11:14:04,717 INFO misc.py line 117 10873] Train: [79/100][25/50] Data 0.002 (0.064) Batch 0.238 (0.315) Remain 00:05:38 loss: 0.1896 Lr: 0.00073
[2026-07-21 11:14:04,955 INFO misc.py line 117 10873] Train: [79/100][26/50] Data 0.003 (0.061) Batch 0.238 (0.312) Remain 00:05:35 loss: 0.2070 Lr: 0.00072
[2026-07-21 11:14:05,194 INFO misc.py line 117 10873] Train: [79/100][27/50] Data 0.002 (0.059) Batch 0.238 (0.309) Remain 00:05:31 loss: 0.1558 Lr: 0.00072
[2026-07-21 11:14:05,465 INFO misc.py line 117 10873] Train: [79/100][28/50] Data 0.005 (0.057) Batch 0.272 (0.307) Remain 00:05:29 loss: 0.3078 Lr: 0.00072
[2026-07-21 11:14:21,042 INFO misc.py line 117 10873] Train: [79/100][29/50] Data 15.324 (0.644) Batch 15.577 (0.895) Remain 00:15:58 loss: 0.3275 Lr: 0.00072
[2026-07-21 11:14:21,309 INFO misc.py line 117 10873] Train: [79/100][30/50] Data 0.002 (0.620) Batch 0.266 (0.871) Remain 00:15:32 loss: 0.2063 Lr: 0.00072
[2026-07-21 11:14:22,327 INFO misc.py line 117 10873] Train: [79/100][31/50] Data 0.784 (0.626) Batch 1.019 (0.877) Remain 00:15:37 loss: 0.2604 Lr: 0.00072
[2026-07-21 11:14:22,567 INFO misc.py line 117 10873] Train: [79/100][32/50] Data 0.002 (0.605) Batch 0.240 (0.855) Remain 00:15:12 loss: 0.2635 Lr: 0.00072
[2026-07-21 11:14:25,513 INFO misc.py line 117 10873] Train: [79/100][33/50] Data 2.723 (0.675) Batch 2.946 (0.924) Remain 00:16:26 loss: 0.1848 Lr: 0.00072
[2026-07-21 11:14:25,727 INFO misc.py line 117 10873] Train: [79/100][34/50] Data 0.002 (0.653) Batch 0.215 (0.902) Remain 00:16:01 loss: 0.1422 Lr: 0.00071
[2026-07-21 11:14:25,949 INFO misc.py line 117 10873] Train: [79/100][35/50] Data 0.001 (0.633) Batch 0.222 (0.880) Remain 00:15:37 loss: 0.1851 Lr: 0.00071
[2026-07-21 11:14:26,216 INFO misc.py line 117 10873] Train: [79/100][36/50] Data 0.001 (0.614) Batch 0.267 (0.862) Remain 00:15:16 loss: 0.2930 Lr: 0.00071
[2026-07-21 11:14:26,436 INFO misc.py line 117 10873] Train: [79/100][37/50] Data 0.001 (0.596) Batch 0.220 (0.843) Remain 00:14:55 loss: 0.1687 Lr: 0.00071
[2026-07-21 11:14:26,664 INFO misc.py line 117 10873] Train: [79/100][38/50] Data 0.001 (0.579) Batch 0.228 (0.825) Remain 00:14:36 loss: 0.2101 Lr: 0.00071
[2026-07-21 11:14:26,898 INFO misc.py line 117 10873] Train: [79/100][39/50] Data 0.001 (0.563) Batch 0.234 (0.809) Remain 00:14:18 loss: 0.2503 Lr: 0.00071
[2026-07-21 11:14:27,128 INFO misc.py line 117 10873] Train: [79/100][40/50] Data 0.001 (0.548) Batch 0.230 (0.793) Remain 00:14:00 loss: 0.1791 Lr: 0.00071
[2026-07-21 11:14:27,402 INFO misc.py line 117 10873] Train: [79/100][41/50] Data 0.001 (0.533) Batch 0.275 (0.780) Remain 00:13:45 loss: 0.2510 Lr: 0.00071
[2026-07-21 11:14:27,619 INFO misc.py line 117 10873] Train: [79/100][42/50] Data 0.001 (0.520) Batch 0.216 (0.765) Remain 00:13:29 loss: 0.1833 Lr: 0.00070
[2026-07-21 11:14:27,842 INFO misc.py line 117 10873] Train: [79/100][43/50] Data 0.001 (0.507) Batch 0.224 (0.752) Remain 00:13:14 loss: 0.1716 Lr: 0.00070
[2026-07-21 11:14:28,075 INFO misc.py line 117 10873] Train: [79/100][44/50] Data 0.001 (0.494) Batch 0.233 (0.739) Remain 00:13:00 loss: 0.2017 Lr: 0.00070
[2026-07-21 11:14:28,300 INFO misc.py line 117 10873] Train: [79/100][45/50] Data 0.001 (0.483) Batch 0.225 (0.727) Remain 00:12:46 loss: 0.1422 Lr: 0.00070
[2026-07-21 11:14:28,525 INFO misc.py line 117 10873] Train: [79/100][46/50] Data 0.001 (0.471) Batch 0.224 (0.715) Remain 00:12:33 loss: 0.2695 Lr: 0.00070
[2026-07-21 11:14:28,752 INFO misc.py line 117 10873] Train: [79/100][47/50] Data 0.001 (0.461) Batch 0.227 (0.704) Remain 00:12:21 loss: 0.2012 Lr: 0.00070
[2026-07-21 11:14:28,969 INFO misc.py line 117 10873] Train: [79/100][48/50] Data 0.001 (0.451) Batch 0.217 (0.693) Remain 00:12:09 loss: 0.2151 Lr: 0.00070
[2026-07-21 11:14:29,207 INFO misc.py line 117 10873] Train: [79/100][49/50] Data 0.001 (0.441) Batch 0.238 (0.683) Remain 00:11:58 loss: 0.2139 Lr: 0.00070
[2026-07-21 11:14:29,427 INFO misc.py line 117 10873] Train: [79/100][50/50] Data 0.001 (0.431) Batch 0.220 (0.673) Remain 00:11:47 loss: 0.2713 Lr: 0.00069
[2026-07-21 11:14:29,427 INFO misc.py line 147 10873] Train result: loss: 0.2222 
[2026-07-21 11:14:29,427 INFO evaluator.py line 169 10873] >>>>>>>>>>>>>>>> Start Evaluation (Segmentation) >>>>>>>>>>>>>>>>
[2026-07-21 11:14:38,061 INFO evaluator.py line 228 10873] Test: [1/1] Loss 0.4041 
[2026-07-21 11:14:38,330 INFO evaluator.py line 257 10873] Val result: mIoU/macroF1/mAcc/mPrecision/allAcc 0.7571/0.8463/0.8466/0.8501/0.9640.
[2026-07-21 11:14:38,331 INFO evaluator.py line 266 10873] Class_0-road Metrics: IoU=0.9623, accuracy=0.9791, precision=0.9825, F1=0.9808
[2026-07-21 11:14:38,331 INFO evaluator.py line 266 10873] Class_1-road_marking Metrics: IoU=0.5967, accuracy=0.7107, precision=0.7881, F1=0.7474
[2026-07-21 11:14:38,331 INFO evaluator.py line 266 10873] Class_2-natural Metrics: IoU=0.9618, accuracy=0.9819, precision=0.9792, F1=0.9805
[2026-07-21 11:14:38,331 INFO evaluator.py line 266 10873] Class_3-building Metrics: IoU=0.9031, accuracy=0.9584, precision=0.9399, F1=0.9491
[2026-07-21 11:14:38,331 INFO evaluator.py line 266 10873] Class_4-utility_line Metrics: IoU=0.6648, accuracy=0.8902, precision=0.7242, F1=0.7987
[2026-07-21 11:14:38,331 INFO evaluator.py line 266 10873] Class_5-pole Metrics: IoU=0.7638, accuracy=0.8037, precision=0.9390, F1=0.8661
[2026-07-21 11:14:38,331 INFO evaluator.py line 266 10873] Class_6-car Metrics: IoU=0.8381, accuracy=0.8969, precision=0.9274, F1=0.9119
[2026-07-21 11:14:38,331 INFO evaluator.py line 266 10873] Class_7-fence Metrics: IoU=0.3658, accuracy=0.5523, precision=0.5201, F1=0.5357
[2026-07-21 11:14:38,332 INFO evaluator.py line 321 10873] <<<<<<<<<<<<<<<<< End Evaluation <<<<<<<<<<<<<<<<<
[2026-07-21 11:14:38,332 INFO misc.py line 187 10873] Currently Best mIoU: 0.7851
[2026-07-21 11:14:38,333 INFO misc.py line 196 10873] Saving checkpoint to: exp/toronto3d/spunet-toronto3d/model/model_last.pth
[2026-07-21 11:15:06,716 INFO misc.py line 117 10873] Train: [80/100][1/50] Data 27.874 (27.874) Batch 28.118 (28.118) Remain 08:11:36 loss: 0.1902 Lr: 0.00069
[2026-07-21 11:15:08,876 INFO misc.py line 117 10873] Train: [80/100][2/50] Data 1.830 (1.830) Batch 2.160 (2.160) Remain 00:37:43 loss: 0.1972 Lr: 0.00069
[2026-07-21 11:15:09,128 INFO misc.py line 117 10873] Train: [80/100][3/50] Data 0.002 (0.002) Batch 0.251 (0.251) Remain 00:04:23 loss: 0.1442 Lr: 0.00069
[2026-07-21 11:15:09,390 INFO misc.py line 117 10873] Train: [80/100][4/50] Data 0.002 (0.002) Batch 0.263 (0.263) Remain 00:04:34 loss: 0.2382 Lr: 0.00069
[2026-07-21 11:15:09,674 INFO misc.py line 117 10873] Train: [80/100][5/50] Data 0.004 (0.003) Batch 0.283 (0.273) Remain 00:04:45 loss: 0.1803 Lr: 0.00069
[2026-07-21 11:15:09,911 INFO misc.py line 117 10873] Train: [80/100][6/50] Data 0.003 (0.003) Batch 0.237 (0.261) Remain 00:04:32 loss: 0.2081 Lr: 0.00069
[2026-07-21 11:15:10,163 INFO misc.py line 117 10873] Train: [80/100][7/50] Data 0.002 (0.003) Batch 0.252 (0.259) Remain 00:04:29 loss: 0.1674 Lr: 0.00069
[2026-07-21 11:15:10,415 INFO misc.py line 117 10873] Train: [80/100][8/50] Data 0.002 (0.003) Batch 0.251 (0.257) Remain 00:04:28 loss: 0.3156 Lr: 0.00068
[2026-07-21 11:15:10,657 INFO misc.py line 117 10873] Train: [80/100][9/50] Data 0.003 (0.003) Batch 0.243 (0.255) Remain 00:04:25 loss: 0.1741 Lr: 0.00068
[2026-07-21 11:15:10,921 INFO misc.py line 117 10873] Train: [80/100][10/50] Data 0.003 (0.003) Batch 0.264 (0.256) Remain 00:04:26 loss: 0.1713 Lr: 0.00068
[2026-07-21 11:15:11,165 INFO misc.py line 117 10873] Train: [80/100][11/50] Data 0.002 (0.003) Batch 0.243 (0.255) Remain 00:04:24 loss: 0.3095 Lr: 0.00068
[2026-07-21 11:15:11,402 INFO misc.py line 117 10873] Train: [80/100][12/50] Data 0.002 (0.003) Batch 0.237 (0.253) Remain 00:04:22 loss: 0.1882 Lr: 0.00068
[2026-07-21 11:15:11,643 INFO misc.py line 117 10873] Train: [80/100][13/50] Data 0.003 (0.003) Batch 0.242 (0.252) Remain 00:04:20 loss: 0.1738 Lr: 0.00068
[2026-07-21 11:15:11,926 INFO misc.py line 117 10873] Train: [80/100][14/50] Data 0.003 (0.003) Batch 0.283 (0.254) Remain 00:04:23 loss: 0.2336 Lr: 0.00068
[2026-07-21 11:15:12,169 INFO misc.py line 117 10873] Train: [80/100][15/50] Data 0.002 (0.003) Batch 0.242 (0.253) Remain 00:04:22 loss: 0.1472 Lr: 0.00068
[2026-07-21 11:15:12,425 INFO misc.py line 117 10873] Train: [80/100][16/50] Data 0.002 (0.003) Batch 0.256 (0.254) Remain 00:04:22 loss: 0.2695 Lr: 0.00067
[2026-07-21 11:15:12,679 INFO misc.py line 117 10873] Train: [80/100][17/50] Data 0.003 (0.003) Batch 0.255 (0.254) Remain 00:04:22 loss: 0.2255 Lr: 0.00067
[2026-07-21 11:15:12,918 INFO misc.py line 117 10873] Train: [80/100][18/50] Data 0.002 (0.003) Batch 0.239 (0.253) Remain 00:04:20 loss: 0.1989 Lr: 0.00067
[2026-07-21 11:15:13,160 INFO misc.py line 117 10873] Train: [80/100][19/50] Data 0.002 (0.003) Batch 0.241 (0.252) Remain 00:04:19 loss: 0.2111 Lr: 0.00067
[2026-07-21 11:15:13,384 INFO misc.py line 117 10873] Train: [80/100][20/50] Data 0.003 (0.003) Batch 0.225 (0.250) Remain 00:04:17 loss: 0.2629 Lr: 0.00067
[2026-07-21 11:15:13,644 INFO misc.py line 117 10873] Train: [80/100][21/50] Data 0.002 (0.003) Batch 0.258 (0.251) Remain 00:04:18 loss: 0.2979 Lr: 0.00067
[2026-07-21 11:15:13,892 INFO misc.py line 117 10873] Train: [80/100][22/50] Data 0.004 (0.003) Batch 0.249 (0.251) Remain 00:04:17 loss: 0.1964 Lr: 0.00067
[2026-07-21 11:15:14,121 INFO misc.py line 117 10873] Train: [80/100][23/50] Data 0.002 (0.003) Batch 0.229 (0.250) Remain 00:04:16 loss: 0.1980 Lr: 0.00067
[2026-07-21 11:15:14,369 INFO misc.py line 117 10873] Train: [80/100][24/50] Data 0.002 (0.003) Batch 0.248 (0.250) Remain 00:04:16 loss: 0.2264 Lr: 0.00066
[2026-07-21 11:15:14,620 INFO misc.py line 117 10873] Train: [80/100][25/50] Data 0.003 (0.003) Batch 0.251 (0.250) Remain 00:04:15 loss: 0.1897 Lr: 0.00066
[2026-07-21 11:15:14,889 INFO misc.py line 117 10873] Train: [80/100][26/50] Data 0.003 (0.003) Batch 0.267 (0.250) Remain 00:04:16 loss: 0.2453 Lr: 0.00066
[2026-07-21 11:15:15,129 INFO misc.py line 117 10873] Train: [80/100][27/50] Data 0.004 (0.003) Batch 0.242 (0.250) Remain 00:04:15 loss: 0.1687 Lr: 0.00066
[2026-07-21 11:15:15,373 INFO misc.py line 117 10873] Train: [80/100][28/50] Data 0.003 (0.003) Batch 0.244 (0.250) Remain 00:04:15 loss: 0.2016 Lr: 0.00066
[2026-07-21 11:15:29,699 INFO misc.py line 117 10873] Train: [80/100][29/50] Data 14.082 (0.544) Batch 14.326 (0.791) Remain 00:13:27 loss: 0.1944 Lr: 0.00066
[2026-07-21 11:15:34,447 INFO misc.py line 117 10873] Train: [80/100][30/50] Data 4.523 (0.692) Batch 4.748 (0.938) Remain 00:15:56 loss: 0.2624 Lr: 0.00066
[2026-07-21 11:15:34,721 INFO misc.py line 117 10873] Train: [80/100][31/50] Data 0.002 (0.667) Batch 0.274 (0.914) Remain 00:15:31 loss: 0.2076 Lr: 0.00066
[2026-07-21 11:15:34,975 INFO misc.py line 117 10873] Train: [80/100][32/50] Data 0.001 (0.644) Batch 0.254 (0.891) Remain 00:15:07 loss: 0.2206 Lr: 0.00065
[2026-07-21 11:15:35,208 INFO misc.py line 117 10873] Train: [80/100][33/50] Data 0.002 (0.623) Batch 0.233 (0.869) Remain 00:14:44 loss: 0.1878 Lr: 0.00065
[2026-07-21 11:15:35,448 INFO misc.py line 117 10873] Train: [80/100][34/50] Data 0.001 (0.603) Batch 0.239 (0.849) Remain 00:14:22 loss: 0.3080 Lr: 0.00065
[2026-07-21 11:15:35,678 INFO misc.py line 117 10873] Train: [80/100][35/50] Data 0.001 (0.584) Batch 0.230 (0.830) Remain 00:14:02 loss: 0.1664 Lr: 0.00065
[2026-07-21 11:15:35,894 INFO misc.py line 117 10873] Train: [80/100][36/50] Data 0.001 (0.566) Batch 0.216 (0.811) Remain 00:13:42 loss: 0.1503 Lr: 0.00065
[2026-07-21 11:15:36,107 INFO misc.py line 117 10873] Train: [80/100][37/50] Data 0.001 (0.549) Batch 0.213 (0.794) Remain 00:13:23 loss: 0.1800 Lr: 0.00065
[2026-07-21 11:15:36,336 INFO misc.py line 117 10873] Train: [80/100][38/50] Data 0.001 (0.534) Batch 0.229 (0.777) Remain 00:13:06 loss: 0.1580 Lr: 0.00065
[2026-07-21 11:15:36,564 INFO misc.py line 117 10873] Train: [80/100][39/50] Data 0.001 (0.519) Batch 0.228 (0.762) Remain 00:12:50 loss: 0.2452 Lr: 0.00065
[2026-07-21 11:15:36,777 INFO misc.py line 117 10873] Train: [80/100][40/50] Data 0.001 (0.505) Batch 0.213 (0.747) Remain 00:12:34 loss: 0.1621 Lr: 0.00064
[2026-07-21 11:15:37,002 INFO misc.py line 117 10873] Train: [80/100][41/50] Data 0.001 (0.492) Batch 0.225 (0.734) Remain 00:12:20 loss: 0.2013 Lr: 0.00064
[2026-07-21 11:15:37,227 INFO misc.py line 117 10873] Train: [80/100][42/50] Data 0.001 (0.479) Batch 0.225 (0.720) Remain 00:12:06 loss: 0.2551 Lr: 0.00064
[2026-07-21 11:15:37,447 INFO misc.py line 117 10873] Train: [80/100][43/50] Data 0.001 (0.467) Batch 0.220 (0.708) Remain 00:11:52 loss: 0.1655 Lr: 0.00064
[2026-07-21 11:15:37,679 INFO misc.py line 117 10873] Train: [80/100][44/50] Data 0.001 (0.456) Batch 0.232 (0.696) Remain 00:11:40 loss: 0.1583 Lr: 0.00064
[2026-07-21 11:15:37,907 INFO misc.py line 117 10873] Train: [80/100][45/50] Data 0.001 (0.445) Batch 0.228 (0.685) Remain 00:11:28 loss: 0.1774 Lr: 0.00064
[2026-07-21 11:15:38,141 INFO misc.py line 117 10873] Train: [80/100][46/50] Data 0.001 (0.435) Batch 0.234 (0.675) Remain 00:11:17 loss: 0.1868 Lr: 0.00064
[2026-07-21 11:15:38,392 INFO misc.py line 117 10873] Train: [80/100][47/50] Data 0.001 (0.425) Batch 0.251 (0.665) Remain 00:11:07 loss: 0.2418 Lr: 0.00064
[2026-07-21 11:15:38,610 INFO misc.py line 117 10873] Train: [80/100][48/50] Data 0.001 (0.415) Batch 0.218 (0.655) Remain 00:10:56 loss: 0.1519 Lr: 0.00063
[2026-07-21 11:15:38,859 INFO misc.py line 117 10873] Train: [80/100][49/50] Data 0.001 (0.406) Batch 0.249 (0.646) Remain 00:10:46 loss: 0.2564 Lr: 0.00063
[2026-07-21 11:15:39,077 INFO misc.py line 117 10873] Train: [80/100][50/50] Data 0.001 (0.398) Batch 0.218 (0.637) Remain 00:10:37 loss: 0.2261 Lr: 0.00063
[2026-07-21 11:15:39,077 INFO misc.py line 147 10873] Train result: loss: 0.2079 
[2026-07-21 11:15:39,078 INFO evaluator.py line 169 10873] >>>>>>>>>>>>>>>> Start Evaluation (Segmentation) >>>>>>>>>>>>>>>>
[2026-07-21 11:15:47,612 INFO evaluator.py line 228 10873] Test: [1/1] Loss 0.4313 
[2026-07-21 11:15:47,884 INFO evaluator.py line 257 10873] Val result: mIoU/macroF1/mAcc/mPrecision/allAcc 0.7461/0.8385/0.8400/0.8451/0.9616.
[2026-07-21 11:15:47,885 INFO evaluator.py line 266 10873] Class_0-road Metrics: IoU=0.9634, accuracy=0.9818, precision=0.9810, F1=0.9814
[2026-07-21 11:15:47,885 INFO evaluator.py line 266 10873] Class_1-road_marking Metrics: IoU=0.5960, accuracy=0.6966, precision=0.8049, F1=0.7469
[2026-07-21 11:15:47,885 INFO evaluator.py line 266 10873] Class_2-natural Metrics: IoU=0.9521, accuracy=0.9743, precision=0.9766, F1=0.9754
[2026-07-21 11:15:47,885 INFO evaluator.py line 266 10873] Class_3-building Metrics: IoU=0.9039, accuracy=0.9520, precision=0.9471, F1=0.9495
[2026-07-21 11:15:47,885 INFO evaluator.py line 266 10873] Class_4-utility_line Metrics: IoU=0.5915, accuracy=0.8966, precision=0.6348, F1=0.7434
[2026-07-21 11:15:47,885 INFO evaluator.py line 266 10873] Class_5-pole Metrics: IoU=0.7641, accuracy=0.8055, precision=0.9370, F1=0.8663
[2026-07-21 11:15:47,885 INFO evaluator.py line 266 10873] Class_6-car Metrics: IoU=0.8305, accuracy=0.9034, precision=0.9114, F1=0.9074
[2026-07-21 11:15:47,885 INFO evaluator.py line 266 10873] Class_7-fence Metrics: IoU=0.3677, accuracy=0.5103, precision=0.5682, F1=0.5377
[2026-07-21 11:15:47,885 INFO evaluator.py line 321 10873] <<<<<<<<<<<<<<<<< End Evaluation <<<<<<<<<<<<<<<<<
[2026-07-21 11:15:47,886 INFO misc.py line 187 10873] Currently Best mIoU: 0.7851
[2026-07-21 11:15:47,886 INFO misc.py line 196 10873] Saving checkpoint to: exp/toronto3d/spunet-toronto3d/model/model_last.pth
[2026-07-21 11:16:18,463 INFO misc.py line 117 10873] Train: [81/100][1/50] Data 30.056 (30.056) Batch 30.308 (30.308) Remain 08:24:37 loss: 0.1768 Lr: 0.00063
[2026-07-21 11:16:18,754 INFO misc.py line 117 10873] Train: [81/100][2/50] Data 0.004 (0.004) Batch 0.293 (0.293) Remain 00:04:52 loss: 0.1872 Lr: 0.00063
[2026-07-21 11:16:19,030 INFO misc.py line 117 10873] Train: [81/100][3/50] Data 0.012 (0.012) Batch 0.276 (0.276) Remain 00:04:34 loss: 0.1810 Lr: 0.00063
[2026-07-21 11:16:19,271 INFO misc.py line 117 10873] Train: [81/100][4/50] Data 0.002 (0.002) Batch 0.241 (0.241) Remain 00:03:59 loss: 0.1862 Lr: 0.00063
[2026-07-21 11:16:19,599 INFO misc.py line 117 10873] Train: [81/100][5/50] Data 0.003 (0.003) Batch 0.328 (0.285) Remain 00:04:43 loss: 0.2052 Lr: 0.00063
[2026-07-21 11:16:19,890 INFO misc.py line 117 10873] Train: [81/100][6/50] Data 0.011 (0.005) Batch 0.290 (0.286) Remain 00:04:44 loss: 0.1935 Lr: 0.00062
[2026-07-21 11:16:20,176 INFO misc.py line 117 10873] Train: [81/100][7/50] Data 0.003 (0.005) Batch 0.287 (0.287) Remain 00:04:44 loss: 0.2103 Lr: 0.00062
[2026-07-21 11:16:20,413 INFO misc.py line 117 10873] Train: [81/100][8/50] Data 0.005 (0.005) Batch 0.237 (0.277) Remain 00:04:34 loss: 0.3275 Lr: 0.00062
[2026-07-21 11:16:20,651 INFO misc.py line 117 10873] Train: [81/100][9/50] Data 0.002 (0.004) Batch 0.238 (0.270) Remain 00:04:27 loss: 0.1841 Lr: 0.00062
[2026-07-21 11:16:20,886 INFO misc.py line 117 10873] Train: [81/100][10/50] Data 0.002 (0.004) Batch 0.235 (0.265) Remain 00:04:22 loss: 0.1314 Lr: 0.00062
[2026-07-21 11:16:21,126 INFO misc.py line 117 10873] Train: [81/100][11/50] Data 0.002 (0.004) Batch 0.240 (0.262) Remain 00:04:19 loss: 0.1807 Lr: 0.00062
[2026-07-21 11:16:21,382 INFO misc.py line 117 10873] Train: [81/100][12/50] Data 0.003 (0.004) Batch 0.255 (0.261) Remain 00:04:18 loss: 0.1794 Lr: 0.00062
[2026-07-21 11:16:21,635 INFO misc.py line 117 10873] Train: [81/100][13/50] Data 0.002 (0.004) Batch 0.253 (0.260) Remain 00:04:17 loss: 0.2152 Lr: 0.00062
[2026-07-21 11:16:21,880 INFO misc.py line 117 10873] Train: [81/100][14/50] Data 0.002 (0.004) Batch 0.245 (0.259) Remain 00:04:15 loss: 0.1881 Lr: 0.00061
[2026-07-21 11:16:22,126 INFO misc.py line 117 10873] Train: [81/100][15/50] Data 0.002 (0.003) Batch 0.245 (0.258) Remain 00:04:14 loss: 0.2090 Lr: 0.00061
[2026-07-21 11:16:22,399 INFO misc.py line 117 10873] Train: [81/100][16/50] Data 0.004 (0.004) Batch 0.273 (0.259) Remain 00:04:14 loss: 0.3399 Lr: 0.00061
[2026-07-21 11:16:22,658 INFO misc.py line 117 10873] Train: [81/100][17/50] Data 0.003 (0.003) Batch 0.258 (0.259) Remain 00:04:14 loss: 0.1810 Lr: 0.00061
[2026-07-21 11:16:22,910 INFO misc.py line 117 10873] Train: [81/100][18/50] Data 0.004 (0.004) Batch 0.252 (0.259) Remain 00:04:13 loss: 0.1795 Lr: 0.00061
[2026-07-21 11:16:23,149 INFO misc.py line 117 10873] Train: [81/100][19/50] Data 0.002 (0.003) Batch 0.239 (0.257) Remain 00:04:12 loss: 0.1812 Lr: 0.00061
[2026-07-21 11:16:23,395 INFO misc.py line 117 10873] Train: [81/100][20/50] Data 0.003 (0.003) Batch 0.247 (0.257) Remain 00:04:11 loss: 0.2089 Lr: 0.00061
[2026-07-21 11:16:23,640 INFO misc.py line 117 10873] Train: [81/100][21/50] Data 0.002 (0.003) Batch 0.245 (0.256) Remain 00:04:10 loss: 0.2256 Lr: 0.00061
[2026-07-21 11:16:23,875 INFO misc.py line 117 10873] Train: [81/100][22/50] Data 0.003 (0.003) Batch 0.235 (0.255) Remain 00:04:09 loss: 0.2240 Lr: 0.00061
[2026-07-21 11:16:24,131 INFO misc.py line 117 10873] Train: [81/100][23/50] Data 0.002 (0.003) Batch 0.256 (0.255) Remain 00:04:09 loss: 0.1899 Lr: 0.00060
[2026-07-21 11:16:24,384 INFO misc.py line 117 10873] Train: [81/100][24/50] Data 0.002 (0.003) Batch 0.254 (0.255) Remain 00:04:08 loss: 0.1826 Lr: 0.00060
[2026-07-21 11:16:24,636 INFO misc.py line 117 10873] Train: [81/100][25/50] Data 0.003 (0.003) Batch 0.251 (0.255) Remain 00:04:08 loss: 0.1630 Lr: 0.00060
[2026-07-21 11:16:24,883 INFO misc.py line 117 10873] Train: [81/100][26/50] Data 0.004 (0.003) Batch 0.248 (0.254) Remain 00:04:07 loss: 0.1815 Lr: 0.00060
[2026-07-21 11:16:25,156 INFO misc.py line 117 10873] Train: [81/100][27/50] Data 0.003 (0.003) Batch 0.272 (0.255) Remain 00:04:08 loss: 0.2107 Lr: 0.00060
[2026-07-21 11:16:25,421 INFO misc.py line 117 10873] Train: [81/100][28/50] Data 0.005 (0.003) Batch 0.266 (0.256) Remain 00:04:08 loss: 0.2282 Lr: 0.00060
[2026-07-21 11:16:41,516 INFO misc.py line 117 10873] Train: [81/100][29/50] Data 15.862 (0.613) Batch 16.095 (0.865) Remain 00:13:59 loss: 0.2582 Lr: 0.00060
[2026-07-21 11:16:42,363 INFO misc.py line 117 10873] Train: [81/100][30/50] Data 0.612 (0.613) Batch 0.847 (0.864) Remain 00:13:58 loss: 0.2006 Lr: 0.00060
[2026-07-21 11:16:42,583 INFO misc.py line 117 10873] Train: [81/100][31/50] Data 0.002 (0.591) Batch 0.220 (0.841) Remain 00:13:35 loss: 0.1609 Lr: 0.00059
[2026-07-21 11:16:42,825 INFO misc.py line 117 10873] Train: [81/100][32/50] Data 0.002 (0.571) Batch 0.241 (0.821) Remain 00:13:14 loss: 0.2291 Lr: 0.00059
[2026-07-21 11:16:43,058 INFO misc.py line 117 10873] Train: [81/100][33/50] Data 0.002 (0.552) Batch 0.233 (0.801) Remain 00:12:54 loss: 0.1696 Lr: 0.00059
[2026-07-21 11:16:45,614 INFO misc.py line 117 10873] Train: [81/100][34/50] Data 2.336 (0.610) Batch 2.557 (0.858) Remain 00:13:48 loss: 0.1927 Lr: 0.00059
[2026-07-21 11:16:45,835 INFO misc.py line 117 10873] Train: [81/100][35/50] Data 0.002 (0.591) Batch 0.221 (0.838) Remain 00:13:28 loss: 0.1847 Lr: 0.00059
[2026-07-21 11:16:46,057 INFO misc.py line 117 10873] Train: [81/100][36/50] Data 0.001 (0.573) Batch 0.222 (0.819) Remain 00:13:09 loss: 0.1920 Lr: 0.00059
[2026-07-21 11:16:46,276 INFO misc.py line 117 10873] Train: [81/100][37/50] Data 0.001 (0.556) Batch 0.219 (0.801) Remain 00:12:51 loss: 0.1947 Lr: 0.00059
[2026-07-21 11:16:46,520 INFO misc.py line 117 10873] Train: [81/100][38/50] Data 0.001 (0.540) Batch 0.244 (0.785) Remain 00:12:35 loss: 0.2334 Lr: 0.00059
[2026-07-21 11:16:46,752 INFO misc.py line 117 10873] Train: [81/100][39/50] Data 0.001 (0.525) Batch 0.232 (0.770) Remain 00:12:20 loss: 0.1769 Lr: 0.00059
[2026-07-21 11:16:47,011 INFO misc.py line 117 10873] Train: [81/100][40/50] Data 0.001 (0.511) Batch 0.260 (0.756) Remain 00:12:06 loss: 0.2835 Lr: 0.00058
[2026-07-21 11:16:47,247 INFO misc.py line 117 10873] Train: [81/100][41/50] Data 0.001 (0.498) Batch 0.236 (0.743) Remain 00:11:52 loss: 0.2287 Lr: 0.00058
[2026-07-21 11:16:47,462 INFO misc.py line 117 10873] Train: [81/100][42/50] Data 0.001 (0.485) Batch 0.215 (0.729) Remain 00:11:38 loss: 0.2144 Lr: 0.00058
[2026-07-21 11:16:47,692 INFO misc.py line 117 10873] Train: [81/100][43/50] Data 0.001 (0.473) Batch 0.229 (0.717) Remain 00:11:25 loss: 0.2491 Lr: 0.00058
[2026-07-21 11:16:47,923 INFO misc.py line 117 10873] Train: [81/100][44/50] Data 0.002 (0.461) Batch 0.231 (0.705) Remain 00:11:13 loss: 0.2421 Lr: 0.00058
[2026-07-21 11:16:48,160 INFO misc.py line 117 10873] Train: [81/100][45/50] Data 0.001 (0.450) Batch 0.237 (0.694) Remain 00:11:02 loss: 0.1988 Lr: 0.00058
[2026-07-21 11:16:48,395 INFO misc.py line 117 10873] Train: [81/100][46/50] Data 0.001 (0.440) Batch 0.235 (0.683) Remain 00:10:51 loss: 0.1963 Lr: 0.00058
[2026-07-21 11:16:48,610 INFO misc.py line 117 10873] Train: [81/100][47/50] Data 0.001 (0.430) Batch 0.215 (0.672) Remain 00:10:40 loss: 0.1958 Lr: 0.00058
[2026-07-21 11:16:48,827 INFO misc.py line 117 10873] Train: [81/100][48/50] Data 0.002 (0.420) Batch 0.217 (0.662) Remain 00:10:30 loss: 0.1435 Lr: 0.00057
[2026-07-21 11:16:49,055 INFO misc.py line 117 10873] Train: [81/100][49/50] Data 0.001 (0.411) Batch 0.227 (0.653) Remain 00:10:20 loss: 0.1643 Lr: 0.00057
[2026-07-21 11:16:49,288 INFO misc.py line 117 10873] Train: [81/100][50/50] Data 0.001 (0.403) Batch 0.234 (0.644) Remain 00:10:11 loss: 0.3415 Lr: 0.00057
[2026-07-21 11:16:49,289 INFO misc.py line 147 10873] Train result: loss: 0.2060 
[2026-07-21 11:16:49,289 INFO evaluator.py line 169 10873] >>>>>>>>>>>>>>>> Start Evaluation (Segmentation) >>>>>>>>>>>>>>>>
[2026-07-21 11:16:57,815 INFO evaluator.py line 228 10873] Test: [1/1] Loss 0.3733 
[2026-07-21 11:16:58,077 INFO evaluator.py line 257 10873] Val result: mIoU/macroF1/mAcc/mPrecision/allAcc 0.7777/0.8592/0.8489/0.8708/0.9661.
[2026-07-21 11:16:58,077 INFO evaluator.py line 266 10873] Class_0-road Metrics: IoU=0.9614, accuracy=0.9774, precision=0.9833, F1=0.9803
[2026-07-21 11:16:58,077 INFO evaluator.py line 266 10873] Class_1-road_marking Metrics: IoU=0.6040, accuracy=0.7306, precision=0.7771, F1=0.7531
[2026-07-21 11:16:58,078 INFO evaluator.py line 266 10873] Class_2-natural Metrics: IoU=0.9611, accuracy=0.9858, precision=0.9746, F1=0.9802
[2026-07-21 11:16:58,078 INFO evaluator.py line 266 10873] Class_3-building Metrics: IoU=0.9052, accuracy=0.9562, precision=0.9443, F1=0.9502
[2026-07-21 11:16:58,078 INFO evaluator.py line 266 10873] Class_4-utility_line Metrics: IoU=0.7890, accuracy=0.8867, precision=0.8775, F1=0.8821
[2026-07-21 11:16:58,078 INFO evaluator.py line 266 10873] Class_5-pole Metrics: IoU=0.7756, accuracy=0.8191, precision=0.9359, F1=0.8736
[2026-07-21 11:16:58,078 INFO evaluator.py line 266 10873] Class_6-car Metrics: IoU=0.8715, accuracy=0.9285, precision=0.9342, F1=0.9313
[2026-07-21 11:16:58,078 INFO evaluator.py line 266 10873] Class_7-fence Metrics: IoU=0.3538, accuracy=0.5065, precision=0.5399, F1=0.5227
[2026-07-21 11:16:58,078 INFO evaluator.py line 321 10873] <<<<<<<<<<<<<<<<< End Evaluation <<<<<<<<<<<<<<<<<
[2026-07-21 11:16:58,079 INFO misc.py line 187 10873] Currently Best mIoU: 0.7851
[2026-07-21 11:16:58,079 INFO misc.py line 196 10873] Saving checkpoint to: exp/toronto3d/spunet-toronto3d/model/model_last.pth
[2026-07-21 11:17:28,774 INFO misc.py line 117 10873] Train: [82/100][1/50] Data 30.177 (30.177) Batch 30.432 (30.432) Remain 08:01:19 loss: 0.2001 Lr: 0.00057
[2026-07-21 11:17:29,048 INFO misc.py line 117 10873] Train: [82/100][2/50] Data 0.003 (0.003) Batch 0.274 (0.274) Remain 00:04:19 loss: 0.2120 Lr: 0.00057
[2026-07-21 11:17:29,313 INFO misc.py line 117 10873] Train: [82/100][3/50] Data 0.003 (0.003) Batch 0.265 (0.265) Remain 00:04:11 loss: 0.2124 Lr: 0.00057
[2026-07-21 11:17:29,595 INFO misc.py line 117 10873] Train: [82/100][4/50] Data 0.006 (0.006) Batch 0.282 (0.282) Remain 00:04:26 loss: 0.1977 Lr: 0.00057
[2026-07-21 11:17:29,892 INFO misc.py line 117 10873] Train: [82/100][5/50] Data 0.002 (0.004) Batch 0.297 (0.289) Remain 00:04:33 loss: 0.1842 Lr: 0.00057
[2026-07-21 11:17:30,223 INFO misc.py line 117 10873] Train: [82/100][6/50] Data 0.008 (0.005) Batch 0.331 (0.303) Remain 00:04:46 loss: 0.3325 Lr: 0.00057
[2026-07-21 11:17:30,496 INFO misc.py line 117 10873] Train: [82/100][7/50] Data 0.003 (0.005) Batch 0.273 (0.296) Remain 00:04:38 loss: 0.1566 Lr: 0.00056
[2026-07-21 11:17:30,755 INFO misc.py line 117 10873] Train: [82/100][8/50] Data 0.003 (0.004) Batch 0.259 (0.288) Remain 00:04:31 loss: 0.1923 Lr: 0.00056
[2026-07-21 11:17:30,999 INFO misc.py line 117 10873] Train: [82/100][9/50] Data 0.003 (0.004) Batch 0.245 (0.281) Remain 00:04:24 loss: 0.2291 Lr: 0.00056
[2026-07-21 11:17:31,289 INFO misc.py line 117 10873] Train: [82/100][10/50] Data 0.002 (0.004) Batch 0.269 (0.279) Remain 00:04:22 loss: 0.2167 Lr: 0.00056
[2026-07-21 11:17:31,586 INFO misc.py line 117 10873] Train: [82/100][11/50] Data 0.023 (0.006) Batch 0.316 (0.284) Remain 00:04:26 loss: 0.1766 Lr: 0.00056
[2026-07-21 11:17:31,826 INFO misc.py line 117 10873] Train: [82/100][12/50] Data 0.004 (0.006) Batch 0.241 (0.279) Remain 00:04:21 loss: 0.1776 Lr: 0.00056
[2026-07-21 11:17:32,065 INFO misc.py line 117 10873] Train: [82/100][13/50] Data 0.003 (0.006) Batch 0.239 (0.275) Remain 00:04:17 loss: 0.1869 Lr: 0.00056
[2026-07-21 11:17:32,320 INFO misc.py line 117 10873] Train: [82/100][14/50] Data 0.003 (0.005) Batch 0.256 (0.273) Remain 00:04:15 loss: 0.2225 Lr: 0.00056
[2026-07-21 11:17:32,557 INFO misc.py line 117 10873] Train: [82/100][15/50] Data 0.003 (0.005) Batch 0.236 (0.270) Remain 00:04:12 loss: 0.3223 Lr: 0.00055
[2026-07-21 11:17:32,812 INFO misc.py line 117 10873] Train: [82/100][16/50] Data 0.003 (0.005) Batch 0.255 (0.269) Remain 00:04:11 loss: 0.2251 Lr: 0.00055
[2026-07-21 11:17:33,048 INFO misc.py line 117 10873] Train: [82/100][17/50] Data 0.005 (0.005) Batch 0.238 (0.267) Remain 00:04:08 loss: 0.1874 Lr: 0.00055
[2026-07-21 11:17:33,306 INFO misc.py line 117 10873] Train: [82/100][18/50] Data 0.002 (0.005) Batch 0.258 (0.266) Remain 00:04:08 loss: 0.1857 Lr: 0.00055
[2026-07-21 11:17:33,552 INFO misc.py line 117 10873] Train: [82/100][19/50] Data 0.003 (0.005) Batch 0.245 (0.265) Remain 00:04:06 loss: 0.1949 Lr: 0.00055
[2026-07-21 11:17:33,800 INFO misc.py line 117 10873] Train: [82/100][20/50] Data 0.002 (0.005) Batch 0.248 (0.264) Remain 00:04:05 loss: 0.2129 Lr: 0.00055
[2026-07-21 11:17:34,040 INFO misc.py line 117 10873] Train: [82/100][21/50] Data 0.003 (0.005) Batch 0.240 (0.263) Remain 00:04:03 loss: 0.1745 Lr: 0.00055
[2026-07-21 11:17:34,286 INFO misc.py line 117 10873] Train: [82/100][22/50] Data 0.003 (0.004) Batch 0.246 (0.262) Remain 00:04:02 loss: 0.2028 Lr: 0.00055
[2026-07-21 11:17:34,592 INFO misc.py line 117 10873] Train: [82/100][23/50] Data 0.003 (0.004) Batch 0.307 (0.264) Remain 00:04:04 loss: 0.1745 Lr: 0.00055
[2026-07-21 11:17:34,831 INFO misc.py line 117 10873] Train: [82/100][24/50] Data 0.002 (0.004) Batch 0.239 (0.263) Remain 00:04:03 loss: 0.2116 Lr: 0.00054
[2026-07-21 11:17:35,078 INFO misc.py line 117 10873] Train: [82/100][25/50] Data 0.003 (0.004) Batch 0.247 (0.262) Remain 00:04:02 loss: 0.1914 Lr: 0.00054
[2026-07-21 11:17:35,318 INFO misc.py line 117 10873] Train: [82/100][26/50] Data 0.003 (0.004) Batch 0.241 (0.261) Remain 00:04:01 loss: 0.2189 Lr: 0.00054
[2026-07-21 11:17:35,557 INFO misc.py line 117 10873] Train: [82/100][27/50] Data 0.003 (0.004) Batch 0.238 (0.260) Remain 00:04:00 loss: 0.1734 Lr: 0.00054
[2026-07-21 11:17:35,827 INFO misc.py line 117 10873] Train: [82/100][28/50] Data 0.003 (0.004) Batch 0.270 (0.261) Remain 00:04:00 loss: 0.3464 Lr: 0.00054
[2026-07-21 11:17:53,771 INFO misc.py line 117 10873] Train: [82/100][29/50] Data 17.717 (0.685) Batch 17.945 (0.941) Remain 00:14:26 loss: 0.2501 Lr: 0.00054
[2026-07-21 11:17:53,998 INFO misc.py line 117 10873] Train: [82/100][30/50] Data 0.002 (0.660) Batch 0.227 (0.914) Remain 00:14:01 loss: 0.1801 Lr: 0.00054
[2026-07-21 11:17:54,222 INFO misc.py line 117 10873] Train: [82/100][31/50] Data 0.002 (0.636) Batch 0.224 (0.890) Remain 00:13:37 loss: 0.2049 Lr: 0.00054
[2026-07-21 11:17:54,437 INFO misc.py line 117 10873] Train: [82/100][32/50] Data 0.002 (0.615) Batch 0.215 (0.866) Remain 00:13:15 loss: 0.1685 Lr: 0.00054
[2026-07-21 11:17:54,660 INFO misc.py line 117 10873] Train: [82/100][33/50] Data 0.002 (0.594) Batch 0.223 (0.845) Remain 00:12:54 loss: 0.1985 Lr: 0.00053
[2026-07-21 11:17:54,901 INFO misc.py line 117 10873] Train: [82/100][34/50] Data 0.001 (0.575) Batch 0.241 (0.825) Remain 00:12:36 loss: 0.1924 Lr: 0.00053
[2026-07-21 11:17:55,126 INFO misc.py line 117 10873] Train: [82/100][35/50] Data 0.001 (0.557) Batch 0.225 (0.807) Remain 00:12:18 loss: 0.2520 Lr: 0.00053
[2026-07-21 11:17:55,340 INFO misc.py line 117 10873] Train: [82/100][36/50] Data 0.001 (0.540) Batch 0.214 (0.789) Remain 00:12:00 loss: 0.1671 Lr: 0.00053
[2026-07-21 11:17:55,580 INFO misc.py line 117 10873] Train: [82/100][37/50] Data 0.001 (0.524) Batch 0.239 (0.773) Remain 00:11:45 loss: 0.3344 Lr: 0.00053
[2026-07-21 11:17:55,801 INFO misc.py line 117 10873] Train: [82/100][38/50] Data 0.001 (0.509) Batch 0.222 (0.757) Remain 00:11:30 loss: 0.2061 Lr: 0.00053
[2026-07-21 11:17:56,025 INFO misc.py line 117 10873] Train: [82/100][39/50] Data 0.001 (0.495) Batch 0.224 (0.742) Remain 00:11:15 loss: 0.2050 Lr: 0.00053
[2026-07-21 11:17:56,238 INFO misc.py line 117 10873] Train: [82/100][40/50] Data 0.001 (0.482) Batch 0.213 (0.728) Remain 00:11:02 loss: 0.1642 Lr: 0.00053
[2026-07-21 11:17:56,461 INFO misc.py line 117 10873] Train: [82/100][41/50] Data 0.001 (0.469) Batch 0.223 (0.714) Remain 00:10:49 loss: 0.2147 Lr: 0.00053
[2026-07-21 11:17:56,693 INFO misc.py line 117 10873] Train: [82/100][42/50] Data 0.001 (0.457) Batch 0.232 (0.702) Remain 00:10:37 loss: 0.2760 Lr: 0.00052
[2026-07-21 11:17:56,946 INFO misc.py line 117 10873] Train: [82/100][43/50] Data 0.001 (0.446) Batch 0.253 (0.691) Remain 00:10:26 loss: 0.2119 Lr: 0.00052
[2026-07-21 11:17:57,177 INFO misc.py line 117 10873] Train: [82/100][44/50] Data 0.001 (0.435) Batch 0.230 (0.680) Remain 00:10:15 loss: 0.1969 Lr: 0.00052
[2026-07-21 11:17:57,414 INFO misc.py line 117 10873] Train: [82/100][45/50] Data 0.001 (0.425) Batch 0.237 (0.669) Remain 00:10:05 loss: 0.1896 Lr: 0.00052
[2026-07-21 11:17:57,655 INFO misc.py line 117 10873] Train: [82/100][46/50] Data 0.001 (0.415) Batch 0.241 (0.659) Remain 00:09:55 loss: 0.3268 Lr: 0.00052
[2026-07-21 11:17:57,898 INFO misc.py line 117 10873] Train: [82/100][47/50] Data 0.001 (0.405) Batch 0.243 (0.650) Remain 00:09:46 loss: 0.2149 Lr: 0.00052
[2026-07-21 11:17:58,129 INFO misc.py line 117 10873] Train: [82/100][48/50] Data 0.001 (0.396) Batch 0.231 (0.640) Remain 00:09:37 loss: 0.2503 Lr: 0.00052
[2026-07-21 11:17:58,353 INFO misc.py line 117 10873] Train: [82/100][49/50] Data 0.001 (0.388) Batch 0.224 (0.631) Remain 00:09:28 loss: 0.2057 Lr: 0.00052
[2026-07-21 11:17:58,579 INFO misc.py line 117 10873] Train: [82/100][50/50] Data 0.001 (0.380) Batch 0.226 (0.623) Remain 00:09:20 loss: 0.1704 Lr: 0.00052
[2026-07-21 11:17:58,579 INFO misc.py line 147 10873] Train result: loss: 0.2140 
[2026-07-21 11:17:58,580 INFO evaluator.py line 169 10873] >>>>>>>>>>>>>>>> Start Evaluation (Segmentation) >>>>>>>>>>>>>>>>
[2026-07-21 11:18:07,110 INFO evaluator.py line 228 10873] Test: [1/1] Loss 0.3865 
[2026-07-21 11:18:07,369 INFO evaluator.py line 257 10873] Val result: mIoU/macroF1/mAcc/mPrecision/allAcc 0.7684/0.8543/0.8467/0.8640/0.9653.
[2026-07-21 11:18:07,370 INFO evaluator.py line 266 10873] Class_0-road Metrics: IoU=0.9626, accuracy=0.9803, precision=0.9816, F1=0.9810
[2026-07-21 11:18:07,370 INFO evaluator.py line 266 10873] Class_1-road_marking Metrics: IoU=0.5878, accuracy=0.7007, precision=0.7849, F1=0.7404
[2026-07-21 11:18:07,370 INFO evaluator.py line 266 10873] Class_2-natural Metrics: IoU=0.9605, accuracy=0.9805, precision=0.9792, F1=0.9799
[2026-07-21 11:18:07,370 INFO evaluator.py line 266 10873] Class_3-building Metrics: IoU=0.9052, accuracy=0.9596, precision=0.9411, F1=0.9502
[2026-07-21 11:18:07,370 INFO evaluator.py line 266 10873] Class_4-utility_line Metrics: IoU=0.7319, accuracy=0.8785, precision=0.8143, F1=0.8452
[2026-07-21 11:18:07,370 INFO evaluator.py line 266 10873] Class_5-pole Metrics: IoU=0.7591, accuracy=0.8033, precision=0.9323, F1=0.8630
[2026-07-21 11:18:07,370 INFO evaluator.py line 266 10873] Class_6-car Metrics: IoU=0.8622, accuracy=0.9284, precision=0.9236, F1=0.9260
[2026-07-21 11:18:07,370 INFO evaluator.py line 266 10873] Class_7-fence Metrics: IoU=0.3780, accuracy=0.5421, precision=0.5552, F1=0.5486
[2026-07-21 11:18:07,370 INFO evaluator.py line 321 10873] <<<<<<<<<<<<<<<<< End Evaluation <<<<<<<<<<<<<<<<<
[2026-07-21 11:18:07,371 INFO misc.py line 187 10873] Currently Best mIoU: 0.7851
[2026-07-21 11:18:07,372 INFO misc.py line 196 10873] Saving checkpoint to: exp/toronto3d/spunet-toronto3d/model/model_last.pth
[2026-07-21 11:18:35,597 INFO misc.py line 117 10873] Train: [83/100][1/50] Data 27.703 (27.703) Batch 27.955 (27.955) Remain 06:58:51 loss: 0.3045 Lr: 0.00051
[2026-07-21 11:18:36,333 INFO misc.py line 117 10873] Train: [83/100][2/50] Data 0.471 (0.471) Batch 0.730 (0.730) Remain 00:10:55 loss: 0.1629 Lr: 0.00051
[2026-07-21 11:18:36,811 INFO misc.py line 117 10873] Train: [83/100][3/50] Data 0.176 (0.176) Batch 0.484 (0.484) Remain 00:07:14 loss: 0.2037 Lr: 0.00051
[2026-07-21 11:18:37,097 INFO misc.py line 117 10873] Train: [83/100][4/50] Data 0.004 (0.004) Batch 0.278 (0.278) Remain 00:04:09 loss: 0.3021 Lr: 0.00051
[2026-07-21 11:18:37,355 INFO misc.py line 117 10873] Train: [83/100][5/50] Data 0.011 (0.007) Batch 0.267 (0.273) Remain 00:04:04 loss: 0.1440 Lr: 0.00051
[2026-07-21 11:18:37,699 INFO misc.py line 117 10873] Train: [83/100][6/50] Data 0.034 (0.016) Batch 0.344 (0.296) Remain 00:04:24 loss: 0.3035 Lr: 0.00051
[2026-07-21 11:18:39,553 INFO misc.py line 117 10873] Train: [83/100][7/50] Data 1.608 (0.414) Batch 1.854 (0.686) Remain 00:10:12 loss: 0.2491 Lr: 0.00051
[2026-07-21 11:18:39,811 INFO misc.py line 117 10873] Train: [83/100][8/50] Data 0.002 (0.332) Batch 0.258 (0.600) Remain 00:08:55 loss: 0.1979 Lr: 0.00051
[2026-07-21 11:18:40,047 INFO misc.py line 117 10873] Train: [83/100][9/50] Data 0.002 (0.277) Batch 0.236 (0.540) Remain 00:08:00 loss: 0.1834 Lr: 0.00051
[2026-07-21 11:18:40,366 INFO misc.py line 117 10873] Train: [83/100][10/50] Data 0.012 (0.239) Batch 0.318 (0.508) Remain 00:07:32 loss: 0.1605 Lr: 0.00050
[2026-07-21 11:18:40,614 INFO misc.py line 117 10873] Train: [83/100][11/50] Data 0.002 (0.209) Batch 0.249 (0.476) Remain 00:07:02 loss: 0.2028 Lr: 0.00050
[2026-07-21 11:18:40,857 INFO misc.py line 117 10873] Train: [83/100][12/50] Data 0.002 (0.186) Batch 0.243 (0.450) Remain 00:06:39 loss: 0.2020 Lr: 0.00050
[2026-07-21 11:18:41,110 INFO misc.py line 117 10873] Train: [83/100][13/50] Data 0.003 (0.168) Batch 0.253 (0.430) Remain 00:06:21 loss: 0.1917 Lr: 0.00050
[2026-07-21 11:18:41,371 INFO misc.py line 117 10873] Train: [83/100][14/50] Data 0.003 (0.153) Batch 0.261 (0.415) Remain 00:06:07 loss: 0.1814 Lr: 0.00050
[2026-07-21 11:18:41,600 INFO misc.py line 117 10873] Train: [83/100][15/50] Data 0.003 (0.141) Batch 0.230 (0.399) Remain 00:05:53 loss: 0.1917 Lr: 0.00050
[2026-07-21 11:18:41,832 INFO misc.py line 117 10873] Train: [83/100][16/50] Data 0.002 (0.130) Batch 0.231 (0.386) Remain 00:05:41 loss: 0.1911 Lr: 0.00050
[2026-07-21 11:18:42,086 INFO misc.py line 117 10873] Train: [83/100][17/50] Data 0.003 (0.121) Batch 0.255 (0.377) Remain 00:05:32 loss: 0.2009 Lr: 0.00050
[2026-07-21 11:18:42,352 INFO misc.py line 117 10873] Train: [83/100][18/50] Data 0.002 (0.113) Batch 0.267 (0.369) Remain 00:05:25 loss: 0.2439 Lr: 0.00050
[2026-07-21 11:18:42,602 INFO misc.py line 117 10873] Train: [83/100][19/50] Data 0.002 (0.106) Batch 0.250 (0.362) Remain 00:05:18 loss: 0.1945 Lr: 0.00049
[2026-07-21 11:18:42,876 INFO misc.py line 117 10873] Train: [83/100][20/50] Data 0.002 (0.100) Batch 0.274 (0.357) Remain 00:05:13 loss: 0.2036 Lr: 0.00049
[2026-07-21 11:18:43,127 INFO misc.py line 117 10873] Train: [83/100][21/50] Data 0.003 (0.095) Batch 0.251 (0.351) Remain 00:05:08 loss: 0.3024 Lr: 0.00049
[2026-07-21 11:18:43,383 INFO misc.py line 117 10873] Train: [83/100][22/50] Data 0.003 (0.090) Batch 0.256 (0.346) Remain 00:05:03 loss: 0.2195 Lr: 0.00049
[2026-07-21 11:18:43,658 INFO misc.py line 117 10873] Train: [83/100][23/50] Data 0.003 (0.085) Batch 0.265 (0.342) Remain 00:04:59 loss: 0.2618 Lr: 0.00049
[2026-07-21 11:18:43,962 INFO misc.py line 117 10873] Train: [83/100][24/50] Data 0.013 (0.082) Batch 0.313 (0.341) Remain 00:04:58 loss: 0.2170 Lr: 0.00049
[2026-07-21 11:18:44,220 INFO misc.py line 117 10873] Train: [83/100][25/50] Data 0.004 (0.078) Batch 0.258 (0.337) Remain 00:04:54 loss: 0.2445 Lr: 0.00049
[2026-07-21 11:18:44,482 INFO misc.py line 117 10873] Train: [83/100][26/50] Data 0.003 (0.075) Batch 0.263 (0.334) Remain 00:04:51 loss: 0.2891 Lr: 0.00049
[2026-07-21 11:18:44,725 INFO misc.py line 117 10873] Train: [83/100][27/50] Data 0.003 (0.072) Batch 0.243 (0.330) Remain 00:04:47 loss: 0.1612 Lr: 0.00049
[2026-07-21 11:18:44,959 INFO misc.py line 117 10873] Train: [83/100][28/50] Data 0.002 (0.069) Batch 0.233 (0.326) Remain 00:04:44 loss: 0.1484 Lr: 0.00049
[2026-07-21 11:19:00,726 INFO misc.py line 117 10873] Train: [83/100][29/50] Data 15.531 (0.664) Batch 15.768 (0.920) Remain 00:13:21 loss: 0.2788 Lr: 0.00048
[2026-07-21 11:19:00,957 INFO misc.py line 117 10873] Train: [83/100][30/50] Data 0.003 (0.639) Batch 0.232 (0.894) Remain 00:12:58 loss: 0.2333 Lr: 0.00048
[2026-07-21 11:19:01,764 INFO misc.py line 117 10873] Train: [83/100][31/50] Data 0.578 (0.637) Batch 0.808 (0.891) Remain 00:12:54 loss: 0.1985 Lr: 0.00048
[2026-07-21 11:19:01,992 INFO misc.py line 117 10873] Train: [83/100][32/50] Data 0.002 (0.615) Batch 0.228 (0.868) Remain 00:12:33 loss: 0.2151 Lr: 0.00048
[2026-07-21 11:19:02,216 INFO misc.py line 117 10873] Train: [83/100][33/50] Data 0.002 (0.595) Batch 0.223 (0.847) Remain 00:12:14 loss: 0.1788 Lr: 0.00048
[2026-07-21 11:19:02,459 INFO misc.py line 117 10873] Train: [83/100][34/50] Data 0.002 (0.576) Batch 0.243 (0.827) Remain 00:11:56 loss: 0.1952 Lr: 0.00048
[2026-07-21 11:19:06,262 INFO misc.py line 117 10873] Train: [83/100][35/50] Data 3.570 (0.669) Batch 3.804 (0.920) Remain 00:13:16 loss: 0.2035 Lr: 0.00048
[2026-07-21 11:19:06,480 INFO misc.py line 117 10873] Train: [83/100][36/50] Data 0.001 (0.649) Batch 0.218 (0.899) Remain 00:12:56 loss: 0.2378 Lr: 0.00048
[2026-07-21 11:19:06,712 INFO misc.py line 117 10873] Train: [83/100][37/50] Data 0.001 (0.630) Batch 0.231 (0.879) Remain 00:12:38 loss: 0.2161 Lr: 0.00048
[2026-07-21 11:19:06,946 INFO misc.py line 117 10873] Train: [83/100][38/50] Data 0.001 (0.612) Batch 0.235 (0.861) Remain 00:12:22 loss: 0.2337 Lr: 0.00048
[2026-07-21 11:19:07,174 INFO misc.py line 117 10873] Train: [83/100][39/50] Data 0.001 (0.595) Batch 0.227 (0.843) Remain 00:12:06 loss: 0.2481 Lr: 0.00047
[2026-07-21 11:19:07,416 INFO misc.py line 117 10873] Train: [83/100][40/50] Data 0.001 (0.579) Batch 0.242 (0.827) Remain 00:11:51 loss: 0.1742 Lr: 0.00047
[2026-07-21 11:19:07,652 INFO misc.py line 117 10873] Train: [83/100][41/50] Data 0.001 (0.564) Batch 0.237 (0.812) Remain 00:11:37 loss: 0.2713 Lr: 0.00047
[2026-07-21 11:19:07,879 INFO misc.py line 117 10873] Train: [83/100][42/50] Data 0.001 (0.549) Batch 0.226 (0.797) Remain 00:11:23 loss: 0.2207 Lr: 0.00047
[2026-07-21 11:19:08,090 INFO misc.py line 117 10873] Train: [83/100][43/50] Data 0.001 (0.536) Batch 0.212 (0.782) Remain 00:11:10 loss: 0.3206 Lr: 0.00047
[2026-07-21 11:19:08,316 INFO misc.py line 117 10873] Train: [83/100][44/50] Data 0.002 (0.523) Batch 0.226 (0.768) Remain 00:10:57 loss: 0.1940 Lr: 0.00047
[2026-07-21 11:19:08,541 INFO misc.py line 117 10873] Train: [83/100][45/50] Data 0.001 (0.510) Batch 0.224 (0.755) Remain 00:10:45 loss: 0.1369 Lr: 0.00047
[2026-07-21 11:19:08,789 INFO misc.py line 117 10873] Train: [83/100][46/50] Data 0.002 (0.498) Batch 0.249 (0.744) Remain 00:10:35 loss: 0.2891 Lr: 0.00047
[2026-07-21 11:19:09,032 INFO misc.py line 117 10873] Train: [83/100][47/50] Data 0.002 (0.487) Batch 0.242 (0.732) Remain 00:10:24 loss: 0.2231 Lr: 0.00047
[2026-07-21 11:19:09,261 INFO misc.py line 117 10873] Train: [83/100][48/50] Data 0.001 (0.476) Batch 0.229 (0.721) Remain 00:10:14 loss: 0.2002 Lr: 0.00046
[2026-07-21 11:19:09,498 INFO misc.py line 117 10873] Train: [83/100][49/50] Data 0.001 (0.466) Batch 0.237 (0.711) Remain 00:10:04 loss: 0.1953 Lr: 0.00046
[2026-07-21 11:19:09,736 INFO misc.py line 117 10873] Train: [83/100][50/50] Data 0.001 (0.456) Batch 0.239 (0.701) Remain 00:09:55 loss: 0.3007 Lr: 0.00046
[2026-07-21 11:19:09,737 INFO misc.py line 147 10873] Train result: loss: 0.2205 
[2026-07-21 11:19:09,737 INFO evaluator.py line 169 10873] >>>>>>>>>>>>>>>> Start Evaluation (Segmentation) >>>>>>>>>>>>>>>>
[2026-07-21 11:19:18,286 INFO evaluator.py line 228 10873] Test: [1/1] Loss 0.3725 
[2026-07-21 11:19:18,561 INFO evaluator.py line 257 10873] Val result: mIoU/macroF1/mAcc/mPrecision/allAcc 0.7759/0.8565/0.8492/0.8648/0.9659.
[2026-07-21 11:19:18,561 INFO evaluator.py line 266 10873] Class_0-road Metrics: IoU=0.9610, accuracy=0.9779, precision=0.9824, F1=0.9801
[2026-07-21 11:19:18,562 INFO evaluator.py line 266 10873] Class_1-road_marking Metrics: IoU=0.5748, accuracy=0.7091, precision=0.7522, F1=0.7300
[2026-07-21 11:19:18,562 INFO evaluator.py line 266 10873] Class_2-natural Metrics: IoU=0.9607, accuracy=0.9793, precision=0.9806, F1=0.9800
[2026-07-21 11:19:18,562 INFO evaluator.py line 266 10873] Class_3-building Metrics: IoU=0.9053, accuracy=0.9625, precision=0.9384, F1=0.9503
[2026-07-21 11:19:18,562 INFO evaluator.py line 266 10873] Class_4-utility_line Metrics: IoU=0.8103, accuracy=0.8788, precision=0.9123, F1=0.8952
[2026-07-21 11:19:18,562 INFO evaluator.py line 266 10873] Class_5-pole Metrics: IoU=0.7727, accuracy=0.8268, precision=0.9219, F1=0.8718
[2026-07-21 11:19:18,562 INFO evaluator.py line 266 10873] Class_6-car Metrics: IoU=0.8830, accuracy=0.9545, precision=0.9219, F1=0.9379
[2026-07-21 11:19:18,562 INFO evaluator.py line 266 10873] Class_7-fence Metrics: IoU=0.3396, accuracy=0.5050, precision=0.5090, F1=0.5070
[2026-07-21 11:19:18,562 INFO evaluator.py line 321 10873] <<<<<<<<<<<<<<<<< End Evaluation <<<<<<<<<<<<<<<<<
[2026-07-21 11:19:18,563 INFO misc.py line 187 10873] Currently Best mIoU: 0.7851
[2026-07-21 11:19:18,563 INFO misc.py line 196 10873] Saving checkpoint to: exp/toronto3d/spunet-toronto3d/model/model_last.pth
[2026-07-21 11:19:48,401 INFO misc.py line 117 10873] Train: [84/100][1/50] Data 29.288 (29.288) Batch 29.575 (29.575) Remain 06:58:29 loss: 0.1931 Lr: 0.00046
[2026-07-21 11:19:48,673 INFO misc.py line 117 10873] Train: [84/100][2/50] Data 0.004 (0.004) Batch 0.273 (0.273) Remain 00:03:51 loss: 0.2027 Lr: 0.00046
[2026-07-21 11:19:49,295 INFO misc.py line 117 10873] Train: [84/100][3/50] Data 0.363 (0.363) Batch 0.621 (0.621) Remain 00:08:45 loss: 0.2101 Lr: 0.00046
[2026-07-21 11:19:49,539 INFO misc.py line 117 10873] Train: [84/100][4/50] Data 0.003 (0.003) Batch 0.245 (0.245) Remain 00:03:26 loss: 0.2374 Lr: 0.00046
[2026-07-21 11:19:49,824 INFO misc.py line 117 10873] Train: [84/100][5/50] Data 0.003 (0.003) Batch 0.285 (0.265) Remain 00:03:43 loss: 0.1534 Lr: 0.00046
[2026-07-21 11:19:51,192 INFO misc.py line 117 10873] Train: [84/100][6/50] Data 1.088 (0.365) Batch 1.367 (0.632) Remain 00:08:53 loss: 0.2204 Lr: 0.00046
[2026-07-21 11:19:51,434 INFO misc.py line 117 10873] Train: [84/100][7/50] Data 0.003 (0.274) Batch 0.242 (0.535) Remain 00:07:30 loss: 0.1999 Lr: 0.00045
[2026-07-21 11:19:51,698 INFO misc.py line 117 10873] Train: [84/100][8/50] Data 0.002 (0.220) Batch 0.263 (0.481) Remain 00:06:44 loss: 0.1873 Lr: 0.00045
[2026-07-21 11:19:51,948 INFO misc.py line 117 10873] Train: [84/100][9/50] Data 0.008 (0.185) Batch 0.251 (0.442) Remain 00:06:11 loss: 0.2247 Lr: 0.00045
[2026-07-21 11:19:52,193 INFO misc.py line 117 10873] Train: [84/100][10/50] Data 0.003 (0.159) Batch 0.246 (0.414) Remain 00:05:47 loss: 0.2361 Lr: 0.00045
[2026-07-21 11:19:52,434 INFO misc.py line 117 10873] Train: [84/100][11/50] Data 0.002 (0.139) Batch 0.241 (0.392) Remain 00:05:29 loss: 0.2028 Lr: 0.00045
[2026-07-21 11:19:52,675 INFO misc.py line 117 10873] Train: [84/100][12/50] Data 0.002 (0.124) Batch 0.241 (0.376) Remain 00:05:14 loss: 0.1978 Lr: 0.00045
[2026-07-21 11:19:52,933 INFO misc.py line 117 10873] Train: [84/100][13/50] Data 0.002 (0.112) Batch 0.258 (0.364) Remain 00:05:04 loss: 0.2013 Lr: 0.00045
[2026-07-21 11:19:53,169 INFO misc.py line 117 10873] Train: [84/100][14/50] Data 0.003 (0.102) Batch 0.236 (0.352) Remain 00:04:54 loss: 0.1742 Lr: 0.00045
[2026-07-21 11:19:53,429 INFO misc.py line 117 10873] Train: [84/100][15/50] Data 0.003 (0.093) Batch 0.259 (0.344) Remain 00:04:47 loss: 0.1675 Lr: 0.00045
[2026-07-21 11:19:53,662 INFO misc.py line 117 10873] Train: [84/100][16/50] Data 0.003 (0.087) Batch 0.234 (0.336) Remain 00:04:40 loss: 0.1740 Lr: 0.00045
[2026-07-21 11:19:53,938 INFO misc.py line 117 10873] Train: [84/100][17/50] Data 0.003 (0.081) Batch 0.274 (0.332) Remain 00:04:36 loss: 0.2370 Lr: 0.00044
[2026-07-21 11:19:54,213 INFO misc.py line 117 10873] Train: [84/100][18/50] Data 0.006 (0.076) Batch 0.276 (0.328) Remain 00:04:32 loss: 0.1833 Lr: 0.00044
[2026-07-21 11:19:54,497 INFO misc.py line 117 10873] Train: [84/100][19/50] Data 0.002 (0.071) Batch 0.284 (0.325) Remain 00:04:30 loss: 0.2803 Lr: 0.00044
[2026-07-21 11:19:54,772 INFO misc.py line 117 10873] Train: [84/100][20/50] Data 0.005 (0.067) Batch 0.276 (0.322) Remain 00:04:27 loss: 0.2537 Lr: 0.00044
[2026-07-21 11:19:55,034 INFO misc.py line 117 10873] Train: [84/100][21/50] Data 0.002 (0.064) Batch 0.262 (0.319) Remain 00:04:24 loss: 0.2066 Lr: 0.00044
[2026-07-21 11:19:55,287 INFO misc.py line 117 10873] Train: [84/100][22/50] Data 0.003 (0.060) Batch 0.253 (0.315) Remain 00:04:21 loss: 0.1719 Lr: 0.00044
[2026-07-21 11:19:55,530 INFO misc.py line 117 10873] Train: [84/100][23/50] Data 0.004 (0.057) Batch 0.243 (0.312) Remain 00:04:17 loss: 0.2158 Lr: 0.00044
[2026-07-21 11:19:55,789 INFO misc.py line 117 10873] Train: [84/100][24/50] Data 0.003 (0.055) Batch 0.258 (0.309) Remain 00:04:15 loss: 0.1709 Lr: 0.00044
[2026-07-21 11:19:56,038 INFO misc.py line 117 10873] Train: [84/100][25/50] Data 0.002 (0.052) Batch 0.249 (0.307) Remain 00:04:12 loss: 0.1531 Lr: 0.00044
[2026-07-21 11:19:56,272 INFO misc.py line 117 10873] Train: [84/100][26/50] Data 0.002 (0.050) Batch 0.234 (0.303) Remain 00:04:09 loss: 0.1809 Lr: 0.00044
[2026-07-21 11:19:56,528 INFO misc.py line 117 10873] Train: [84/100][27/50] Data 0.002 (0.048) Batch 0.256 (0.301) Remain 00:04:08 loss: 0.1889 Lr: 0.00043
[2026-07-21 11:19:56,779 INFO misc.py line 117 10873] Train: [84/100][28/50] Data 0.003 (0.046) Batch 0.251 (0.299) Remain 00:04:06 loss: 0.2133 Lr: 0.00043
[2026-07-21 11:20:13,365 INFO misc.py line 117 10873] Train: [84/100][29/50] Data 16.356 (0.674) Batch 16.587 (0.926) Remain 00:12:40 loss: 0.2201 Lr: 0.00043
[2026-07-21 11:20:13,596 INFO misc.py line 117 10873] Train: [84/100][30/50] Data 0.002 (0.649) Batch 0.232 (0.900) Remain 00:12:18 loss: 0.1923 Lr: 0.00043
[2026-07-21 11:20:15,209 INFO misc.py line 117 10873] Train: [84/100][31/50] Data 1.383 (0.675) Batch 1.613 (0.926) Remain 00:12:38 loss: 0.2147 Lr: 0.00043
[2026-07-21 11:20:15,429 INFO misc.py line 117 10873] Train: [84/100][32/50] Data 0.002 (0.652) Batch 0.219 (0.901) Remain 00:12:17 loss: 0.1591 Lr: 0.00043
[2026-07-21 11:20:15,661 INFO misc.py line 117 10873] Train: [84/100][33/50] Data 0.002 (0.630) Batch 0.232 (0.879) Remain 00:11:58 loss: 0.2087 Lr: 0.00043
[2026-07-21 11:20:15,907 INFO misc.py line 117 10873] Train: [84/100][34/50] Data 0.002 (0.610) Batch 0.246 (0.858) Remain 00:11:40 loss: 0.2047 Lr: 0.00043
[2026-07-21 11:20:16,130 INFO misc.py line 117 10873] Train: [84/100][35/50] Data 0.002 (0.591) Batch 0.223 (0.839) Remain 00:11:23 loss: 0.2097 Lr: 0.00043
[2026-07-21 11:20:16,352 INFO misc.py line 117 10873] Train: [84/100][36/50] Data 0.002 (0.573) Batch 0.222 (0.820) Remain 00:11:07 loss: 0.1733 Lr: 0.00042
[2026-07-21 11:20:16,597 INFO misc.py line 117 10873] Train: [84/100][37/50] Data 0.002 (0.556) Batch 0.245 (0.803) Remain 00:10:52 loss: 0.2176 Lr: 0.00042
[2026-07-21 11:20:16,829 INFO misc.py line 117 10873] Train: [84/100][38/50] Data 0.002 (0.540) Batch 0.232 (0.787) Remain 00:10:38 loss: 0.2790 Lr: 0.00042
[2026-07-21 11:20:17,057 INFO misc.py line 117 10873] Train: [84/100][39/50] Data 0.001 (0.525) Batch 0.229 (0.771) Remain 00:10:25 loss: 0.1820 Lr: 0.00042
[2026-07-21 11:20:17,288 INFO misc.py line 117 10873] Train: [84/100][40/50] Data 0.002 (0.511) Batch 0.230 (0.757) Remain 00:10:12 loss: 0.2224 Lr: 0.00042
[2026-07-21 11:20:17,531 INFO misc.py line 117 10873] Train: [84/100][41/50] Data 0.001 (0.498) Batch 0.244 (0.743) Remain 00:10:01 loss: 0.2043 Lr: 0.00042
[2026-07-21 11:20:17,763 INFO misc.py line 117 10873] Train: [84/100][42/50] Data 0.001 (0.485) Batch 0.231 (0.730) Remain 00:09:49 loss: 0.1893 Lr: 0.00042
[2026-07-21 11:20:18,011 INFO misc.py line 117 10873] Train: [84/100][43/50] Data 0.001 (0.473) Batch 0.248 (0.718) Remain 00:09:39 loss: 0.1760 Lr: 0.00042
[2026-07-21 11:20:18,268 INFO misc.py line 117 10873] Train: [84/100][44/50] Data 0.001 (0.462) Batch 0.257 (0.707) Remain 00:09:29 loss: 0.2099 Lr: 0.00042
[2026-07-21 11:20:18,483 INFO misc.py line 117 10873] Train: [84/100][45/50] Data 0.001 (0.451) Batch 0.216 (0.695) Remain 00:09:19 loss: 0.1917 Lr: 0.00042
[2026-07-21 11:20:18,727 INFO misc.py line 117 10873] Train: [84/100][46/50] Data 0.001 (0.440) Batch 0.243 (0.684) Remain 00:09:10 loss: 0.2126 Lr: 0.00041
[2026-07-21 11:20:18,949 INFO misc.py line 117 10873] Train: [84/100][47/50] Data 0.001 (0.430) Batch 0.222 (0.674) Remain 00:09:01 loss: 0.1675 Lr: 0.00041
[2026-07-21 11:20:19,186 INFO misc.py line 117 10873] Train: [84/100][48/50] Data 0.001 (0.421) Batch 0.237 (0.664) Remain 00:08:52 loss: 0.3391 Lr: 0.00041
[2026-07-21 11:20:19,409 INFO misc.py line 117 10873] Train: [84/100][49/50] Data 0.001 (0.411) Batch 0.223 (0.655) Remain 00:08:44 loss: 0.2288 Lr: 0.00041
[2026-07-21 11:20:19,629 INFO misc.py line 117 10873] Train: [84/100][50/50] Data 0.002 (0.403) Batch 0.220 (0.645) Remain 00:08:36 loss: 0.2079 Lr: 0.00041
[2026-07-21 11:20:19,629 INFO misc.py line 147 10873] Train result: loss: 0.2050 
[2026-07-21 11:20:19,629 INFO evaluator.py line 169 10873] >>>>>>>>>>>>>>>> Start Evaluation (Segmentation) >>>>>>>>>>>>>>>>
[2026-07-21 11:20:28,164 INFO evaluator.py line 228 10873] Test: [1/1] Loss 0.3641 
[2026-07-21 11:20:28,433 INFO evaluator.py line 257 10873] Val result: mIoU/macroF1/mAcc/mPrecision/allAcc 0.7833/0.8611/0.8615/0.8626/0.9660.
[2026-07-21 11:20:28,433 INFO evaluator.py line 266 10873] Class_0-road Metrics: IoU=0.9614, accuracy=0.9774, precision=0.9832, F1=0.9803
[2026-07-21 11:20:28,434 INFO evaluator.py line 266 10873] Class_1-road_marking Metrics: IoU=0.6109, accuracy=0.7444, precision=0.7730, F1=0.7584
[2026-07-21 11:20:28,434 INFO evaluator.py line 266 10873] Class_2-natural Metrics: IoU=0.9599, accuracy=0.9764, precision=0.9827, F1=0.9795
[2026-07-21 11:20:28,434 INFO evaluator.py line 266 10873] Class_3-building Metrics: IoU=0.9018, accuracy=0.9641, precision=0.9331, F1=0.9484
[2026-07-21 11:20:28,434 INFO evaluator.py line 266 10873] Class_4-utility_line Metrics: IoU=0.8277, accuracy=0.8779, precision=0.9354, F1=0.9057
[2026-07-21 11:20:28,434 INFO evaluator.py line 266 10873] Class_5-pole Metrics: IoU=0.7890, accuracy=0.8514, precision=0.9151, F1=0.8821
[2026-07-21 11:20:28,434 INFO evaluator.py line 266 10873] Class_6-car Metrics: IoU=0.8873, accuracy=0.9546, precision=0.9264, F1=0.9403
[2026-07-21 11:20:28,434 INFO evaluator.py line 266 10873] Class_7-fence Metrics: IoU=0.3283, accuracy=0.5455, precision=0.4519, F1=0.4943
[2026-07-21 11:20:28,434 INFO evaluator.py line 321 10873] <<<<<<<<<<<<<<<<< End Evaluation <<<<<<<<<<<<<<<<<
[2026-07-21 11:20:28,435 INFO misc.py line 187 10873] Currently Best mIoU: 0.7851
[2026-07-21 11:20:28,436 INFO misc.py line 196 10873] Saving checkpoint to: exp/toronto3d/spunet-toronto3d/model/model_last.pth
[2026-07-21 11:20:55,150 INFO misc.py line 117 10873] Train: [85/100][1/50] Data 26.074 (26.074) Batch 26.441 (26.441) Remain 05:52:06 loss: 0.1892 Lr: 0.00041
[2026-07-21 11:20:58,877 INFO misc.py line 117 10873] Train: [85/100][2/50] Data 3.475 (3.475) Batch 3.738 (3.738) Remain 00:49:42 loss: 0.2006 Lr: 0.00041
[2026-07-21 11:20:59,124 INFO misc.py line 117 10873] Train: [85/100][3/50] Data 0.003 (0.003) Batch 0.247 (0.247) Remain 00:03:16 loss: 0.1976 Lr: 0.00041
[2026-07-21 11:20:59,382 INFO misc.py line 117 10873] Train: [85/100][4/50] Data 0.003 (0.003) Batch 0.258 (0.258) Remain 00:03:25 loss: 0.2347 Lr: 0.00041
[2026-07-21 11:20:59,634 INFO misc.py line 117 10873] Train: [85/100][5/50] Data 0.003 (0.003) Batch 0.253 (0.255) Remain 00:03:23 loss: 0.1949 Lr: 0.00041
[2026-07-21 11:20:59,877 INFO misc.py line 117 10873] Train: [85/100][6/50] Data 0.004 (0.003) Batch 0.242 (0.251) Remain 00:03:19 loss: 0.2488 Lr: 0.00040
[2026-07-21 11:21:00,127 INFO misc.py line 117 10873] Train: [85/100][7/50] Data 0.004 (0.003) Batch 0.250 (0.251) Remain 00:03:18 loss: 0.1719 Lr: 0.00040
[2026-07-21 11:21:01,330 INFO misc.py line 117 10873] Train: [85/100][8/50] Data 0.941 (0.191) Batch 1.203 (0.441) Remain 00:05:49 loss: 0.3329 Lr: 0.00040
[2026-07-21 11:21:01,593 INFO misc.py line 117 10873] Train: [85/100][9/50] Data 0.004 (0.160) Batch 0.264 (0.412) Remain 00:05:25 loss: 0.2136 Lr: 0.00040
[2026-07-21 11:21:01,847 INFO misc.py line 117 10873] Train: [85/100][10/50] Data 0.003 (0.137) Batch 0.254 (0.389) Remain 00:05:07 loss: 0.1756 Lr: 0.00040
[2026-07-21 11:21:02,095 INFO misc.py line 117 10873] Train: [85/100][11/50] Data 0.002 (0.120) Batch 0.248 (0.371) Remain 00:04:53 loss: 0.1774 Lr: 0.00040
[2026-07-21 11:21:02,344 INFO misc.py line 117 10873] Train: [85/100][12/50] Data 0.003 (0.107) Batch 0.249 (0.358) Remain 00:04:41 loss: 0.2223 Lr: 0.00040
[2026-07-21 11:21:02,599 INFO misc.py line 117 10873] Train: [85/100][13/50] Data 0.003 (0.097) Batch 0.256 (0.348) Remain 00:04:33 loss: 0.2067 Lr: 0.00040
[2026-07-21 11:21:02,847 INFO misc.py line 117 10873] Train: [85/100][14/50] Data 0.003 (0.088) Batch 0.246 (0.338) Remain 00:04:25 loss: 0.1509 Lr: 0.00040
[2026-07-21 11:21:03,126 INFO misc.py line 117 10873] Train: [85/100][15/50] Data 0.004 (0.081) Batch 0.281 (0.334) Remain 00:04:21 loss: 0.2491 Lr: 0.00040
[2026-07-21 11:21:03,363 INFO misc.py line 117 10873] Train: [85/100][16/50] Data 0.003 (0.075) Batch 0.236 (0.326) Remain 00:04:15 loss: 0.2133 Lr: 0.00039
[2026-07-21 11:21:03,605 INFO misc.py line 117 10873] Train: [85/100][17/50] Data 0.003 (0.070) Batch 0.242 (0.320) Remain 00:04:10 loss: 0.1739 Lr: 0.00039
[2026-07-21 11:21:03,851 INFO misc.py line 117 10873] Train: [85/100][18/50] Data 0.003 (0.066) Batch 0.246 (0.315) Remain 00:04:06 loss: 0.2150 Lr: 0.00039
[2026-07-21 11:21:04,078 INFO misc.py line 117 10873] Train: [85/100][19/50] Data 0.002 (0.062) Batch 0.227 (0.310) Remain 00:04:01 loss: 0.1797 Lr: 0.00039
[2026-07-21 11:21:04,304 INFO misc.py line 117 10873] Train: [85/100][20/50] Data 0.002 (0.058) Batch 0.226 (0.305) Remain 00:03:57 loss: 0.1910 Lr: 0.00039
[2026-07-21 11:21:04,557 INFO misc.py line 117 10873] Train: [85/100][21/50] Data 0.002 (0.055) Batch 0.252 (0.302) Remain 00:03:55 loss: 0.1848 Lr: 0.00039
[2026-07-21 11:21:04,793 INFO misc.py line 117 10873] Train: [85/100][22/50] Data 0.003 (0.052) Batch 0.236 (0.298) Remain 00:03:52 loss: 0.1678 Lr: 0.00039
[2026-07-21 11:21:05,068 INFO misc.py line 117 10873] Train: [85/100][23/50] Data 0.003 (0.050) Batch 0.273 (0.297) Remain 00:03:50 loss: 0.2151 Lr: 0.00039
[2026-07-21 11:21:05,319 INFO misc.py line 117 10873] Train: [85/100][24/50] Data 0.005 (0.048) Batch 0.251 (0.295) Remain 00:03:48 loss: 0.1866 Lr: 0.00039
[2026-07-21 11:21:05,594 INFO misc.py line 117 10873] Train: [85/100][25/50] Data 0.004 (0.046) Batch 0.277 (0.294) Remain 00:03:47 loss: 0.3367 Lr: 0.00039
[2026-07-21 11:21:05,837 INFO misc.py line 117 10873] Train: [85/100][26/50] Data 0.002 (0.044) Batch 0.242 (0.292) Remain 00:03:45 loss: 0.1916 Lr: 0.00039
[2026-07-21 11:21:06,100 INFO misc.py line 117 10873] Train: [85/100][27/50] Data 0.003 (0.042) Batch 0.263 (0.291) Remain 00:03:44 loss: 0.2417 Lr: 0.00038
[2026-07-21 11:21:06,351 INFO misc.py line 117 10873] Train: [85/100][28/50] Data 0.003 (0.041) Batch 0.250 (0.289) Remain 00:03:43 loss: 0.1828 Lr: 0.00038
[2026-07-21 11:21:21,503 INFO misc.py line 117 10873] Train: [85/100][29/50] Data 14.897 (0.612) Batch 15.152 (0.861) Remain 00:11:03 loss: 0.2095 Lr: 0.00038
[2026-07-21 11:21:24,634 INFO misc.py line 117 10873] Train: [85/100][30/50] Data 2.887 (0.696) Batch 3.132 (0.945) Remain 00:12:07 loss: 0.2058 Lr: 0.00038
[2026-07-21 11:21:24,867 INFO misc.py line 117 10873] Train: [85/100][31/50] Data 0.002 (0.671) Batch 0.233 (0.919) Remain 00:11:47 loss: 0.1735 Lr: 0.00038
[2026-07-21 11:21:25,094 INFO misc.py line 117 10873] Train: [85/100][32/50] Data 0.002 (0.648) Batch 0.227 (0.896) Remain 00:11:27 loss: 0.1927 Lr: 0.00038
[2026-07-21 11:21:25,326 INFO misc.py line 117 10873] Train: [85/100][33/50] Data 0.001 (0.627) Batch 0.232 (0.873) Remain 00:11:09 loss: 0.1782 Lr: 0.00038
[2026-07-21 11:21:25,564 INFO misc.py line 117 10873] Train: [85/100][34/50] Data 0.002 (0.607) Batch 0.238 (0.853) Remain 00:10:53 loss: 0.2396 Lr: 0.00038
[2026-07-21 11:21:25,804 INFO misc.py line 117 10873] Train: [85/100][35/50] Data 0.002 (0.588) Batch 0.240 (0.834) Remain 00:10:37 loss: 0.1859 Lr: 0.00038
[2026-07-21 11:21:26,060 INFO misc.py line 117 10873] Train: [85/100][36/50] Data 0.002 (0.570) Batch 0.255 (0.816) Remain 00:10:23 loss: 0.1966 Lr: 0.00038
[2026-07-21 11:21:26,294 INFO misc.py line 117 10873] Train: [85/100][37/50] Data 0.002 (0.553) Batch 0.235 (0.799) Remain 00:10:09 loss: 0.1422 Lr: 0.00037
[2026-07-21 11:21:26,501 INFO misc.py line 117 10873] Train: [85/100][38/50] Data 0.001 (0.537) Batch 0.207 (0.782) Remain 00:09:56 loss: 0.1870 Lr: 0.00037
[2026-07-21 11:21:26,734 INFO misc.py line 117 10873] Train: [85/100][39/50] Data 0.001 (0.523) Batch 0.233 (0.767) Remain 00:09:43 loss: 0.2142 Lr: 0.00037
[2026-07-21 11:21:26,964 INFO misc.py line 117 10873] Train: [85/100][40/50] Data 0.001 (0.508) Batch 0.230 (0.752) Remain 00:09:31 loss: 0.2283 Lr: 0.00037
[2026-07-21 11:21:27,189 INFO misc.py line 117 10873] Train: [85/100][41/50] Data 0.001 (0.495) Batch 0.225 (0.739) Remain 00:09:20 loss: 0.1385 Lr: 0.00037
[2026-07-21 11:21:27,422 INFO misc.py line 117 10873] Train: [85/100][42/50] Data 0.001 (0.482) Batch 0.233 (0.726) Remain 00:09:10 loss: 0.2694 Lr: 0.00037
[2026-07-21 11:21:27,651 INFO misc.py line 117 10873] Train: [85/100][43/50] Data 0.001 (0.470) Batch 0.229 (0.713) Remain 00:08:59 loss: 0.1592 Lr: 0.00037
[2026-07-21 11:21:27,863 INFO misc.py line 117 10873] Train: [85/100][44/50] Data 0.001 (0.459) Batch 0.212 (0.701) Remain 00:08:49 loss: 0.1840 Lr: 0.00037
[2026-07-21 11:21:28,089 INFO misc.py line 117 10873] Train: [85/100][45/50] Data 0.001 (0.448) Batch 0.225 (0.690) Remain 00:08:40 loss: 0.1802 Lr: 0.00037
[2026-07-21 11:21:28,328 INFO misc.py line 117 10873] Train: [85/100][46/50] Data 0.001 (0.438) Batch 0.240 (0.679) Remain 00:08:32 loss: 0.2408 Lr: 0.00037
[2026-07-21 11:21:28,561 INFO misc.py line 117 10873] Train: [85/100][47/50] Data 0.001 (0.428) Batch 0.232 (0.669) Remain 00:08:23 loss: 0.2960 Lr: 0.00036
[2026-07-21 11:21:28,788 INFO misc.py line 117 10873] Train: [85/100][48/50] Data 0.001 (0.418) Batch 0.227 (0.659) Remain 00:08:15 loss: 0.1822 Lr: 0.00036
[2026-07-21 11:21:28,999 INFO misc.py line 117 10873] Train: [85/100][49/50] Data 0.001 (0.409) Batch 0.211 (0.649) Remain 00:08:07 loss: 0.2019 Lr: 0.00036
[2026-07-21 11:21:29,229 INFO misc.py line 117 10873] Train: [85/100][50/50] Data 0.001 (0.401) Batch 0.230 (0.641) Remain 00:08:00 loss: 0.2294 Lr: 0.00036
[2026-07-21 11:21:29,229 INFO misc.py line 147 10873] Train result: loss: 0.2056 
[2026-07-21 11:21:29,229 INFO evaluator.py line 169 10873] >>>>>>>>>>>>>>>> Start Evaluation (Segmentation) >>>>>>>>>>>>>>>>
[2026-07-21 11:21:37,740 INFO evaluator.py line 228 10873] Test: [1/1] Loss 0.3648 
[2026-07-21 11:21:38,016 INFO evaluator.py line 257 10873] Val result: mIoU/macroF1/mAcc/mPrecision/allAcc 0.7827/0.8615/0.8616/0.8637/0.9669.
[2026-07-21 11:21:38,016 INFO evaluator.py line 266 10873] Class_0-road Metrics: IoU=0.9623, accuracy=0.9788, precision=0.9828, F1=0.9808
[2026-07-21 11:21:38,016 INFO evaluator.py line 266 10873] Class_1-road_marking Metrics: IoU=0.6146, accuracy=0.7526, precision=0.7701, F1=0.7613
[2026-07-21 11:21:38,016 INFO evaluator.py line 266 10873] Class_2-natural Metrics: IoU=0.9624, accuracy=0.9797, precision=0.9820, F1=0.9809
[2026-07-21 11:21:38,016 INFO evaluator.py line 266 10873] Class_3-building Metrics: IoU=0.9072, accuracy=0.9626, precision=0.9403, F1=0.9513
[2026-07-21 11:21:38,016 INFO evaluator.py line 266 10873] Class_4-utility_line Metrics: IoU=0.8141, accuracy=0.8764, precision=0.9196, F1=0.8975
[2026-07-21 11:21:38,016 INFO evaluator.py line 266 10873] Class_5-pole Metrics: IoU=0.7723, accuracy=0.8260, precision=0.9223, F1=0.8715
[2026-07-21 11:21:38,017 INFO evaluator.py line 266 10873] Class_6-car Metrics: IoU=0.8887, accuracy=0.9485, precision=0.9337, F1=0.9411
[2026-07-21 11:21:38,017 INFO evaluator.py line 266 10873] Class_7-fence Metrics: IoU=0.3404, accuracy=0.5682, precision=0.4591, F1=0.5079
[2026-07-21 11:21:38,017 INFO evaluator.py line 321 10873] <<<<<<<<<<<<<<<<< End Evaluation <<<<<<<<<<<<<<<<<
[2026-07-21 11:21:38,018 INFO misc.py line 187 10873] Currently Best mIoU: 0.7851
[2026-07-21 11:21:38,018 INFO misc.py line 196 10873] Saving checkpoint to: exp/toronto3d/spunet-toronto3d/model/model_last.pth
[2026-07-21 11:22:07,593 INFO misc.py line 117 10873] Train: [86/100][1/50] Data 29.044 (29.044) Batch 29.310 (29.310) Remain 06:05:53 loss: 0.2928 Lr: 0.00036
[2026-07-21 11:22:07,973 INFO misc.py line 117 10873] Train: [86/100][2/50] Data 0.072 (0.072) Batch 0.382 (0.382) Remain 00:04:45 loss: 0.2356 Lr: 0.00036
[2026-07-21 11:22:10,153 INFO misc.py line 117 10873] Train: [86/100][3/50] Data 1.934 (1.934) Batch 2.179 (2.179) Remain 00:27:07 loss: 0.2031 Lr: 0.00036
[2026-07-21 11:22:10,401 INFO misc.py line 117 10873] Train: [86/100][4/50] Data 0.003 (0.003) Batch 0.249 (0.249) Remain 00:03:05 loss: 0.2163 Lr: 0.00036
[2026-07-21 11:22:10,723 INFO misc.py line 117 10873] Train: [86/100][5/50] Data 0.002 (0.003) Batch 0.321 (0.285) Remain 00:03:32 loss: 0.2310 Lr: 0.00036
[2026-07-21 11:22:10,963 INFO misc.py line 117 10873] Train: [86/100][6/50] Data 0.003 (0.003) Batch 0.240 (0.270) Remain 00:03:20 loss: 0.1851 Lr: 0.00036
[2026-07-21 11:22:11,216 INFO misc.py line 117 10873] Train: [86/100][7/50] Data 0.003 (0.003) Batch 0.254 (0.266) Remain 00:03:17 loss: 0.2252 Lr: 0.00036
[2026-07-21 11:22:11,449 INFO misc.py line 117 10873] Train: [86/100][8/50] Data 0.003 (0.003) Batch 0.232 (0.259) Remain 00:03:12 loss: 0.1852 Lr: 0.00035
[2026-07-21 11:22:11,712 INFO misc.py line 117 10873] Train: [86/100][9/50] Data 0.002 (0.003) Batch 0.264 (0.260) Remain 00:03:12 loss: 0.2452 Lr: 0.00035
[2026-07-21 11:22:12,003 INFO misc.py line 117 10873] Train: [86/100][10/50] Data 0.002 (0.003) Batch 0.291 (0.264) Remain 00:03:15 loss: 0.1648 Lr: 0.00035
[2026-07-21 11:22:12,275 INFO misc.py line 117 10873] Train: [86/100][11/50] Data 0.002 (0.003) Batch 0.272 (0.265) Remain 00:03:16 loss: 0.2732 Lr: 0.00035
[2026-07-21 11:22:12,544 INFO misc.py line 117 10873] Train: [86/100][12/50] Data 0.005 (0.003) Batch 0.269 (0.266) Remain 00:03:16 loss: 0.1510 Lr: 0.00035
[2026-07-21 11:22:12,810 INFO misc.py line 117 10873] Train: [86/100][13/50] Data 0.003 (0.003) Batch 0.266 (0.266) Remain 00:03:15 loss: 0.2415 Lr: 0.00035
[2026-07-21 11:22:13,043 INFO misc.py line 117 10873] Train: [86/100][14/50] Data 0.003 (0.003) Batch 0.233 (0.263) Remain 00:03:13 loss: 0.2327 Lr: 0.00035
[2026-07-21 11:22:13,285 INFO misc.py line 117 10873] Train: [86/100][15/50] Data 0.002 (0.003) Batch 0.243 (0.261) Remain 00:03:11 loss: 0.3138 Lr: 0.00035
[2026-07-21 11:22:13,542 INFO misc.py line 117 10873] Train: [86/100][16/50] Data 0.003 (0.003) Batch 0.257 (0.261) Remain 00:03:11 loss: 0.2299 Lr: 0.00035
[2026-07-21 11:22:13,793 INFO misc.py line 117 10873] Train: [86/100][17/50] Data 0.002 (0.003) Batch 0.251 (0.260) Remain 00:03:10 loss: 0.2365 Lr: 0.00035
[2026-07-21 11:22:14,044 INFO misc.py line 117 10873] Train: [86/100][18/50] Data 0.003 (0.003) Batch 0.251 (0.259) Remain 00:03:09 loss: 0.2487 Lr: 0.00035
[2026-07-21 11:22:14,280 INFO misc.py line 117 10873] Train: [86/100][19/50] Data 0.003 (0.003) Batch 0.236 (0.258) Remain 00:03:08 loss: 0.1795 Lr: 0.00034
[2026-07-21 11:22:14,517 INFO misc.py line 117 10873] Train: [86/100][20/50] Data 0.003 (0.003) Batch 0.236 (0.257) Remain 00:03:07 loss: 0.1776 Lr: 0.00034
[2026-07-21 11:22:14,789 INFO misc.py line 117 10873] Train: [86/100][21/50] Data 0.014 (0.003) Batch 0.272 (0.258) Remain 00:03:07 loss: 0.1471 Lr: 0.00034
[2026-07-21 11:22:15,062 INFO misc.py line 117 10873] Train: [86/100][22/50] Data 0.005 (0.003) Batch 0.273 (0.258) Remain 00:03:08 loss: 0.2600 Lr: 0.00034
[2026-07-21 11:22:15,314 INFO misc.py line 117 10873] Train: [86/100][23/50] Data 0.004 (0.004) Batch 0.252 (0.258) Remain 00:03:07 loss: 0.1937 Lr: 0.00034
[2026-07-21 11:22:15,553 INFO misc.py line 117 10873] Train: [86/100][24/50] Data 0.003 (0.004) Batch 0.240 (0.257) Remain 00:03:06 loss: 0.2041 Lr: 0.00034
[2026-07-21 11:22:15,792 INFO misc.py line 117 10873] Train: [86/100][25/50] Data 0.002 (0.003) Batch 0.238 (0.256) Remain 00:03:05 loss: 0.1538 Lr: 0.00034
[2026-07-21 11:22:16,044 INFO misc.py line 117 10873] Train: [86/100][26/50] Data 0.002 (0.003) Batch 0.252 (0.256) Remain 00:03:05 loss: 0.1867 Lr: 0.00034
[2026-07-21 11:22:16,308 INFO misc.py line 117 10873] Train: [86/100][27/50] Data 0.003 (0.003) Batch 0.265 (0.256) Remain 00:03:05 loss: 0.2054 Lr: 0.00034
[2026-07-21 11:22:16,531 INFO misc.py line 117 10873] Train: [86/100][28/50] Data 0.002 (0.003) Batch 0.223 (0.255) Remain 00:03:04 loss: 0.1800 Lr: 0.00034
[2026-07-21 11:22:31,167 INFO misc.py line 117 10873] Train: [86/100][29/50] Data 14.400 (0.557) Batch 14.637 (0.808) Remain 00:09:42 loss: 0.2574 Lr: 0.00034
[2026-07-21 11:22:31,405 INFO misc.py line 117 10873] Train: [86/100][30/50] Data 0.002 (0.537) Batch 0.238 (0.787) Remain 00:09:26 loss: 0.2323 Lr: 0.00033
[2026-07-21 11:22:32,071 INFO misc.py line 117 10873] Train: [86/100][31/50] Data 0.445 (0.533) Batch 0.665 (0.783) Remain 00:09:22 loss: 0.1696 Lr: 0.00033
[2026-07-21 11:22:32,321 INFO misc.py line 117 10873] Train: [86/100][32/50] Data 0.002 (0.515) Batch 0.250 (0.764) Remain 00:09:08 loss: 0.2018 Lr: 0.00033
[2026-07-21 11:22:32,558 INFO misc.py line 117 10873] Train: [86/100][33/50] Data 0.002 (0.498) Batch 0.238 (0.747) Remain 00:08:55 loss: 0.2145 Lr: 0.00033
[2026-07-21 11:22:32,797 INFO misc.py line 117 10873] Train: [86/100][34/50] Data 0.002 (0.482) Batch 0.239 (0.730) Remain 00:08:43 loss: 0.2886 Lr: 0.00033
[2026-07-21 11:22:33,016 INFO misc.py line 117 10873] Train: [86/100][35/50] Data 0.002 (0.467) Batch 0.219 (0.714) Remain 00:08:30 loss: 0.2131 Lr: 0.00033
[2026-07-21 11:22:33,710 INFO misc.py line 117 10873] Train: [86/100][36/50] Data 0.455 (0.466) Batch 0.694 (0.714) Remain 00:08:29 loss: 0.1311 Lr: 0.00033
[2026-07-21 11:22:33,948 INFO misc.py line 117 10873] Train: [86/100][37/50] Data 0.001 (0.453) Batch 0.238 (0.700) Remain 00:08:19 loss: 0.2239 Lr: 0.00033
[2026-07-21 11:22:34,179 INFO misc.py line 117 10873] Train: [86/100][38/50] Data 0.002 (0.440) Batch 0.231 (0.686) Remain 00:08:08 loss: 0.1700 Lr: 0.00033
[2026-07-21 11:22:34,395 INFO misc.py line 117 10873] Train: [86/100][39/50] Data 0.002 (0.428) Batch 0.216 (0.673) Remain 00:07:58 loss: 0.1941 Lr: 0.00033
[2026-07-21 11:22:34,605 INFO misc.py line 117 10873] Train: [86/100][40/50] Data 0.001 (0.416) Batch 0.210 (0.661) Remain 00:07:49 loss: 0.1818 Lr: 0.00033
[2026-07-21 11:22:34,848 INFO misc.py line 117 10873] Train: [86/100][41/50] Data 0.001 (0.405) Batch 0.243 (0.650) Remain 00:07:40 loss: 0.2022 Lr: 0.00032
[2026-07-21 11:22:35,081 INFO misc.py line 117 10873] Train: [86/100][42/50] Data 0.002 (0.395) Batch 0.233 (0.639) Remain 00:07:32 loss: 0.1605 Lr: 0.00032
[2026-07-21 11:22:35,305 INFO misc.py line 117 10873] Train: [86/100][43/50] Data 0.001 (0.385) Batch 0.224 (0.629) Remain 00:07:24 loss: 0.2791 Lr: 0.00032
[2026-07-21 11:22:35,544 INFO misc.py line 117 10873] Train: [86/100][44/50] Data 0.001 (0.376) Batch 0.239 (0.619) Remain 00:07:17 loss: 0.2186 Lr: 0.00032
[2026-07-21 11:22:35,757 INFO misc.py line 117 10873] Train: [86/100][45/50] Data 0.002 (0.367) Batch 0.213 (0.610) Remain 00:07:09 loss: 0.1710 Lr: 0.00032
[2026-07-21 11:22:35,997 INFO misc.py line 117 10873] Train: [86/100][46/50] Data 0.001 (0.358) Batch 0.240 (0.601) Remain 00:07:03 loss: 0.1824 Lr: 0.00032
[2026-07-21 11:22:36,215 INFO misc.py line 117 10873] Train: [86/100][47/50] Data 0.001 (0.350) Batch 0.218 (0.592) Remain 00:06:56 loss: 0.1387 Lr: 0.00032
[2026-07-21 11:22:36,467 INFO misc.py line 117 10873] Train: [86/100][48/50] Data 0.001 (0.342) Batch 0.253 (0.585) Remain 00:06:50 loss: 0.2047 Lr: 0.00032
[2026-07-21 11:22:36,689 INFO misc.py line 117 10873] Train: [86/100][49/50] Data 0.001 (0.335) Batch 0.222 (0.577) Remain 00:06:44 loss: 0.2254 Lr: 0.00032
[2026-07-21 11:22:36,922 INFO misc.py line 117 10873] Train: [86/100][50/50] Data 0.001 (0.328) Batch 0.233 (0.570) Remain 00:06:38 loss: 0.2340 Lr: 0.00032
[2026-07-21 11:22:36,922 INFO misc.py line 147 10873] Train result: loss: 0.2099 
[2026-07-21 11:22:36,923 INFO evaluator.py line 169 10873] >>>>>>>>>>>>>>>> Start Evaluation (Segmentation) >>>>>>>>>>>>>>>>
[2026-07-21 11:22:45,839 INFO evaluator.py line 228 10873] Test: [1/1] Loss 0.3751 
[2026-07-21 11:22:46,105 INFO evaluator.py line 257 10873] Val result: mIoU/macroF1/mAcc/mPrecision/allAcc 0.7764/0.8586/0.8655/0.8535/0.9658.
[2026-07-21 11:22:46,105 INFO evaluator.py line 266 10873] Class_0-road Metrics: IoU=0.9610, accuracy=0.9764, precision=0.9839, F1=0.9801
[2026-07-21 11:22:46,105 INFO evaluator.py line 266 10873] Class_1-road_marking Metrics: IoU=0.6040, accuracy=0.7715, precision=0.7356, F1=0.7531
[2026-07-21 11:22:46,106 INFO evaluator.py line 266 10873] Class_2-natural Metrics: IoU=0.9613, accuracy=0.9799, precision=0.9805, F1=0.9802
[2026-07-21 11:22:46,106 INFO evaluator.py line 266 10873] Class_3-building Metrics: IoU=0.9103, accuracy=0.9605, precision=0.9457, F1=0.9530
[2026-07-21 11:22:46,106 INFO evaluator.py line 266 10873] Class_4-utility_line Metrics: IoU=0.7723, accuracy=0.8861, precision=0.8575, F1=0.8715
[2026-07-21 11:22:46,106 INFO evaluator.py line 266 10873] Class_5-pole Metrics: IoU=0.7762, accuracy=0.8309, precision=0.9218, F1=0.8740
[2026-07-21 11:22:46,106 INFO evaluator.py line 266 10873] Class_6-car Metrics: IoU=0.8677, accuracy=0.9392, precision=0.9193, F1=0.9291
[2026-07-21 11:22:46,106 INFO evaluator.py line 266 10873] Class_7-fence Metrics: IoU=0.3583, accuracy=0.5796, precision=0.4840, F1=0.5275
[2026-07-21 11:22:46,106 INFO evaluator.py line 321 10873] <<<<<<<<<<<<<<<<< End Evaluation <<<<<<<<<<<<<<<<<
[2026-07-21 11:22:46,107 INFO misc.py line 187 10873] Currently Best mIoU: 0.7851
[2026-07-21 11:22:46,107 INFO misc.py line 196 10873] Saving checkpoint to: exp/toronto3d/spunet-toronto3d/model/model_last.pth
[2026-07-21 11:23:15,570 INFO misc.py line 117 10873] Train: [87/100][1/50] Data 28.877 (28.877) Batch 29.198 (29.198) Remain 05:40:09 loss: 0.2021 Lr: 0.00032
[2026-07-21 11:23:15,822 INFO misc.py line 117 10873] Train: [87/100][2/50] Data 0.006 (0.006) Batch 0.254 (0.254) Remain 00:02:57 loss: 0.1852 Lr: 0.00031
[2026-07-21 11:23:16,100 INFO misc.py line 117 10873] Train: [87/100][3/50] Data 0.004 (0.004) Batch 0.279 (0.279) Remain 00:03:14 loss: 0.2335 Lr: 0.00031
[2026-07-21 11:23:16,385 INFO misc.py line 117 10873] Train: [87/100][4/50] Data 0.002 (0.002) Batch 0.283 (0.283) Remain 00:03:17 loss: 0.1984 Lr: 0.00031
[2026-07-21 11:23:16,689 INFO misc.py line 117 10873] Train: [87/100][5/50] Data 0.065 (0.034) Batch 0.306 (0.294) Remain 00:03:24 loss: 0.1821 Lr: 0.00031
[2026-07-21 11:23:16,969 INFO misc.py line 117 10873] Train: [87/100][6/50] Data 0.003 (0.023) Batch 0.271 (0.287) Remain 00:03:18 loss: 0.2911 Lr: 0.00031
[2026-07-21 11:23:17,221 INFO misc.py line 117 10873] Train: [87/100][7/50] Data 0.012 (0.021) Batch 0.261 (0.280) Remain 00:03:14 loss: 0.1753 Lr: 0.00031
[2026-07-21 11:23:17,467 INFO misc.py line 117 10873] Train: [87/100][8/50] Data 0.003 (0.017) Batch 0.246 (0.273) Remain 00:03:09 loss: 0.1606 Lr: 0.00031
[2026-07-21 11:23:18,609 INFO misc.py line 117 10873] Train: [87/100][9/50] Data 0.852 (0.156) Batch 1.143 (0.418) Remain 00:04:48 loss: 0.1573 Lr: 0.00031
[2026-07-21 11:23:18,865 INFO misc.py line 117 10873] Train: [87/100][10/50] Data 0.003 (0.134) Batch 0.256 (0.395) Remain 00:04:32 loss: 0.1864 Lr: 0.00031
[2026-07-21 11:23:19,107 INFO misc.py line 117 10873] Train: [87/100][11/50] Data 0.003 (0.118) Batch 0.242 (0.376) Remain 00:04:19 loss: 0.2498 Lr: 0.00031
[2026-07-21 11:23:19,384 INFO misc.py line 117 10873] Train: [87/100][12/50] Data 0.023 (0.107) Batch 0.276 (0.365) Remain 00:04:11 loss: 0.1767 Lr: 0.00031
[2026-07-21 11:23:19,654 INFO misc.py line 117 10873] Train: [87/100][13/50] Data 0.002 (0.097) Batch 0.269 (0.355) Remain 00:04:04 loss: 0.2371 Lr: 0.00030
[2026-07-21 11:23:19,925 INFO misc.py line 117 10873] Train: [87/100][14/50] Data 0.004 (0.088) Batch 0.271 (0.348) Remain 00:03:58 loss: 0.2336 Lr: 0.00030
[2026-07-21 11:23:20,163 INFO misc.py line 117 10873] Train: [87/100][15/50] Data 0.003 (0.081) Batch 0.239 (0.339) Remain 00:03:51 loss: 0.2022 Lr: 0.00030
[2026-07-21 11:23:20,406 INFO misc.py line 117 10873] Train: [87/100][16/50] Data 0.003 (0.075) Batch 0.242 (0.331) Remain 00:03:46 loss: 0.2168 Lr: 0.00030
[2026-07-21 11:23:20,650 INFO misc.py line 117 10873] Train: [87/100][17/50] Data 0.003 (0.070) Batch 0.244 (0.325) Remain 00:03:41 loss: 0.1870 Lr: 0.00030
[2026-07-21 11:23:20,923 INFO misc.py line 117 10873] Train: [87/100][18/50] Data 0.004 (0.066) Batch 0.274 (0.322) Remain 00:03:39 loss: 0.3170 Lr: 0.00030
[2026-07-21 11:23:21,160 INFO misc.py line 117 10873] Train: [87/100][19/50] Data 0.002 (0.062) Batch 0.237 (0.316) Remain 00:03:35 loss: 0.1744 Lr: 0.00030
[2026-07-21 11:23:21,400 INFO misc.py line 117 10873] Train: [87/100][20/50] Data 0.002 (0.058) Batch 0.240 (0.312) Remain 00:03:31 loss: 0.2273 Lr: 0.00030
[2026-07-21 11:23:21,673 INFO misc.py line 117 10873] Train: [87/100][21/50] Data 0.003 (0.055) Batch 0.273 (0.310) Remain 00:03:30 loss: 0.2109 Lr: 0.00030
[2026-07-21 11:23:21,949 INFO misc.py line 117 10873] Train: [87/100][22/50] Data 0.003 (0.052) Batch 0.275 (0.308) Remain 00:03:28 loss: 0.2720 Lr: 0.00030
[2026-07-21 11:23:22,190 INFO misc.py line 117 10873] Train: [87/100][23/50] Data 0.004 (0.050) Batch 0.241 (0.304) Remain 00:03:26 loss: 0.4548 Lr: 0.00030
[2026-07-21 11:23:22,440 INFO misc.py line 117 10873] Train: [87/100][24/50] Data 0.003 (0.048) Batch 0.239 (0.301) Remain 00:03:23 loss: 0.2347 Lr: 0.00030
[2026-07-21 11:23:22,721 INFO misc.py line 117 10873] Train: [87/100][25/50] Data 0.014 (0.046) Batch 0.292 (0.301) Remain 00:03:23 loss: 0.2264 Lr: 0.00029
[2026-07-21 11:23:22,965 INFO misc.py line 117 10873] Train: [87/100][26/50] Data 0.002 (0.044) Batch 0.244 (0.298) Remain 00:03:21 loss: 0.1574 Lr: 0.00029
[2026-07-21 11:23:23,224 INFO misc.py line 117 10873] Train: [87/100][27/50] Data 0.003 (0.043) Batch 0.259 (0.297) Remain 00:03:19 loss: 0.1815 Lr: 0.00029
[2026-07-21 11:23:23,479 INFO misc.py line 117 10873] Train: [87/100][28/50] Data 0.003 (0.041) Batch 0.255 (0.295) Remain 00:03:18 loss: 0.1588 Lr: 0.00029
[2026-07-21 11:23:39,020 INFO misc.py line 117 10873] Train: [87/100][29/50] Data 15.281 (0.627) Batch 15.541 (0.882) Remain 00:09:51 loss: 0.1813 Lr: 0.00029
[2026-07-21 11:23:39,269 INFO misc.py line 117 10873] Train: [87/100][30/50] Data 0.003 (0.604) Batch 0.249 (0.858) Remain 00:09:34 loss: 0.2332 Lr: 0.00029
[2026-07-21 11:23:39,524 INFO misc.py line 117 10873] Train: [87/100][31/50] Data 0.003 (0.583) Batch 0.255 (0.837) Remain 00:09:19 loss: 0.2167 Lr: 0.00029
[2026-07-21 11:23:39,779 INFO misc.py line 117 10873] Train: [87/100][32/50] Data 0.003 (0.563) Batch 0.255 (0.817) Remain 00:09:05 loss: 0.2023 Lr: 0.00029
[2026-07-21 11:23:41,082 INFO misc.py line 117 10873] Train: [87/100][33/50] Data 1.075 (0.580) Batch 1.304 (0.833) Remain 00:09:15 loss: 0.1761 Lr: 0.00029
[2026-07-21 11:23:41,554 INFO misc.py line 117 10873] Train: [87/100][34/50] Data 0.239 (0.569) Batch 0.471 (0.821) Remain 00:09:06 loss: 0.2149 Lr: 0.00029
[2026-07-21 11:23:42,063 INFO misc.py line 117 10873] Train: [87/100][35/50] Data 0.302 (0.560) Batch 0.509 (0.811) Remain 00:08:59 loss: 0.1684 Lr: 0.00029
[2026-07-21 11:23:42,299 INFO misc.py line 117 10873] Train: [87/100][36/50] Data 0.002 (0.543) Batch 0.237 (0.794) Remain 00:08:47 loss: 0.1892 Lr: 0.00029
[2026-07-21 11:23:42,539 INFO misc.py line 117 10873] Train: [87/100][37/50] Data 0.001 (0.527) Batch 0.239 (0.778) Remain 00:08:35 loss: 0.1972 Lr: 0.00028
[2026-07-21 11:23:42,760 INFO misc.py line 117 10873] Train: [87/100][38/50] Data 0.001 (0.512) Batch 0.221 (0.762) Remain 00:08:24 loss: 0.1576 Lr: 0.00028
[2026-07-21 11:23:42,981 INFO misc.py line 117 10873] Train: [87/100][39/50] Data 0.001 (0.498) Batch 0.221 (0.747) Remain 00:08:13 loss: 0.2258 Lr: 0.00028
[2026-07-21 11:23:43,203 INFO misc.py line 117 10873] Train: [87/100][40/50] Data 0.001 (0.485) Batch 0.222 (0.733) Remain 00:08:03 loss: 0.1857 Lr: 0.00028
[2026-07-21 11:23:43,425 INFO misc.py line 117 10873] Train: [87/100][41/50] Data 0.001 (0.472) Batch 0.222 (0.719) Remain 00:07:53 loss: 0.1880 Lr: 0.00028
[2026-07-21 11:23:43,672 INFO misc.py line 117 10873] Train: [87/100][42/50] Data 0.001 (0.460) Batch 0.248 (0.707) Remain 00:07:45 loss: 0.2159 Lr: 0.00028
[2026-07-21 11:23:43,887 INFO misc.py line 117 10873] Train: [87/100][43/50] Data 0.001 (0.448) Batch 0.215 (0.695) Remain 00:07:36 loss: 0.1977 Lr: 0.00028
[2026-07-21 11:23:44,119 INFO misc.py line 117 10873] Train: [87/100][44/50] Data 0.001 (0.438) Batch 0.232 (0.683) Remain 00:07:28 loss: 0.2104 Lr: 0.00028
[2026-07-21 11:23:44,351 INFO misc.py line 117 10873] Train: [87/100][45/50] Data 0.001 (0.427) Batch 0.231 (0.673) Remain 00:07:20 loss: 0.2703 Lr: 0.00028
[2026-07-21 11:23:44,587 INFO misc.py line 117 10873] Train: [87/100][46/50] Data 0.001 (0.417) Batch 0.236 (0.663) Remain 00:07:13 loss: 0.2355 Lr: 0.00028
[2026-07-21 11:23:44,799 INFO misc.py line 117 10873] Train: [87/100][47/50] Data 0.001 (0.408) Batch 0.212 (0.652) Remain 00:07:05 loss: 0.1452 Lr: 0.00028
[2026-07-21 11:23:45,026 INFO misc.py line 117 10873] Train: [87/100][48/50] Data 0.001 (0.399) Batch 0.227 (0.643) Remain 00:06:59 loss: 0.1868 Lr: 0.00028
[2026-07-21 11:23:45,258 INFO misc.py line 117 10873] Train: [87/100][49/50] Data 0.001 (0.390) Batch 0.232 (0.634) Remain 00:06:52 loss: 0.1965 Lr: 0.00027
[2026-07-21 11:23:45,513 INFO misc.py line 117 10873] Train: [87/100][50/50] Data 0.001 (0.382) Batch 0.255 (0.626) Remain 00:06:46 loss: 0.2449 Lr: 0.00027
[2026-07-21 11:23:45,513 INFO misc.py line 147 10873] Train result: loss: 0.2106 
[2026-07-21 11:23:45,514 INFO evaluator.py line 169 10873] >>>>>>>>>>>>>>>> Start Evaluation (Segmentation) >>>>>>>>>>>>>>>>
[2026-07-21 11:23:54,373 INFO evaluator.py line 228 10873] Test: [1/1] Loss 0.3838 
[2026-07-21 11:23:54,627 INFO evaluator.py line 257 10873] Val result: mIoU/macroF1/mAcc/mPrecision/allAcc 0.7712/0.8547/0.8582/0.8527/0.9647.
[2026-07-21 11:23:54,627 INFO evaluator.py line 266 10873] Class_0-road Metrics: IoU=0.9614, accuracy=0.9783, precision=0.9824, F1=0.9803
[2026-07-21 11:23:54,627 INFO evaluator.py line 266 10873] Class_1-road_marking Metrics: IoU=0.5912, accuracy=0.7253, precision=0.7617, F1=0.7431
[2026-07-21 11:23:54,628 INFO evaluator.py line 266 10873] Class_2-natural Metrics: IoU=0.9568, accuracy=0.9747, precision=0.9811, F1=0.9779
[2026-07-21 11:23:54,628 INFO evaluator.py line 266 10873] Class_3-building Metrics: IoU=0.9113, accuracy=0.9610, precision=0.9462, F1=0.9536
[2026-07-21 11:23:54,628 INFO evaluator.py line 266 10873] Class_4-utility_line Metrics: IoU=0.7663, accuracy=0.8826, precision=0.8532, F1=0.8677
[2026-07-21 11:23:54,628 INFO evaluator.py line 266 10873] Class_5-pole Metrics: IoU=0.7782, accuracy=0.8364, precision=0.9179, F1=0.8753
[2026-07-21 11:23:54,628 INFO evaluator.py line 266 10873] Class_6-car Metrics: IoU=0.8555, accuracy=0.9510, precision=0.8949, F1=0.9221
[2026-07-21 11:23:54,628 INFO evaluator.py line 266 10873] Class_7-fence Metrics: IoU=0.3493, accuracy=0.5561, precision=0.4844, F1=0.5178
[2026-07-21 11:23:54,628 INFO evaluator.py line 321 10873] <<<<<<<<<<<<<<<<< End Evaluation <<<<<<<<<<<<<<<<<
[2026-07-21 11:23:54,629 INFO misc.py line 187 10873] Currently Best mIoU: 0.7851
[2026-07-21 11:23:54,629 INFO misc.py line 196 10873] Saving checkpoint to: exp/toronto3d/spunet-toronto3d/model/model_last.pth
[2026-07-21 11:24:25,692 INFO misc.py line 117 10873] Train: [88/100][1/50] Data 30.553 (30.553) Batch 30.793 (30.793) Remain 05:33:04 loss: 0.2017 Lr: 0.00027
[2026-07-21 11:24:25,988 INFO misc.py line 117 10873] Train: [88/100][2/50] Data 0.007 (0.007) Batch 0.295 (0.295) Remain 00:03:11 loss: 0.2367 Lr: 0.00027
[2026-07-21 11:24:26,247 INFO misc.py line 117 10873] Train: [88/100][3/50] Data 0.003 (0.003) Batch 0.259 (0.259) Remain 00:02:47 loss: 0.1970 Lr: 0.00027
[2026-07-21 11:24:26,498 INFO misc.py line 117 10873] Train: [88/100][4/50] Data 0.002 (0.002) Batch 0.252 (0.252) Remain 00:02:42 loss: 0.3005 Lr: 0.00027
[2026-07-21 11:24:26,781 INFO misc.py line 117 10873] Train: [88/100][5/50] Data 0.003 (0.003) Batch 0.282 (0.267) Remain 00:02:51 loss: 0.3251 Lr: 0.00027
[2026-07-21 11:24:27,076 INFO misc.py line 117 10873] Train: [88/100][6/50] Data 0.010 (0.005) Batch 0.296 (0.277) Remain 00:02:58 loss: 0.1768 Lr: 0.00027
[2026-07-21 11:24:27,338 INFO misc.py line 117 10873] Train: [88/100][7/50] Data 0.002 (0.004) Batch 0.260 (0.273) Remain 00:02:55 loss: 0.1579 Lr: 0.00027
[2026-07-21 11:24:27,603 INFO misc.py line 117 10873] Train: [88/100][8/50] Data 0.005 (0.004) Batch 0.266 (0.271) Remain 00:02:54 loss: 0.1935 Lr: 0.00027
[2026-07-21 11:24:27,833 INFO misc.py line 117 10873] Train: [88/100][9/50] Data 0.002 (0.004) Batch 0.230 (0.264) Remain 00:02:49 loss: 0.2106 Lr: 0.00027
[2026-07-21 11:24:28,070 INFO misc.py line 117 10873] Train: [88/100][10/50] Data 0.003 (0.004) Batch 0.237 (0.260) Remain 00:02:46 loss: 0.1476 Lr: 0.00027
[2026-07-21 11:24:28,325 INFO misc.py line 117 10873] Train: [88/100][11/50] Data 0.003 (0.004) Batch 0.256 (0.260) Remain 00:02:46 loss: 0.2309 Lr: 0.00026
[2026-07-21 11:24:28,581 INFO misc.py line 117 10873] Train: [88/100][12/50] Data 0.002 (0.004) Batch 0.255 (0.259) Remain 00:02:45 loss: 0.1793 Lr: 0.00026
[2026-07-21 11:24:28,857 INFO misc.py line 117 10873] Train: [88/100][13/50] Data 0.002 (0.004) Batch 0.277 (0.261) Remain 00:02:46 loss: 0.2260 Lr: 0.00026
[2026-07-21 11:24:29,095 INFO misc.py line 117 10873] Train: [88/100][14/50] Data 0.003 (0.003) Batch 0.237 (0.259) Remain 00:02:44 loss: 0.1642 Lr: 0.00026
[2026-07-21 11:24:29,409 INFO misc.py line 117 10873] Train: [88/100][15/50] Data 0.003 (0.003) Batch 0.315 (0.264) Remain 00:02:47 loss: 0.2083 Lr: 0.00026
[2026-07-21 11:24:29,659 INFO misc.py line 117 10873] Train: [88/100][16/50] Data 0.003 (0.003) Batch 0.249 (0.262) Remain 00:02:46 loss: 0.2326 Lr: 0.00026
[2026-07-21 11:24:29,905 INFO misc.py line 117 10873] Train: [88/100][17/50] Data 0.003 (0.003) Batch 0.246 (0.261) Remain 00:02:45 loss: 0.1425 Lr: 0.00026
[2026-07-21 11:24:30,148 INFO misc.py line 117 10873] Train: [88/100][18/50] Data 0.003 (0.003) Batch 0.244 (0.260) Remain 00:02:44 loss: 0.2174 Lr: 0.00026
[2026-07-21 11:24:30,392 INFO misc.py line 117 10873] Train: [88/100][19/50] Data 0.003 (0.003) Batch 0.243 (0.259) Remain 00:02:43 loss: 0.1570 Lr: 0.00026
[2026-07-21 11:24:30,678 INFO misc.py line 117 10873] Train: [88/100][20/50] Data 0.003 (0.003) Batch 0.286 (0.261) Remain 00:02:44 loss: 0.2811 Lr: 0.00026
[2026-07-21 11:24:30,954 INFO misc.py line 117 10873] Train: [88/100][21/50] Data 0.003 (0.003) Batch 0.276 (0.261) Remain 00:02:44 loss: 0.3117 Lr: 0.00026
[2026-07-21 11:24:31,213 INFO misc.py line 117 10873] Train: [88/100][22/50] Data 0.003 (0.003) Batch 0.259 (0.261) Remain 00:02:44 loss: 0.1828 Lr: 0.00026
[2026-07-21 11:24:31,462 INFO misc.py line 117 10873] Train: [88/100][23/50] Data 0.004 (0.003) Batch 0.250 (0.261) Remain 00:02:43 loss: 0.1470 Lr: 0.00025
[2026-07-21 11:24:31,689 INFO misc.py line 117 10873] Train: [88/100][24/50] Data 0.002 (0.003) Batch 0.225 (0.259) Remain 00:02:42 loss: 0.1508 Lr: 0.00025
[2026-07-21 11:24:31,921 INFO misc.py line 117 10873] Train: [88/100][25/50] Data 0.004 (0.003) Batch 0.233 (0.258) Remain 00:02:41 loss: 0.2320 Lr: 0.00025
[2026-07-21 11:24:32,172 INFO misc.py line 117 10873] Train: [88/100][26/50] Data 0.002 (0.003) Batch 0.252 (0.258) Remain 00:02:40 loss: 0.1729 Lr: 0.00025
[2026-07-21 11:24:32,411 INFO misc.py line 117 10873] Train: [88/100][27/50] Data 0.002 (0.003) Batch 0.239 (0.257) Remain 00:02:40 loss: 0.1711 Lr: 0.00025
[2026-07-21 11:24:32,672 INFO misc.py line 117 10873] Train: [88/100][28/50] Data 0.003 (0.003) Batch 0.261 (0.257) Remain 00:02:39 loss: 0.2281 Lr: 0.00025
[2026-07-21 11:24:48,794 INFO misc.py line 117 10873] Train: [88/100][29/50] Data 15.877 (0.614) Batch 16.123 (0.867) Remain 00:08:58 loss: 0.1258 Lr: 0.00025
[2026-07-21 11:24:49,026 INFO misc.py line 117 10873] Train: [88/100][30/50] Data 0.002 (0.591) Batch 0.232 (0.844) Remain 00:08:43 loss: 0.1881 Lr: 0.00025
[2026-07-21 11:24:49,386 INFO misc.py line 117 10873] Train: [88/100][31/50] Data 0.121 (0.574) Batch 0.360 (0.826) Remain 00:08:31 loss: 0.2185 Lr: 0.00025
[2026-07-21 11:24:49,609 INFO misc.py line 117 10873] Train: [88/100][32/50] Data 0.002 (0.554) Batch 0.222 (0.806) Remain 00:08:17 loss: 0.1862 Lr: 0.00025
[2026-07-21 11:24:49,845 INFO misc.py line 117 10873] Train: [88/100][33/50] Data 0.002 (0.536) Batch 0.237 (0.787) Remain 00:08:05 loss: 0.2192 Lr: 0.00025
[2026-07-21 11:24:50,078 INFO misc.py line 117 10873] Train: [88/100][34/50] Data 0.002 (0.519) Batch 0.232 (0.769) Remain 00:07:53 loss: 0.1678 Lr: 0.00025
[2026-07-21 11:24:50,291 INFO misc.py line 117 10873] Train: [88/100][35/50] Data 0.001 (0.503) Batch 0.213 (0.751) Remain 00:07:42 loss: 0.1280 Lr: 0.00025
[2026-07-21 11:24:50,520 INFO misc.py line 117 10873] Train: [88/100][36/50] Data 0.002 (0.487) Batch 0.229 (0.736) Remain 00:07:31 loss: 0.2462 Lr: 0.00024
[2026-07-21 11:24:50,739 INFO misc.py line 117 10873] Train: [88/100][37/50] Data 0.002 (0.473) Batch 0.220 (0.720) Remain 00:07:21 loss: 0.1864 Lr: 0.00024
[2026-07-21 11:24:50,957 INFO misc.py line 117 10873] Train: [88/100][38/50] Data 0.001 (0.460) Batch 0.218 (0.706) Remain 00:07:12 loss: 0.1640 Lr: 0.00024
[2026-07-21 11:24:51,178 INFO misc.py line 117 10873] Train: [88/100][39/50] Data 0.001 (0.447) Batch 0.221 (0.693) Remain 00:07:03 loss: 0.2093 Lr: 0.00024
[2026-07-21 11:24:51,408 INFO misc.py line 117 10873] Train: [88/100][40/50] Data 0.001 (0.435) Batch 0.230 (0.680) Remain 00:06:54 loss: 0.2019 Lr: 0.00024
[2026-07-21 11:24:51,623 INFO misc.py line 117 10873] Train: [88/100][41/50] Data 0.001 (0.423) Batch 0.215 (0.668) Remain 00:06:46 loss: 0.1475 Lr: 0.00024
[2026-07-21 11:24:51,855 INFO misc.py line 117 10873] Train: [88/100][42/50] Data 0.001 (0.413) Batch 0.232 (0.657) Remain 00:06:39 loss: 0.1702 Lr: 0.00024
[2026-07-21 11:24:52,093 INFO misc.py line 117 10873] Train: [88/100][43/50] Data 0.001 (0.402) Batch 0.238 (0.646) Remain 00:06:32 loss: 0.1739 Lr: 0.00024
[2026-07-21 11:24:52,330 INFO misc.py line 117 10873] Train: [88/100][44/50] Data 0.001 (0.393) Batch 0.237 (0.636) Remain 00:06:25 loss: 0.2085 Lr: 0.00024
[2026-07-21 11:24:52,553 INFO misc.py line 117 10873] Train: [88/100][45/50] Data 0.001 (0.383) Batch 0.223 (0.626) Remain 00:06:18 loss: 0.1977 Lr: 0.00024
[2026-07-21 11:24:52,805 INFO misc.py line 117 10873] Train: [88/100][46/50] Data 0.001 (0.374) Batch 0.252 (0.618) Remain 00:06:13 loss: 0.2824 Lr: 0.00024
[2026-07-21 11:24:53,023 INFO misc.py line 117 10873] Train: [88/100][47/50] Data 0.001 (0.366) Batch 0.218 (0.609) Remain 00:06:06 loss: 0.1557 Lr: 0.00024
[2026-07-21 11:24:53,234 INFO misc.py line 117 10873] Train: [88/100][48/50] Data 0.001 (0.358) Batch 0.211 (0.600) Remain 00:06:01 loss: 0.1719 Lr: 0.00024
[2026-07-21 11:24:53,456 INFO misc.py line 117 10873] Train: [88/100][49/50] Data 0.001 (0.350) Batch 0.222 (0.592) Remain 00:05:55 loss: 0.1357 Lr: 0.00023
[2026-07-21 11:24:53,680 INFO misc.py line 117 10873] Train: [88/100][50/50] Data 0.001 (0.343) Batch 0.224 (0.584) Remain 00:05:50 loss: 0.2019 Lr: 0.00023
[2026-07-21 11:24:53,681 INFO misc.py line 147 10873] Train result: loss: 0.1974 
[2026-07-21 11:24:53,681 INFO evaluator.py line 169 10873] >>>>>>>>>>>>>>>> Start Evaluation (Segmentation) >>>>>>>>>>>>>>>>
[2026-07-21 11:25:02,554 INFO evaluator.py line 228 10873] Test: [1/1] Loss 0.3621 
[2026-07-21 11:25:02,838 INFO evaluator.py line 257 10873] Val result: mIoU/macroF1/mAcc/mPrecision/allAcc 0.7829/0.8611/0.8620/0.8623/0.9670.
[2026-07-21 11:25:02,839 INFO evaluator.py line 266 10873] Class_0-road Metrics: IoU=0.9617, accuracy=0.9776, precision=0.9834, F1=0.9805
[2026-07-21 11:25:02,839 INFO evaluator.py line 266 10873] Class_1-road_marking Metrics: IoU=0.5978, accuracy=0.7397, precision=0.7570, F1=0.7483
[2026-07-21 11:25:02,839 INFO evaluator.py line 266 10873] Class_2-natural Metrics: IoU=0.9633, accuracy=0.9821, precision=0.9805, F1=0.9813
[2026-07-21 11:25:02,839 INFO evaluator.py line 266 10873] Class_3-building Metrics: IoU=0.9095, accuracy=0.9608, precision=0.9445, F1=0.9526
[2026-07-21 11:25:02,839 INFO evaluator.py line 266 10873] Class_4-utility_line Metrics: IoU=0.8249, accuracy=0.8846, precision=0.9244, F1=0.9040
[2026-07-21 11:25:02,839 INFO evaluator.py line 266 10873] Class_5-pole Metrics: IoU=0.7842, accuracy=0.8428, precision=0.9186, F1=0.8790
[2026-07-21 11:25:02,839 INFO evaluator.py line 266 10873] Class_6-car Metrics: IoU=0.8838, accuracy=0.9447, precision=0.9320, F1=0.9383
[2026-07-21 11:25:02,839 INFO evaluator.py line 266 10873] Class_7-fence Metrics: IoU=0.3379, accuracy=0.5634, precision=0.4577, F1=0.5051
[2026-07-21 11:25:02,839 INFO evaluator.py line 321 10873] <<<<<<<<<<<<<<<<< End Evaluation <<<<<<<<<<<<<<<<<
[2026-07-21 11:25:02,840 INFO misc.py line 187 10873] Currently Best mIoU: 0.7851
[2026-07-21 11:25:02,841 INFO misc.py line 196 10873] Saving checkpoint to: exp/toronto3d/spunet-toronto3d/model/model_last.pth
[2026-07-21 11:25:32,573 INFO misc.py line 117 10873] Train: [89/100][1/50] Data 29.237 (29.237) Batch 29.467 (29.467) Remain 04:54:10 loss: 0.1933 Lr: 0.00023
[2026-07-21 11:25:32,929 INFO misc.py line 117 10873] Train: [89/100][2/50] Data 0.128 (0.128) Batch 0.356 (0.356) Remain 00:03:32 loss: 0.2774 Lr: 0.00023
[2026-07-21 11:25:33,171 INFO misc.py line 117 10873] Train: [89/100][3/50] Data 0.003 (0.003) Batch 0.242 (0.242) Remain 00:02:24 loss: 0.2867 Lr: 0.00023
[2026-07-21 11:25:33,411 INFO misc.py line 117 10873] Train: [89/100][4/50] Data 0.003 (0.003) Batch 0.240 (0.240) Remain 00:02:22 loss: 0.2124 Lr: 0.00023
[2026-07-21 11:25:33,652 INFO misc.py line 117 10873] Train: [89/100][5/50] Data 0.003 (0.003) Batch 0.241 (0.240) Remain 00:02:22 loss: 0.1790 Lr: 0.00023
[2026-07-21 11:25:33,915 INFO misc.py line 117 10873] Train: [89/100][6/50] Data 0.004 (0.003) Batch 0.264 (0.248) Remain 00:02:27 loss: 0.1603 Lr: 0.00023
[2026-07-21 11:25:34,158 INFO misc.py line 117 10873] Train: [89/100][7/50] Data 0.003 (0.003) Batch 0.243 (0.247) Remain 00:02:26 loss: 0.2915 Lr: 0.00023
[2026-07-21 11:25:34,400 INFO misc.py line 117 10873] Train: [89/100][8/50] Data 0.002 (0.003) Batch 0.242 (0.246) Remain 00:02:25 loss: 0.1954 Lr: 0.00023
[2026-07-21 11:25:34,654 INFO misc.py line 117 10873] Train: [89/100][9/50] Data 0.003 (0.003) Batch 0.253 (0.247) Remain 00:02:26 loss: 0.2209 Lr: 0.00023
[2026-07-21 11:25:34,897 INFO misc.py line 117 10873] Train: [89/100][10/50] Data 0.004 (0.003) Batch 0.244 (0.247) Remain 00:02:25 loss: 0.2005 Lr: 0.00023
[2026-07-21 11:25:35,137 INFO misc.py line 117 10873] Train: [89/100][11/50] Data 0.003 (0.003) Batch 0.240 (0.246) Remain 00:02:24 loss: 0.1706 Lr: 0.00023
[2026-07-21 11:25:35,411 INFO misc.py line 117 10873] Train: [89/100][12/50] Data 0.003 (0.003) Batch 0.274 (0.249) Remain 00:02:26 loss: 0.1845 Lr: 0.00022
[2026-07-21 11:25:35,653 INFO misc.py line 117 10873] Train: [89/100][13/50] Data 0.003 (0.003) Batch 0.241 (0.248) Remain 00:02:25 loss: 0.1935 Lr: 0.00022
[2026-07-21 11:25:35,923 INFO misc.py line 117 10873] Train: [89/100][14/50] Data 0.004 (0.003) Batch 0.271 (0.250) Remain 00:02:26 loss: 0.1712 Lr: 0.00022
[2026-07-21 11:25:36,188 INFO misc.py line 117 10873] Train: [89/100][15/50] Data 0.002 (0.003) Batch 0.265 (0.251) Remain 00:02:27 loss: 0.1821 Lr: 0.00022
[2026-07-21 11:25:36,469 INFO misc.py line 117 10873] Train: [89/100][16/50] Data 0.003 (0.003) Batch 0.270 (0.253) Remain 00:02:27 loss: 0.1799 Lr: 0.00022
[2026-07-21 11:25:36,753 INFO misc.py line 117 10873] Train: [89/100][17/50] Data 0.017 (0.004) Batch 0.295 (0.256) Remain 00:02:29 loss: 0.3121 Lr: 0.00022
[2026-07-21 11:25:37,015 INFO misc.py line 117 10873] Train: [89/100][18/50] Data 0.002 (0.004) Batch 0.261 (0.256) Remain 00:02:29 loss: 0.1591 Lr: 0.00022
[2026-07-21 11:25:37,257 INFO misc.py line 117 10873] Train: [89/100][19/50] Data 0.002 (0.004) Batch 0.243 (0.255) Remain 00:02:28 loss: 0.2240 Lr: 0.00022
[2026-07-21 11:25:37,509 INFO misc.py line 117 10873] Train: [89/100][20/50] Data 0.002 (0.004) Batch 0.251 (0.255) Remain 00:02:27 loss: 0.2226 Lr: 0.00022
[2026-07-21 11:25:37,770 INFO misc.py line 117 10873] Train: [89/100][21/50] Data 0.005 (0.004) Batch 0.263 (0.256) Remain 00:02:27 loss: 0.1884 Lr: 0.00022
[2026-07-21 11:25:38,033 INFO misc.py line 117 10873] Train: [89/100][22/50] Data 0.002 (0.004) Batch 0.262 (0.256) Remain 00:02:27 loss: 0.2039 Lr: 0.00022
[2026-07-21 11:25:38,313 INFO misc.py line 117 10873] Train: [89/100][23/50] Data 0.002 (0.004) Batch 0.280 (0.257) Remain 00:02:28 loss: 0.1962 Lr: 0.00022
[2026-07-21 11:25:38,565 INFO misc.py line 117 10873] Train: [89/100][24/50] Data 0.003 (0.004) Batch 0.252 (0.257) Remain 00:02:27 loss: 0.1603 Lr: 0.00022
[2026-07-21 11:25:38,841 INFO misc.py line 117 10873] Train: [89/100][25/50] Data 0.002 (0.004) Batch 0.276 (0.258) Remain 00:02:28 loss: 0.2231 Lr: 0.00021
[2026-07-21 11:25:39,091 INFO misc.py line 117 10873] Train: [89/100][26/50] Data 0.003 (0.004) Batch 0.248 (0.257) Remain 00:02:27 loss: 0.2291 Lr: 0.00021
[2026-07-21 11:25:39,359 INFO misc.py line 117 10873] Train: [89/100][27/50] Data 0.004 (0.004) Batch 0.268 (0.258) Remain 00:02:27 loss: 0.1306 Lr: 0.00021
[2026-07-21 11:25:39,629 INFO misc.py line 117 10873] Train: [89/100][28/50] Data 0.005 (0.004) Batch 0.270 (0.258) Remain 00:02:27 loss: 0.1857 Lr: 0.00021
[2026-07-21 11:25:59,882 INFO misc.py line 117 10873] Train: [89/100][29/50] Data 20.014 (0.773) Batch 20.254 (1.027) Remain 00:09:46 loss: 0.2021 Lr: 0.00021
[2026-07-21 11:26:00,095 INFO misc.py line 117 10873] Train: [89/100][30/50] Data 0.002 (0.745) Batch 0.214 (0.997) Remain 00:09:28 loss: 0.3175 Lr: 0.00021
[2026-07-21 11:26:00,318 INFO misc.py line 117 10873] Train: [89/100][31/50] Data 0.001 (0.718) Batch 0.222 (0.970) Remain 00:09:11 loss: 0.2113 Lr: 0.00021
[2026-07-21 11:26:00,560 INFO misc.py line 117 10873] Train: [89/100][32/50] Data 0.001 (0.693) Batch 0.242 (0.944) Remain 00:08:56 loss: 0.1979 Lr: 0.00021
[2026-07-21 11:26:00,794 INFO misc.py line 117 10873] Train: [89/100][33/50] Data 0.002 (0.670) Batch 0.234 (0.921) Remain 00:08:42 loss: 0.1515 Lr: 0.00021
[2026-07-21 11:26:01,030 INFO misc.py line 117 10873] Train: [89/100][34/50] Data 0.001 (0.649) Batch 0.235 (0.899) Remain 00:08:28 loss: 0.1885 Lr: 0.00021
[2026-07-21 11:26:01,273 INFO misc.py line 117 10873] Train: [89/100][35/50] Data 0.001 (0.629) Batch 0.243 (0.878) Remain 00:08:16 loss: 0.2001 Lr: 0.00021
[2026-07-21 11:26:01,515 INFO misc.py line 117 10873] Train: [89/100][36/50] Data 0.002 (0.610) Batch 0.242 (0.859) Remain 00:08:04 loss: 0.1989 Lr: 0.00021
[2026-07-21 11:26:01,760 INFO misc.py line 117 10873] Train: [89/100][37/50] Data 0.001 (0.592) Batch 0.245 (0.841) Remain 00:07:53 loss: 0.2046 Lr: 0.00021
[2026-07-21 11:26:01,987 INFO misc.py line 117 10873] Train: [89/100][38/50] Data 0.001 (0.575) Batch 0.226 (0.823) Remain 00:07:42 loss: 0.1632 Lr: 0.00021
[2026-07-21 11:26:02,222 INFO misc.py line 117 10873] Train: [89/100][39/50] Data 0.001 (0.559) Batch 0.236 (0.807) Remain 00:07:32 loss: 0.2870 Lr: 0.00020
[2026-07-21 11:26:02,447 INFO misc.py line 117 10873] Train: [89/100][40/50] Data 0.002 (0.544) Batch 0.224 (0.791) Remain 00:07:23 loss: 0.2516 Lr: 0.00020
[2026-07-21 11:26:02,689 INFO misc.py line 117 10873] Train: [89/100][41/50] Data 0.002 (0.529) Batch 0.242 (0.777) Remain 00:07:14 loss: 0.2023 Lr: 0.00020
[2026-07-21 11:26:02,916 INFO misc.py line 117 10873] Train: [89/100][42/50] Data 0.001 (0.516) Batch 0.228 (0.763) Remain 00:07:05 loss: 0.2381 Lr: 0.00020
[2026-07-21 11:26:03,181 INFO misc.py line 117 10873] Train: [89/100][43/50] Data 0.001 (0.503) Batch 0.265 (0.750) Remain 00:06:57 loss: 0.2624 Lr: 0.00020
[2026-07-21 11:26:03,402 INFO misc.py line 117 10873] Train: [89/100][44/50] Data 0.001 (0.491) Batch 0.221 (0.737) Remain 00:06:49 loss: 0.1765 Lr: 0.00020
[2026-07-21 11:26:03,614 INFO misc.py line 117 10873] Train: [89/100][45/50] Data 0.002 (0.479) Batch 0.212 (0.725) Remain 00:06:42 loss: 0.1475 Lr: 0.00020
[2026-07-21 11:26:03,842 INFO misc.py line 117 10873] Train: [89/100][46/50] Data 0.002 (0.468) Batch 0.228 (0.713) Remain 00:06:35 loss: 0.2311 Lr: 0.00020
[2026-07-21 11:26:04,059 INFO misc.py line 117 10873] Train: [89/100][47/50] Data 0.001 (0.457) Batch 0.217 (0.702) Remain 00:06:28 loss: 0.2028 Lr: 0.00020
[2026-07-21 11:26:04,306 INFO misc.py line 117 10873] Train: [89/100][48/50] Data 0.001 (0.447) Batch 0.247 (0.692) Remain 00:06:21 loss: 0.1937 Lr: 0.00020
[2026-07-21 11:26:04,516 INFO misc.py line 117 10873] Train: [89/100][49/50] Data 0.001 (0.438) Batch 0.210 (0.681) Remain 00:06:15 loss: 0.1641 Lr: 0.00020
[2026-07-21 11:26:04,734 INFO misc.py line 117 10873] Train: [89/100][50/50] Data 0.001 (0.428) Batch 0.218 (0.672) Remain 00:06:09 loss: 0.1852 Lr: 0.00020
[2026-07-21 11:26:04,735 INFO misc.py line 147 10873] Train result: loss: 0.2062 
[2026-07-21 11:26:04,735 INFO evaluator.py line 169 10873] >>>>>>>>>>>>>>>> Start Evaluation (Segmentation) >>>>>>>>>>>>>>>>
[2026-07-21 11:26:13,593 INFO evaluator.py line 228 10873] Test: [1/1] Loss 0.3699 
[2026-07-21 11:26:13,848 INFO evaluator.py line 257 10873] Val result: mIoU/macroF1/mAcc/mPrecision/allAcc 0.7785/0.8600/0.8626/0.8584/0.9660.
[2026-07-21 11:26:13,848 INFO evaluator.py line 266 10873] Class_0-road Metrics: IoU=0.9625, accuracy=0.9784, precision=0.9834, F1=0.9809
[2026-07-21 11:26:13,848 INFO evaluator.py line 266 10873] Class_1-road_marking Metrics: IoU=0.6097, accuracy=0.7579, precision=0.7571, F1=0.7575
[2026-07-21 11:26:13,849 INFO evaluator.py line 266 10873] Class_2-natural Metrics: IoU=0.9604, accuracy=0.9806, precision=0.9790, F1=0.9798
[2026-07-21 11:26:13,849 INFO evaluator.py line 266 10873] Class_3-building Metrics: IoU=0.9096, accuracy=0.9554, precision=0.9500, F1=0.9527
[2026-07-21 11:26:13,849 INFO evaluator.py line 266 10873] Class_4-utility_line Metrics: IoU=0.7847, accuracy=0.8865, precision=0.8723, F1=0.8793
[2026-07-21 11:26:13,849 INFO evaluator.py line 266 10873] Class_5-pole Metrics: IoU=0.7852, accuracy=0.8428, precision=0.9200, F1=0.8797
[2026-07-21 11:26:13,849 INFO evaluator.py line 266 10873] Class_6-car Metrics: IoU=0.8595, accuracy=0.9385, precision=0.9108, F1=0.9244
[2026-07-21 11:26:13,849 INFO evaluator.py line 266 10873] Class_7-fence Metrics: IoU=0.3562, accuracy=0.5604, precision=0.4944, F1=0.5253
[2026-07-21 11:26:13,849 INFO evaluator.py line 321 10873] <<<<<<<<<<<<<<<<< End Evaluation <<<<<<<<<<<<<<<<<
[2026-07-21 11:26:13,850 INFO misc.py line 187 10873] Currently Best mIoU: 0.7851
[2026-07-21 11:26:13,850 INFO misc.py line 196 10873] Saving checkpoint to: exp/toronto3d/spunet-toronto3d/model/model_last.pth
[2026-07-21 11:26:42,360 INFO misc.py line 117 10873] Train: [90/100][1/50] Data 27.996 (27.996) Batch 28.233 (28.233) Remain 04:18:19 loss: 0.2161 Lr: 0.00020
[2026-07-21 11:26:44,000 INFO misc.py line 117 10873] Train: [90/100][2/50] Data 1.393 (1.393) Batch 1.651 (1.651) Remain 00:15:04 loss: 0.2813 Lr: 0.00020
[2026-07-21 11:26:45,702 INFO misc.py line 117 10873] Train: [90/100][3/50] Data 1.429 (1.429) Batch 1.701 (1.701) Remain 00:15:30 loss: 0.2531 Lr: 0.00019
[2026-07-21 11:26:46,354 INFO misc.py line 117 10873] Train: [90/100][4/50] Data 0.343 (0.343) Batch 0.653 (0.653) Remain 00:05:56 loss: 0.1984 Lr: 0.00019
[2026-07-21 11:26:46,609 INFO misc.py line 117 10873] Train: [90/100][5/50] Data 0.002 (0.173) Batch 0.255 (0.454) Remain 00:04:07 loss: 0.1727 Lr: 0.00019
[2026-07-21 11:26:46,870 INFO misc.py line 117 10873] Train: [90/100][6/50] Data 0.002 (0.116) Batch 0.260 (0.389) Remain 00:03:31 loss: 0.2510 Lr: 0.00019
[2026-07-21 11:26:47,135 INFO misc.py line 117 10873] Train: [90/100][7/50] Data 0.003 (0.088) Batch 0.265 (0.358) Remain 00:03:14 loss: 0.2075 Lr: 0.00019
[2026-07-21 11:26:47,375 INFO misc.py line 117 10873] Train: [90/100][8/50] Data 0.002 (0.070) Batch 0.240 (0.335) Remain 00:03:01 loss: 0.1528 Lr: 0.00019
[2026-07-21 11:26:47,632 INFO misc.py line 117 10873] Train: [90/100][9/50] Data 0.003 (0.059) Batch 0.256 (0.322) Remain 00:02:53 loss: 0.1868 Lr: 0.00019
[2026-07-21 11:26:47,879 INFO misc.py line 117 10873] Train: [90/100][10/50] Data 0.004 (0.051) Batch 0.248 (0.311) Remain 00:02:47 loss: 0.2294 Lr: 0.00019
[2026-07-21 11:26:48,122 INFO misc.py line 117 10873] Train: [90/100][11/50] Data 0.002 (0.045) Batch 0.243 (0.303) Remain 00:02:43 loss: 0.1541 Lr: 0.00019
[2026-07-21 11:26:48,379 INFO misc.py line 117 10873] Train: [90/100][12/50] Data 0.003 (0.040) Batch 0.257 (0.298) Remain 00:02:40 loss: 0.1891 Lr: 0.00019
[2026-07-21 11:26:48,636 INFO misc.py line 117 10873] Train: [90/100][13/50] Data 0.002 (0.037) Batch 0.256 (0.293) Remain 00:02:37 loss: 0.1890 Lr: 0.00019
[2026-07-21 11:26:48,881 INFO misc.py line 117 10873] Train: [90/100][14/50] Data 0.003 (0.034) Batch 0.246 (0.289) Remain 00:02:34 loss: 0.1550 Lr: 0.00019
[2026-07-21 11:26:49,128 INFO misc.py line 117 10873] Train: [90/100][15/50] Data 0.002 (0.031) Batch 0.246 (0.285) Remain 00:02:32 loss: 0.1952 Lr: 0.00019
[2026-07-21 11:26:49,412 INFO misc.py line 117 10873] Train: [90/100][16/50] Data 0.004 (0.029) Batch 0.284 (0.285) Remain 00:02:32 loss: 0.2352 Lr: 0.00019
[2026-07-21 11:26:49,646 INFO misc.py line 117 10873] Train: [90/100][17/50] Data 0.004 (0.027) Batch 0.234 (0.282) Remain 00:02:30 loss: 0.1611 Lr: 0.00019
[2026-07-21 11:26:49,895 INFO misc.py line 117 10873] Train: [90/100][18/50] Data 0.003 (0.026) Batch 0.250 (0.280) Remain 00:02:28 loss: 0.1473 Lr: 0.00018
[2026-07-21 11:26:50,126 INFO misc.py line 117 10873] Train: [90/100][19/50] Data 0.002 (0.024) Batch 0.231 (0.277) Remain 00:02:26 loss: 0.1529 Lr: 0.00018
[2026-07-21 11:26:50,379 INFO misc.py line 117 10873] Train: [90/100][20/50] Data 0.002 (0.023) Batch 0.253 (0.275) Remain 00:02:25 loss: 0.2161 Lr: 0.00018
[2026-07-21 11:26:50,715 INFO misc.py line 117 10873] Train: [90/100][21/50] Data 0.003 (0.022) Batch 0.336 (0.279) Remain 00:02:27 loss: 0.1888 Lr: 0.00018
[2026-07-21 11:26:51,068 INFO misc.py line 117 10873] Train: [90/100][22/50] Data 0.014 (0.021) Batch 0.343 (0.282) Remain 00:02:28 loss: 0.1600 Lr: 0.00018
[2026-07-21 11:26:51,366 INFO misc.py line 117 10873] Train: [90/100][23/50] Data 0.012 (0.021) Batch 0.308 (0.283) Remain 00:02:29 loss: 0.2503 Lr: 0.00018
[2026-07-21 11:26:51,681 INFO misc.py line 117 10873] Train: [90/100][24/50] Data 0.015 (0.021) Batch 0.315 (0.285) Remain 00:02:29 loss: 0.2594 Lr: 0.00018
[2026-07-21 11:26:51,946 INFO misc.py line 117 10873] Train: [90/100][25/50] Data 0.002 (0.020) Batch 0.264 (0.284) Remain 00:02:28 loss: 0.2246 Lr: 0.00018
[2026-07-21 11:26:52,199 INFO misc.py line 117 10873] Train: [90/100][26/50] Data 0.003 (0.019) Batch 0.254 (0.282) Remain 00:02:28 loss: 0.4085 Lr: 0.00018
[2026-07-21 11:26:52,453 INFO misc.py line 117 10873] Train: [90/100][27/50] Data 0.002 (0.018) Batch 0.254 (0.281) Remain 00:02:27 loss: 0.2324 Lr: 0.00018
[2026-07-21 11:26:52,724 INFO misc.py line 117 10873] Train: [90/100][28/50] Data 0.002 (0.018) Batch 0.271 (0.281) Remain 00:02:26 loss: 0.1981 Lr: 0.00018
[2026-07-21 11:27:07,063 INFO misc.py line 117 10873] Train: [90/100][29/50] Data 14.098 (0.559) Batch 14.339 (0.822) Remain 00:07:08 loss: 0.1594 Lr: 0.00018
[2026-07-21 11:27:10,231 INFO misc.py line 117 10873] Train: [90/100][30/50] Data 2.929 (0.647) Batch 3.168 (0.909) Remain 00:07:52 loss: 0.1817 Lr: 0.00018
[2026-07-21 11:27:10,474 INFO misc.py line 117 10873] Train: [90/100][31/50] Data 0.014 (0.624) Batch 0.243 (0.885) Remain 00:07:39 loss: 0.1451 Lr: 0.00018
[2026-07-21 11:27:10,708 INFO misc.py line 117 10873] Train: [90/100][32/50] Data 0.002 (0.603) Batch 0.234 (0.862) Remain 00:07:26 loss: 0.2063 Lr: 0.00017
[2026-07-21 11:27:10,928 INFO misc.py line 117 10873] Train: [90/100][33/50] Data 0.002 (0.583) Batch 0.220 (0.841) Remain 00:07:14 loss: 0.2072 Lr: 0.00017
[2026-07-21 11:27:11,155 INFO misc.py line 117 10873] Train: [90/100][34/50] Data 0.002 (0.564) Batch 0.227 (0.821) Remain 00:07:03 loss: 0.2317 Lr: 0.00017
[2026-07-21 11:27:11,375 INFO misc.py line 117 10873] Train: [90/100][35/50] Data 0.001 (0.546) Batch 0.221 (0.802) Remain 00:06:53 loss: 0.2059 Lr: 0.00017
[2026-07-21 11:27:11,612 INFO misc.py line 117 10873] Train: [90/100][36/50] Data 0.001 (0.530) Batch 0.236 (0.785) Remain 00:06:43 loss: 0.1752 Lr: 0.00017
[2026-07-21 11:27:11,828 INFO misc.py line 117 10873] Train: [90/100][37/50] Data 0.001 (0.514) Batch 0.216 (0.768) Remain 00:06:34 loss: 0.1408 Lr: 0.00017
[2026-07-21 11:27:12,055 INFO misc.py line 117 10873] Train: [90/100][38/50] Data 0.001 (0.500) Batch 0.228 (0.753) Remain 00:06:25 loss: 0.2091 Lr: 0.00017
[2026-07-21 11:27:12,295 INFO misc.py line 117 10873] Train: [90/100][39/50] Data 0.001 (0.486) Batch 0.239 (0.739) Remain 00:06:17 loss: 0.2011 Lr: 0.00017
[2026-07-21 11:27:12,521 INFO misc.py line 117 10873] Train: [90/100][40/50] Data 0.001 (0.473) Batch 0.226 (0.725) Remain 00:06:09 loss: 0.2782 Lr: 0.00017
[2026-07-21 11:27:12,757 INFO misc.py line 117 10873] Train: [90/100][41/50] Data 0.001 (0.460) Batch 0.236 (0.712) Remain 00:06:02 loss: 0.2627 Lr: 0.00017
[2026-07-21 11:27:12,974 INFO misc.py line 117 10873] Train: [90/100][42/50] Data 0.001 (0.449) Batch 0.217 (0.699) Remain 00:05:55 loss: 0.1957 Lr: 0.00017
[2026-07-21 11:27:13,191 INFO misc.py line 117 10873] Train: [90/100][43/50] Data 0.001 (0.437) Batch 0.217 (0.687) Remain 00:05:48 loss: 0.1836 Lr: 0.00017
[2026-07-21 11:27:13,414 INFO misc.py line 117 10873] Train: [90/100][44/50] Data 0.002 (0.427) Batch 0.223 (0.676) Remain 00:05:42 loss: 0.1751 Lr: 0.00017
[2026-07-21 11:27:13,688 INFO misc.py line 117 10873] Train: [90/100][45/50] Data 0.001 (0.417) Batch 0.274 (0.666) Remain 00:05:36 loss: 0.3397 Lr: 0.00017
[2026-07-21 11:27:13,917 INFO misc.py line 117 10873] Train: [90/100][46/50] Data 0.002 (0.407) Batch 0.229 (0.656) Remain 00:05:30 loss: 0.1768 Lr: 0.00017
[2026-07-21 11:27:14,143 INFO misc.py line 117 10873] Train: [90/100][47/50] Data 0.001 (0.398) Batch 0.226 (0.646) Remain 00:05:25 loss: 0.2268 Lr: 0.00017
[2026-07-21 11:27:14,382 INFO misc.py line 117 10873] Train: [90/100][48/50] Data 0.001 (0.389) Batch 0.239 (0.637) Remain 00:05:19 loss: 0.2449 Lr: 0.00016
[2026-07-21 11:27:14,630 INFO misc.py line 117 10873] Train: [90/100][49/50] Data 0.001 (0.381) Batch 0.248 (0.629) Remain 00:05:15 loss: 0.2546 Lr: 0.00016
[2026-07-21 11:27:14,876 INFO misc.py line 117 10873] Train: [90/100][50/50] Data 0.002 (0.373) Batch 0.246 (0.621) Remain 00:05:10 loss: 0.2139 Lr: 0.00016
[2026-07-21 11:27:14,876 INFO misc.py line 147 10873] Train result: loss: 0.2096 
[2026-07-21 11:27:14,877 INFO evaluator.py line 169 10873] >>>>>>>>>>>>>>>> Start Evaluation (Segmentation) >>>>>>>>>>>>>>>>
[2026-07-21 11:27:23,770 INFO evaluator.py line 228 10873] Test: [1/1] Loss 0.3778 
[2026-07-21 11:27:24,031 INFO evaluator.py line 257 10873] Val result: mIoU/macroF1/mAcc/mPrecision/allAcc 0.7758/0.8590/0.8636/0.8559/0.9656.
[2026-07-21 11:27:24,032 INFO evaluator.py line 266 10873] Class_0-road Metrics: IoU=0.9630, accuracy=0.9788, precision=0.9835, F1=0.9811
[2026-07-21 11:27:24,032 INFO evaluator.py line 266 10873] Class_1-road_marking Metrics: IoU=0.6227, accuracy=0.7702, precision=0.7648, F1=0.7675
[2026-07-21 11:27:24,032 INFO evaluator.py line 266 10873] Class_2-natural Metrics: IoU=0.9593, accuracy=0.9768, precision=0.9816, F1=0.9792
[2026-07-21 11:27:24,032 INFO evaluator.py line 266 10873] Class_3-building Metrics: IoU=0.9070, accuracy=0.9594, precision=0.9432, F1=0.9512
[2026-07-21 11:27:24,032 INFO evaluator.py line 266 10873] Class_4-utility_line Metrics: IoU=0.7481, accuracy=0.8911, precision=0.8234, F1=0.8559
[2026-07-21 11:27:24,032 INFO evaluator.py line 266 10873] Class_5-pole Metrics: IoU=0.7781, accuracy=0.8275, precision=0.9287, F1=0.8752
[2026-07-21 11:27:24,032 INFO evaluator.py line 266 10873] Class_6-car Metrics: IoU=0.8609, accuracy=0.9423, precision=0.9087, F1=0.9252
[2026-07-21 11:27:24,032 INFO evaluator.py line 266 10873] Class_7-fence Metrics: IoU=0.3671, accuracy=0.5629, precision=0.5134, F1=0.5370
[2026-07-21 11:27:24,032 INFO evaluator.py line 321 10873] <<<<<<<<<<<<<<<<< End Evaluation <<<<<<<<<<<<<<<<<
[2026-07-21 11:27:24,033 INFO misc.py line 187 10873] Currently Best mIoU: 0.7851
[2026-07-21 11:27:24,033 INFO misc.py line 196 10873] Saving checkpoint to: exp/toronto3d/spunet-toronto3d/model/model_last.pth
[2026-07-21 11:27:55,787 INFO misc.py line 117 10873] Train: [91/100][1/50] Data 31.245 (31.245) Batch 31.490 (31.490) Remain 04:21:53 loss: 0.3220 Lr: 0.00016
[2026-07-21 11:27:56,023 INFO misc.py line 117 10873] Train: [91/100][2/50] Data 0.003 (0.003) Batch 0.236 (0.236) Remain 00:01:57 loss: 0.1554 Lr: 0.00016
[2026-07-21 11:27:56,252 INFO misc.py line 117 10873] Train: [91/100][3/50] Data 0.003 (0.003) Batch 0.228 (0.228) Remain 00:01:53 loss: 0.1637 Lr: 0.00016
[2026-07-21 11:27:56,492 INFO misc.py line 117 10873] Train: [91/100][4/50] Data 0.003 (0.003) Batch 0.240 (0.240) Remain 00:01:59 loss: 0.2010 Lr: 0.00016
[2026-07-21 11:27:56,725 INFO misc.py line 117 10873] Train: [91/100][5/50] Data 0.002 (0.003) Batch 0.234 (0.237) Remain 00:01:57 loss: 0.1580 Lr: 0.00016
[2026-07-21 11:27:56,977 INFO misc.py line 117 10873] Train: [91/100][6/50] Data 0.003 (0.003) Batch 0.252 (0.242) Remain 00:01:59 loss: 0.1924 Lr: 0.00016
[2026-07-21 11:27:57,303 INFO misc.py line 117 10873] Train: [91/100][7/50] Data 0.014 (0.005) Batch 0.326 (0.263) Remain 00:02:09 loss: 0.1836 Lr: 0.00016
[2026-07-21 11:27:57,584 INFO misc.py line 117 10873] Train: [91/100][8/50] Data 0.004 (0.005) Batch 0.281 (0.266) Remain 00:02:11 loss: 0.2247 Lr: 0.00016
[2026-07-21 11:27:57,838 INFO misc.py line 117 10873] Train: [91/100][9/50] Data 0.003 (0.005) Batch 0.254 (0.264) Remain 00:02:09 loss: 0.1857 Lr: 0.00016
[2026-07-21 11:27:58,082 INFO misc.py line 117 10873] Train: [91/100][10/50] Data 0.003 (0.005) Batch 0.244 (0.261) Remain 00:02:08 loss: 0.1485 Lr: 0.00016
[2026-07-21 11:27:58,316 INFO misc.py line 117 10873] Train: [91/100][11/50] Data 0.003 (0.004) Batch 0.235 (0.258) Remain 00:02:06 loss: 0.1889 Lr: 0.00016
[2026-07-21 11:27:58,570 INFO misc.py line 117 10873] Train: [91/100][12/50] Data 0.003 (0.004) Batch 0.254 (0.258) Remain 00:02:05 loss: 0.1828 Lr: 0.00016
[2026-07-21 11:27:58,802 INFO misc.py line 117 10873] Train: [91/100][13/50] Data 0.003 (0.004) Batch 0.232 (0.255) Remain 00:02:04 loss: 0.1564 Lr: 0.00015
[2026-07-21 11:27:59,022 INFO misc.py line 117 10873] Train: [91/100][14/50] Data 0.003 (0.004) Batch 0.221 (0.252) Remain 00:02:02 loss: 0.2015 Lr: 0.00015
[2026-07-21 11:27:59,284 INFO misc.py line 117 10873] Train: [91/100][15/50] Data 0.002 (0.004) Batch 0.262 (0.253) Remain 00:02:02 loss: 0.2689 Lr: 0.00015
[2026-07-21 11:27:59,519 INFO misc.py line 117 10873] Train: [91/100][16/50] Data 0.003 (0.004) Batch 0.235 (0.251) Remain 00:02:01 loss: 0.1909 Lr: 0.00015
[2026-07-21 11:27:59,765 INFO misc.py line 117 10873] Train: [91/100][17/50] Data 0.002 (0.004) Batch 0.245 (0.251) Remain 00:02:01 loss: 0.1837 Lr: 0.00015
[2026-07-21 11:28:00,049 INFO misc.py line 117 10873] Train: [91/100][18/50] Data 0.003 (0.004) Batch 0.284 (0.253) Remain 00:02:02 loss: 0.1646 Lr: 0.00015
[2026-07-21 11:28:00,296 INFO misc.py line 117 10873] Train: [91/100][19/50] Data 0.002 (0.003) Batch 0.247 (0.253) Remain 00:02:01 loss: 0.1793 Lr: 0.00015
[2026-07-21 11:28:00,537 INFO misc.py line 117 10873] Train: [91/100][20/50] Data 0.002 (0.003) Batch 0.240 (0.252) Remain 00:02:00 loss: 0.1378 Lr: 0.00015
[2026-07-21 11:28:00,835 INFO misc.py line 117 10873] Train: [91/100][21/50] Data 0.005 (0.004) Batch 0.299 (0.255) Remain 00:02:01 loss: 0.2146 Lr: 0.00015
[2026-07-21 11:28:01,125 INFO misc.py line 117 10873] Train: [91/100][22/50] Data 0.014 (0.004) Batch 0.289 (0.256) Remain 00:02:02 loss: 0.2150 Lr: 0.00015
[2026-07-21 11:28:01,357 INFO misc.py line 117 10873] Train: [91/100][23/50] Data 0.003 (0.004) Batch 0.233 (0.255) Remain 00:02:01 loss: 0.1536 Lr: 0.00015
[2026-07-21 11:28:01,606 INFO misc.py line 117 10873] Train: [91/100][24/50] Data 0.002 (0.004) Batch 0.249 (0.255) Remain 00:02:01 loss: 0.1791 Lr: 0.00015
[2026-07-21 11:28:01,853 INFO misc.py line 117 10873] Train: [91/100][25/50] Data 0.003 (0.004) Batch 0.247 (0.255) Remain 00:02:00 loss: 0.1852 Lr: 0.00015
[2026-07-21 11:28:02,100 INFO misc.py line 117 10873] Train: [91/100][26/50] Data 0.003 (0.004) Batch 0.247 (0.254) Remain 00:02:00 loss: 0.1857 Lr: 0.00015
[2026-07-21 11:28:02,404 INFO misc.py line 117 10873] Train: [91/100][27/50] Data 0.002 (0.004) Batch 0.305 (0.256) Remain 00:02:01 loss: 0.2304 Lr: 0.00015
[2026-07-21 11:28:02,659 INFO misc.py line 117 10873] Train: [91/100][28/50] Data 0.003 (0.004) Batch 0.254 (0.256) Remain 00:02:00 loss: 0.1861 Lr: 0.00015
[2026-07-21 11:28:16,883 INFO misc.py line 117 10873] Train: [91/100][29/50] Data 13.951 (0.540) Batch 14.224 (0.794) Remain 00:06:13 loss: 0.2483 Lr: 0.00014
[2026-07-21 11:28:17,112 INFO misc.py line 117 10873] Train: [91/100][30/50] Data 0.002 (0.520) Batch 0.230 (0.773) Remain 00:06:03 loss: 0.1952 Lr: 0.00014
[2026-07-21 11:28:21,817 INFO misc.py line 117 10873] Train: [91/100][31/50] Data 4.485 (0.662) Batch 4.705 (0.913) Remain 00:07:08 loss: 0.1743 Lr: 0.00014
[2026-07-21 11:28:22,051 INFO misc.py line 117 10873] Train: [91/100][32/50] Data 0.002 (0.639) Batch 0.234 (0.890) Remain 00:06:56 loss: 0.1668 Lr: 0.00014
[2026-07-21 11:28:22,286 INFO misc.py line 117 10873] Train: [91/100][33/50] Data 0.001 (0.618) Batch 0.235 (0.868) Remain 00:06:45 loss: 0.1696 Lr: 0.00014
[2026-07-21 11:28:22,503 INFO misc.py line 117 10873] Train: [91/100][34/50] Data 0.001 (0.598) Batch 0.217 (0.847) Remain 00:06:34 loss: 0.2122 Lr: 0.00014
[2026-07-21 11:28:22,735 INFO misc.py line 117 10873] Train: [91/100][35/50] Data 0.001 (0.579) Batch 0.232 (0.828) Remain 00:06:24 loss: 0.1720 Lr: 0.00014
[2026-07-21 11:28:22,954 INFO misc.py line 117 10873] Train: [91/100][36/50] Data 0.001 (0.562) Batch 0.219 (0.809) Remain 00:06:15 loss: 0.1654 Lr: 0.00014
[2026-07-21 11:28:23,175 INFO misc.py line 117 10873] Train: [91/100][37/50] Data 0.001 (0.545) Batch 0.221 (0.792) Remain 00:06:06 loss: 0.1468 Lr: 0.00014
[2026-07-21 11:28:23,412 INFO misc.py line 117 10873] Train: [91/100][38/50] Data 0.001 (0.530) Batch 0.237 (0.776) Remain 00:05:58 loss: 0.1711 Lr: 0.00014
[2026-07-21 11:28:23,632 INFO misc.py line 117 10873] Train: [91/100][39/50] Data 0.001 (0.515) Batch 0.219 (0.761) Remain 00:05:50 loss: 0.2026 Lr: 0.00014
[2026-07-21 11:28:23,852 INFO misc.py line 117 10873] Train: [91/100][40/50] Data 0.001 (0.501) Batch 0.220 (0.746) Remain 00:05:43 loss: 0.2911 Lr: 0.00014
[2026-07-21 11:28:24,084 INFO misc.py line 117 10873] Train: [91/100][41/50] Data 0.001 (0.488) Batch 0.232 (0.732) Remain 00:05:36 loss: 0.1709 Lr: 0.00014
[2026-07-21 11:28:24,314 INFO misc.py line 117 10873] Train: [91/100][42/50] Data 0.001 (0.476) Batch 0.229 (0.720) Remain 00:05:29 loss: 0.2791 Lr: 0.00014
[2026-07-21 11:28:24,554 INFO misc.py line 117 10873] Train: [91/100][43/50] Data 0.001 (0.464) Batch 0.240 (0.708) Remain 00:05:23 loss: 0.2831 Lr: 0.00014
[2026-07-21 11:28:24,778 INFO misc.py line 117 10873] Train: [91/100][44/50] Data 0.001 (0.452) Batch 0.224 (0.696) Remain 00:05:17 loss: 0.1562 Lr: 0.00014
[2026-07-21 11:28:25,022 INFO misc.py line 117 10873] Train: [91/100][45/50] Data 0.001 (0.442) Batch 0.244 (0.685) Remain 00:05:11 loss: 0.2113 Lr: 0.00014
[2026-07-21 11:28:25,247 INFO misc.py line 117 10873] Train: [91/100][46/50] Data 0.001 (0.431) Batch 0.225 (0.674) Remain 00:05:06 loss: 0.3225 Lr: 0.00013
[2026-07-21 11:28:25,475 INFO misc.py line 117 10873] Train: [91/100][47/50] Data 0.001 (0.422) Batch 0.228 (0.664) Remain 00:05:00 loss: 0.2212 Lr: 0.00013
[2026-07-21 11:28:25,714 INFO misc.py line 117 10873] Train: [91/100][48/50] Data 0.001 (0.412) Batch 0.239 (0.655) Remain 00:04:55 loss: 0.1671 Lr: 0.00013
[2026-07-21 11:28:25,924 INFO misc.py line 117 10873] Train: [91/100][49/50] Data 0.001 (0.403) Batch 0.210 (0.645) Remain 00:04:50 loss: 0.1493 Lr: 0.00013
[2026-07-21 11:28:26,158 INFO misc.py line 117 10873] Train: [91/100][50/50] Data 0.001 (0.395) Batch 0.234 (0.636) Remain 00:04:46 loss: 0.2490 Lr: 0.00013
[2026-07-21 11:28:26,158 INFO misc.py line 147 10873] Train result: loss: 0.1973 
[2026-07-21 11:28:26,158 INFO evaluator.py line 169 10873] >>>>>>>>>>>>>>>> Start Evaluation (Segmentation) >>>>>>>>>>>>>>>>
[2026-07-21 11:28:35,060 INFO evaluator.py line 228 10873] Test: [1/1] Loss 0.3756 
[2026-07-21 11:28:35,317 INFO evaluator.py line 257 10873] Val result: mIoU/macroF1/mAcc/mPrecision/allAcc 0.7760/0.8586/0.8646/0.8542/0.9655.
[2026-07-21 11:28:35,317 INFO evaluator.py line 266 10873] Class_0-road Metrics: IoU=0.9617, accuracy=0.9769, precision=0.9840, F1=0.9805
[2026-07-21 11:28:35,317 INFO evaluator.py line 266 10873] Class_1-road_marking Metrics: IoU=0.6117, accuracy=0.7650, precision=0.7532, F1=0.7591
[2026-07-21 11:28:35,317 INFO evaluator.py line 266 10873] Class_2-natural Metrics: IoU=0.9597, accuracy=0.9785, precision=0.9803, F1=0.9794
[2026-07-21 11:28:35,318 INFO evaluator.py line 266 10873] Class_3-building Metrics: IoU=0.9085, accuracy=0.9585, precision=0.9456, F1=0.9520
[2026-07-21 11:28:35,318 INFO evaluator.py line 266 10873] Class_4-utility_line Metrics: IoU=0.7613, accuracy=0.8953, precision=0.8357, F1=0.8645
[2026-07-21 11:28:35,318 INFO evaluator.py line 266 10873] Class_5-pole Metrics: IoU=0.7803, accuracy=0.8323, precision=0.9259, F1=0.8766
[2026-07-21 11:28:35,318 INFO evaluator.py line 266 10873] Class_6-car Metrics: IoU=0.8646, accuracy=0.9464, precision=0.9092, F1=0.9274
[2026-07-21 11:28:35,318 INFO evaluator.py line 266 10873] Class_7-fence Metrics: IoU=0.3601, accuracy=0.5637, precision=0.4994, F1=0.5296
[2026-07-21 11:28:35,318 INFO evaluator.py line 321 10873] <<<<<<<<<<<<<<<<< End Evaluation <<<<<<<<<<<<<<<<<
[2026-07-21 11:28:35,320 INFO misc.py line 187 10873] Currently Best mIoU: 0.7851
[2026-07-21 11:28:35,320 INFO misc.py line 196 10873] Saving checkpoint to: exp/toronto3d/spunet-toronto3d/model/model_last.pth
[2026-07-21 11:29:06,344 INFO misc.py line 117 10873] Train: [92/100][1/50] Data 30.468 (30.468) Batch 30.757 (30.757) Remain 03:50:09 loss: 0.1462 Lr: 0.00013
[2026-07-21 11:29:06,602 INFO misc.py line 117 10873] Train: [92/100][2/50] Data 0.002 (0.002) Batch 0.258 (0.258) Remain 00:01:55 loss: 0.2218 Lr: 0.00013
[2026-07-21 11:29:06,862 INFO misc.py line 117 10873] Train: [92/100][3/50] Data 0.003 (0.003) Batch 0.258 (0.258) Remain 00:01:55 loss: 0.1624 Lr: 0.00013
[2026-07-21 11:29:07,127 INFO misc.py line 117 10873] Train: [92/100][4/50] Data 0.006 (0.006) Batch 0.266 (0.266) Remain 00:01:58 loss: 0.1901 Lr: 0.00013
[2026-07-21 11:29:07,875 INFO misc.py line 117 10873] Train: [92/100][5/50] Data 0.496 (0.251) Batch 0.748 (0.507) Remain 00:03:45 loss: 0.2014 Lr: 0.00013
[2026-07-21 11:29:08,128 INFO misc.py line 117 10873] Train: [92/100][6/50] Data 0.003 (0.168) Batch 0.243 (0.419) Remain 00:03:06 loss: 0.2265 Lr: 0.00013
[2026-07-21 11:29:08,398 INFO misc.py line 117 10873] Train: [92/100][7/50] Data 0.012 (0.129) Batch 0.280 (0.384) Remain 00:02:50 loss: 0.2082 Lr: 0.00013
[2026-07-21 11:29:08,709 INFO misc.py line 117 10873] Train: [92/100][8/50] Data 0.006 (0.105) Batch 0.311 (0.370) Remain 00:02:43 loss: 0.3180 Lr: 0.00013
[2026-07-21 11:29:08,966 INFO misc.py line 117 10873] Train: [92/100][9/50] Data 0.003 (0.088) Batch 0.257 (0.351) Remain 00:02:34 loss: 0.1788 Lr: 0.00013
[2026-07-21 11:29:09,201 INFO misc.py line 117 10873] Train: [92/100][10/50] Data 0.002 (0.076) Batch 0.235 (0.334) Remain 00:02:27 loss: 0.1872 Lr: 0.00013
[2026-07-21 11:29:09,470 INFO misc.py line 117 10873] Train: [92/100][11/50] Data 0.002 (0.066) Batch 0.268 (0.326) Remain 00:02:23 loss: 0.2675 Lr: 0.00013
[2026-07-21 11:29:09,717 INFO misc.py line 117 10873] Train: [92/100][12/50] Data 0.003 (0.059) Batch 0.247 (0.317) Remain 00:02:19 loss: 0.1924 Lr: 0.00013
[2026-07-21 11:29:10,032 INFO misc.py line 117 10873] Train: [92/100][13/50] Data 0.013 (0.055) Batch 0.311 (0.317) Remain 00:02:18 loss: 0.2237 Lr: 0.00013
[2026-07-21 11:29:10,305 INFO misc.py line 117 10873] Train: [92/100][14/50] Data 0.007 (0.050) Batch 0.277 (0.313) Remain 00:02:16 loss: 0.1973 Lr: 0.00012
[2026-07-21 11:29:10,560 INFO misc.py line 117 10873] Train: [92/100][15/50] Data 0.003 (0.046) Batch 0.255 (0.308) Remain 00:02:14 loss: 0.2113 Lr: 0.00012
[2026-07-21 11:29:10,796 INFO misc.py line 117 10873] Train: [92/100][16/50] Data 0.004 (0.043) Batch 0.237 (0.303) Remain 00:02:11 loss: 0.2045 Lr: 0.00012
[2026-07-21 11:29:11,051 INFO misc.py line 117 10873] Train: [92/100][17/50] Data 0.004 (0.040) Batch 0.255 (0.299) Remain 00:02:09 loss: 0.2157 Lr: 0.00012
[2026-07-21 11:29:11,310 INFO misc.py line 117 10873] Train: [92/100][18/50] Data 0.003 (0.038) Batch 0.259 (0.297) Remain 00:02:08 loss: 0.2287 Lr: 0.00012
[2026-07-21 11:29:11,561 INFO misc.py line 117 10873] Train: [92/100][19/50] Data 0.002 (0.036) Batch 0.251 (0.294) Remain 00:02:06 loss: 0.2129 Lr: 0.00012
[2026-07-21 11:29:11,812 INFO misc.py line 117 10873] Train: [92/100][20/50] Data 0.003 (0.034) Batch 0.252 (0.291) Remain 00:02:05 loss: 0.1547 Lr: 0.00012
[2026-07-21 11:29:12,038 INFO misc.py line 117 10873] Train: [92/100][21/50] Data 0.002 (0.032) Batch 0.225 (0.288) Remain 00:02:03 loss: 0.1453 Lr: 0.00012
[2026-07-21 11:29:12,288 INFO misc.py line 117 10873] Train: [92/100][22/50] Data 0.002 (0.030) Batch 0.250 (0.286) Remain 00:02:02 loss: 0.1508 Lr: 0.00012
[2026-07-21 11:29:12,517 INFO misc.py line 117 10873] Train: [92/100][23/50] Data 0.002 (0.029) Batch 0.229 (0.283) Remain 00:02:00 loss: 0.1714 Lr: 0.00012
[2026-07-21 11:29:12,759 INFO misc.py line 117 10873] Train: [92/100][24/50] Data 0.002 (0.028) Batch 0.242 (0.281) Remain 00:01:59 loss: 0.2192 Lr: 0.00012
[2026-07-21 11:29:12,991 INFO misc.py line 117 10873] Train: [92/100][25/50] Data 0.002 (0.027) Batch 0.231 (0.279) Remain 00:01:58 loss: 0.1453 Lr: 0.00012
[2026-07-21 11:29:13,248 INFO misc.py line 117 10873] Train: [92/100][26/50] Data 0.003 (0.025) Batch 0.258 (0.278) Remain 00:01:57 loss: 0.2192 Lr: 0.00012
[2026-07-21 11:29:13,507 INFO misc.py line 117 10873] Train: [92/100][27/50] Data 0.002 (0.025) Batch 0.259 (0.277) Remain 00:01:57 loss: 0.2073 Lr: 0.00012
[2026-07-21 11:29:13,763 INFO misc.py line 117 10873] Train: [92/100][28/50] Data 0.018 (0.024) Batch 0.256 (0.276) Remain 00:01:56 loss: 0.2095 Lr: 0.00012
[2026-07-21 11:29:29,897 INFO misc.py line 117 10873] Train: [92/100][29/50] Data 15.878 (0.634) Batch 16.133 (0.886) Remain 00:06:13 loss: 0.2640 Lr: 0.00012
[2026-07-21 11:29:30,112 INFO misc.py line 117 10873] Train: [92/100][30/50] Data 0.003 (0.611) Batch 0.215 (0.861) Remain 00:06:01 loss: 0.2194 Lr: 0.00012
[2026-07-21 11:29:30,336 INFO misc.py line 117 10873] Train: [92/100][31/50] Data 0.002 (0.589) Batch 0.224 (0.838) Remain 00:05:51 loss: 0.1701 Lr: 0.00012
[2026-07-21 11:29:30,561 INFO misc.py line 117 10873] Train: [92/100][32/50] Data 0.002 (0.569) Batch 0.225 (0.817) Remain 00:05:41 loss: 0.1453 Lr: 0.00011
[2026-07-21 11:29:31,429 INFO misc.py line 117 10873] Train: [92/100][33/50] Data 0.644 (0.571) Batch 0.868 (0.819) Remain 00:05:41 loss: 0.1827 Lr: 0.00011
[2026-07-21 11:29:31,669 INFO misc.py line 117 10873] Train: [92/100][34/50] Data 0.002 (0.553) Batch 0.240 (0.800) Remain 00:05:32 loss: 0.1772 Lr: 0.00011
[2026-07-21 11:29:31,930 INFO misc.py line 117 10873] Train: [92/100][35/50] Data 0.001 (0.536) Batch 0.261 (0.783) Remain 00:05:25 loss: 0.2782 Lr: 0.00011
[2026-07-21 11:29:32,166 INFO misc.py line 117 10873] Train: [92/100][36/50] Data 0.001 (0.519) Batch 0.236 (0.767) Remain 00:05:17 loss: 0.1977 Lr: 0.00011
[2026-07-21 11:29:32,398 INFO misc.py line 117 10873] Train: [92/100][37/50] Data 0.001 (0.504) Batch 0.232 (0.751) Remain 00:05:10 loss: 0.2122 Lr: 0.00011
[2026-07-21 11:29:32,631 INFO misc.py line 117 10873] Train: [92/100][38/50] Data 0.001 (0.490) Batch 0.233 (0.736) Remain 00:05:03 loss: 0.1699 Lr: 0.00011
[2026-07-21 11:29:32,850 INFO misc.py line 117 10873] Train: [92/100][39/50] Data 0.001 (0.476) Batch 0.219 (0.722) Remain 00:04:56 loss: 0.1831 Lr: 0.00011
[2026-07-21 11:29:33,084 INFO misc.py line 117 10873] Train: [92/100][40/50] Data 0.001 (0.463) Batch 0.234 (0.709) Remain 00:04:50 loss: 0.3020 Lr: 0.00011
[2026-07-21 11:29:33,313 INFO misc.py line 117 10873] Train: [92/100][41/50] Data 0.001 (0.451) Batch 0.229 (0.696) Remain 00:04:44 loss: 0.2488 Lr: 0.00011
[2026-07-21 11:29:33,535 INFO misc.py line 117 10873] Train: [92/100][42/50] Data 0.001 (0.440) Batch 0.222 (0.684) Remain 00:04:39 loss: 0.1675 Lr: 0.00011
[2026-07-21 11:29:33,765 INFO misc.py line 117 10873] Train: [92/100][43/50] Data 0.001 (0.429) Batch 0.230 (0.673) Remain 00:04:33 loss: 0.2477 Lr: 0.00011
[2026-07-21 11:29:33,985 INFO misc.py line 117 10873] Train: [92/100][44/50] Data 0.002 (0.418) Batch 0.220 (0.662) Remain 00:04:28 loss: 0.2841 Lr: 0.00011
[2026-07-21 11:29:34,228 INFO misc.py line 117 10873] Train: [92/100][45/50] Data 0.002 (0.408) Batch 0.243 (0.652) Remain 00:04:23 loss: 0.1718 Lr: 0.00011
[2026-07-21 11:29:34,453 INFO misc.py line 117 10873] Train: [92/100][46/50] Data 0.001 (0.399) Batch 0.225 (0.642) Remain 00:04:19 loss: 0.2109 Lr: 0.00011
[2026-07-21 11:29:34,677 INFO misc.py line 117 10873] Train: [92/100][47/50] Data 0.001 (0.390) Batch 0.224 (0.632) Remain 00:04:14 loss: 0.1623 Lr: 0.00011
[2026-07-21 11:29:34,905 INFO misc.py line 117 10873] Train: [92/100][48/50] Data 0.001 (0.381) Batch 0.228 (0.623) Remain 00:04:10 loss: 0.2062 Lr: 0.00011
[2026-07-21 11:29:35,133 INFO misc.py line 117 10873] Train: [92/100][49/50] Data 0.002 (0.373) Batch 0.228 (0.615) Remain 00:04:06 loss: 0.2756 Lr: 0.00011
[2026-07-21 11:29:35,383 INFO misc.py line 117 10873] Train: [92/100][50/50] Data 0.001 (0.365) Batch 0.250 (0.607) Remain 00:04:02 loss: 0.1734 Lr: 0.00010
[2026-07-21 11:29:35,383 INFO misc.py line 147 10873] Train result: loss: 0.2054 
[2026-07-21 11:29:35,383 INFO evaluator.py line 169 10873] >>>>>>>>>>>>>>>> Start Evaluation (Segmentation) >>>>>>>>>>>>>>>>
[2026-07-21 11:29:44,304 INFO evaluator.py line 228 10873] Test: [1/1] Loss 0.3714 
[2026-07-21 11:29:44,547 INFO evaluator.py line 257 10873] Val result: mIoU/macroF1/mAcc/mPrecision/allAcc 0.7789/0.8598/0.8628/0.8577/0.9659.
[2026-07-21 11:29:44,547 INFO evaluator.py line 266 10873] Class_0-road Metrics: IoU=0.9610, accuracy=0.9764, precision=0.9838, F1=0.9801
[2026-07-21 11:29:44,547 INFO evaluator.py line 266 10873] Class_1-road_marking Metrics: IoU=0.6044, accuracy=0.7513, precision=0.7555, F1=0.7534
[2026-07-21 11:29:44,547 INFO evaluator.py line 266 10873] Class_2-natural Metrics: IoU=0.9616, accuracy=0.9786, precision=0.9822, F1=0.9804
[2026-07-21 11:29:44,547 INFO evaluator.py line 266 10873] Class_3-building Metrics: IoU=0.9071, accuracy=0.9634, precision=0.9396, F1=0.9513
[2026-07-21 11:29:44,547 INFO evaluator.py line 266 10873] Class_4-utility_line Metrics: IoU=0.7870, accuracy=0.8973, precision=0.8650, F1=0.8808
[2026-07-21 11:29:44,547 INFO evaluator.py line 266 10873] Class_5-pole Metrics: IoU=0.7890, accuracy=0.8429, precision=0.9250, F1=0.8821
[2026-07-21 11:29:44,547 INFO evaluator.py line 266 10873] Class_6-car Metrics: IoU=0.8692, accuracy=0.9455, precision=0.9150, F1=0.9300
[2026-07-21 11:29:44,548 INFO evaluator.py line 266 10873] Class_7-fence Metrics: IoU=0.3514, accuracy=0.5472, precision=0.4956, F1=0.5201
[2026-07-21 11:29:44,548 INFO evaluator.py line 321 10873] <<<<<<<<<<<<<<<<< End Evaluation <<<<<<<<<<<<<<<<<
[2026-07-21 11:29:44,549 INFO misc.py line 187 10873] Currently Best mIoU: 0.7851
[2026-07-21 11:29:44,549 INFO misc.py line 196 10873] Saving checkpoint to: exp/toronto3d/spunet-toronto3d/model/model_last.pth
[2026-07-21 11:30:09,209 INFO misc.py line 117 10873] Train: [93/100][1/50] Data 24.099 (24.099) Batch 24.394 (24.394) Remain 02:42:13 loss: 0.2005 Lr: 0.00010
[2026-07-21 11:30:12,039 INFO misc.py line 117 10873] Train: [93/100][2/50] Data 2.563 (2.563) Batch 2.831 (2.831) Remain 00:18:46 loss: 0.2177 Lr: 0.00010
[2026-07-21 11:30:15,279 INFO misc.py line 117 10873] Train: [93/100][3/50] Data 2.992 (2.992) Batch 3.240 (3.240) Remain 00:21:26 loss: 0.1764 Lr: 0.00010
[2026-07-21 11:30:15,519 INFO misc.py line 117 10873] Train: [93/100][4/50] Data 0.003 (0.003) Batch 0.241 (0.241) Remain 00:01:35 loss: 0.2019 Lr: 0.00010
[2026-07-21 11:30:15,756 INFO misc.py line 117 10873] Train: [93/100][5/50] Data 0.002 (0.003) Batch 0.237 (0.239) Remain 00:01:34 loss: 0.1736 Lr: 0.00010
[2026-07-21 11:30:16,091 INFO misc.py line 117 10873] Train: [93/100][6/50] Data 0.058 (0.021) Batch 0.332 (0.270) Remain 00:01:46 loss: 0.1572 Lr: 0.00010
[2026-07-21 11:30:16,396 INFO misc.py line 117 10873] Train: [93/100][7/50] Data 0.005 (0.017) Batch 0.308 (0.279) Remain 00:01:49 loss: 0.2207 Lr: 0.00010
[2026-07-21 11:30:16,670 INFO misc.py line 117 10873] Train: [93/100][8/50] Data 0.003 (0.014) Batch 0.273 (0.278) Remain 00:01:49 loss: 0.1586 Lr: 0.00010
[2026-07-21 11:30:16,921 INFO misc.py line 117 10873] Train: [93/100][9/50] Data 0.002 (0.012) Batch 0.249 (0.273) Remain 00:01:46 loss: 0.1840 Lr: 0.00010
[2026-07-21 11:30:17,190 INFO misc.py line 117 10873] Train: [93/100][10/50] Data 0.004 (0.011) Batch 0.271 (0.273) Remain 00:01:46 loss: 0.2249 Lr: 0.00010
[2026-07-21 11:30:17,426 INFO misc.py line 117 10873] Train: [93/100][11/50] Data 0.003 (0.010) Batch 0.235 (0.268) Remain 00:01:44 loss: 0.1320 Lr: 0.00010
[2026-07-21 11:30:17,693 INFO misc.py line 117 10873] Train: [93/100][12/50] Data 0.003 (0.009) Batch 0.263 (0.268) Remain 00:01:43 loss: 0.2309 Lr: 0.00010
[2026-07-21 11:30:17,954 INFO misc.py line 117 10873] Train: [93/100][13/50] Data 0.018 (0.010) Batch 0.267 (0.268) Remain 00:01:43 loss: 0.1899 Lr: 0.00010
[2026-07-21 11:30:18,202 INFO misc.py line 117 10873] Train: [93/100][14/50] Data 0.002 (0.009) Batch 0.246 (0.266) Remain 00:01:42 loss: 0.2068 Lr: 0.00010
[2026-07-21 11:30:18,480 INFO misc.py line 117 10873] Train: [93/100][15/50] Data 0.005 (0.009) Batch 0.280 (0.267) Remain 00:01:42 loss: 0.2049 Lr: 0.00010
[2026-07-21 11:30:18,730 INFO misc.py line 117 10873] Train: [93/100][16/50] Data 0.003 (0.009) Batch 0.250 (0.265) Remain 00:01:41 loss: 0.1791 Lr: 0.00010
[2026-07-21 11:30:18,996 INFO misc.py line 117 10873] Train: [93/100][17/50] Data 0.004 (0.008) Batch 0.266 (0.266) Remain 00:01:41 loss: 0.1734 Lr: 0.00010
[2026-07-21 11:30:19,246 INFO misc.py line 117 10873] Train: [93/100][18/50] Data 0.004 (0.008) Batch 0.251 (0.265) Remain 00:01:41 loss: 0.2009 Lr: 0.00010
[2026-07-21 11:30:19,492 INFO misc.py line 117 10873] Train: [93/100][19/50] Data 0.002 (0.008) Batch 0.244 (0.263) Remain 00:01:40 loss: 0.2170 Lr: 0.00010
[2026-07-21 11:30:19,762 INFO misc.py line 117 10873] Train: [93/100][20/50] Data 0.005 (0.007) Batch 0.272 (0.264) Remain 00:01:40 loss: 0.1661 Lr: 0.00009
[2026-07-21 11:30:20,031 INFO misc.py line 117 10873] Train: [93/100][21/50] Data 0.002 (0.007) Batch 0.268 (0.264) Remain 00:01:40 loss: 0.2855 Lr: 0.00009
[2026-07-21 11:30:20,293 INFO misc.py line 117 10873] Train: [93/100][22/50] Data 0.003 (0.007) Batch 0.262 (0.264) Remain 00:01:39 loss: 0.1955 Lr: 0.00009
[2026-07-21 11:30:20,523 INFO misc.py line 117 10873] Train: [93/100][23/50] Data 0.002 (0.007) Batch 0.230 (0.262) Remain 00:01:38 loss: 0.1563 Lr: 0.00009
[2026-07-21 11:30:20,764 INFO misc.py line 117 10873] Train: [93/100][24/50] Data 0.002 (0.006) Batch 0.242 (0.261) Remain 00:01:38 loss: 0.2797 Lr: 0.00009
[2026-07-21 11:30:21,007 INFO misc.py line 117 10873] Train: [93/100][25/50] Data 0.002 (0.006) Batch 0.243 (0.260) Remain 00:01:37 loss: 0.1557 Lr: 0.00009
[2026-07-21 11:30:21,300 INFO misc.py line 117 10873] Train: [93/100][26/50] Data 0.012 (0.007) Batch 0.292 (0.262) Remain 00:01:37 loss: 0.1875 Lr: 0.00009
[2026-07-21 11:30:21,609 INFO misc.py line 117 10873] Train: [93/100][27/50] Data 0.003 (0.006) Batch 0.310 (0.264) Remain 00:01:38 loss: 0.1530 Lr: 0.00009
[2026-07-21 11:30:21,854 INFO misc.py line 117 10873] Train: [93/100][28/50] Data 0.002 (0.006) Batch 0.244 (0.263) Remain 00:01:37 loss: 0.1881 Lr: 0.00009
[2026-07-21 11:30:36,494 INFO misc.py line 117 10873] Train: [93/100][29/50] Data 14.356 (0.558) Batch 14.640 (0.816) Remain 00:05:02 loss: 0.1645 Lr: 0.00009
[2026-07-21 11:30:37,300 INFO misc.py line 117 10873] Train: [93/100][30/50] Data 0.567 (0.558) Batch 0.806 (0.816) Remain 00:05:01 loss: 0.1323 Lr: 0.00009
[2026-07-21 11:30:39,784 INFO misc.py line 117 10873] Train: [93/100][31/50] Data 2.251 (0.619) Batch 2.484 (0.875) Remain 00:05:22 loss: 0.1858 Lr: 0.00009
[2026-07-21 11:30:40,022 INFO misc.py line 117 10873] Train: [93/100][32/50] Data 0.002 (0.598) Batch 0.238 (0.853) Remain 00:05:13 loss: 0.2093 Lr: 0.00009
[2026-07-21 11:30:40,237 INFO misc.py line 117 10873] Train: [93/100][33/50] Data 0.002 (0.578) Batch 0.216 (0.832) Remain 00:05:05 loss: 0.1715 Lr: 0.00009
[2026-07-21 11:30:41,658 INFO misc.py line 117 10873] Train: [93/100][34/50] Data 1.202 (0.598) Batch 1.421 (0.851) Remain 00:05:11 loss: 0.1660 Lr: 0.00009
[2026-07-21 11:30:41,892 INFO misc.py line 117 10873] Train: [93/100][35/50] Data 0.001 (0.579) Batch 0.235 (0.832) Remain 00:05:03 loss: 0.2283 Lr: 0.00009
[2026-07-21 11:30:42,123 INFO misc.py line 117 10873] Train: [93/100][36/50] Data 0.001 (0.562) Batch 0.231 (0.814) Remain 00:04:56 loss: 0.1716 Lr: 0.00009
[2026-07-21 11:30:42,348 INFO misc.py line 117 10873] Train: [93/100][37/50] Data 0.001 (0.545) Batch 0.224 (0.796) Remain 00:04:49 loss: 0.2874 Lr: 0.00009
[2026-07-21 11:30:42,579 INFO misc.py line 117 10873] Train: [93/100][38/50] Data 0.001 (0.530) Batch 0.232 (0.780) Remain 00:04:42 loss: 0.2130 Lr: 0.00009
[2026-07-21 11:30:42,822 INFO misc.py line 117 10873] Train: [93/100][39/50] Data 0.001 (0.515) Batch 0.243 (0.765) Remain 00:04:36 loss: 0.2231 Lr: 0.00009
[2026-07-21 11:30:43,052 INFO misc.py line 117 10873] Train: [93/100][40/50] Data 0.001 (0.501) Batch 0.230 (0.751) Remain 00:04:30 loss: 0.1623 Lr: 0.00009
[2026-07-21 11:30:43,302 INFO misc.py line 117 10873] Train: [93/100][41/50] Data 0.001 (0.488) Batch 0.250 (0.737) Remain 00:04:24 loss: 0.2273 Lr: 0.00008
[2026-07-21 11:30:43,530 INFO misc.py line 117 10873] Train: [93/100][42/50] Data 0.001 (0.475) Batch 0.228 (0.724) Remain 00:04:19 loss: 0.1536 Lr: 0.00008
[2026-07-21 11:30:43,754 INFO misc.py line 117 10873] Train: [93/100][43/50] Data 0.001 (0.464) Batch 0.224 (0.712) Remain 00:04:14 loss: 0.1939 Lr: 0.00008
[2026-07-21 11:30:43,995 INFO misc.py line 117 10873] Train: [93/100][44/50] Data 0.001 (0.452) Batch 0.240 (0.700) Remain 00:04:09 loss: 0.2070 Lr: 0.00008
[2026-07-21 11:30:44,227 INFO misc.py line 117 10873] Train: [93/100][45/50] Data 0.001 (0.442) Batch 0.232 (0.689) Remain 00:04:04 loss: 0.1900 Lr: 0.00008
[2026-07-21 11:30:44,457 INFO misc.py line 117 10873] Train: [93/100][46/50] Data 0.001 (0.431) Batch 0.230 (0.679) Remain 00:04:00 loss: 0.2228 Lr: 0.00008
[2026-07-21 11:30:44,673 INFO misc.py line 117 10873] Train: [93/100][47/50] Data 0.001 (0.422) Batch 0.216 (0.668) Remain 00:03:55 loss: 0.1694 Lr: 0.00008
[2026-07-21 11:30:44,898 INFO misc.py line 117 10873] Train: [93/100][48/50] Data 0.001 (0.412) Batch 0.224 (0.658) Remain 00:03:51 loss: 0.1830 Lr: 0.00008
[2026-07-21 11:30:45,134 INFO misc.py line 117 10873] Train: [93/100][49/50] Data 0.002 (0.403) Batch 0.236 (0.649) Remain 00:03:47 loss: 0.1560 Lr: 0.00008
[2026-07-21 11:30:45,377 INFO misc.py line 117 10873] Train: [93/100][50/50] Data 0.001 (0.395) Batch 0.244 (0.640) Remain 00:03:44 loss: 0.1796 Lr: 0.00008
[2026-07-21 11:30:45,378 INFO misc.py line 147 10873] Train result: loss: 0.1923 
[2026-07-21 11:30:45,378 INFO evaluator.py line 169 10873] >>>>>>>>>>>>>>>> Start Evaluation (Segmentation) >>>>>>>>>>>>>>>>
[2026-07-21 11:30:54,188 INFO evaluator.py line 228 10873] Test: [1/1] Loss 0.3776 
[2026-07-21 11:30:54,450 INFO evaluator.py line 257 10873] Val result: mIoU/macroF1/mAcc/mPrecision/allAcc 0.7753/0.8574/0.8660/0.8504/0.9650.
[2026-07-21 11:30:54,450 INFO evaluator.py line 266 10873] Class_0-road Metrics: IoU=0.9611, accuracy=0.9760, precision=0.9843, F1=0.9801
[2026-07-21 11:30:54,451 INFO evaluator.py line 266 10873] Class_1-road_marking Metrics: IoU=0.6132, accuracy=0.7709, precision=0.7498, F1=0.7602
[2026-07-21 11:30:54,451 INFO evaluator.py line 266 10873] Class_2-natural Metrics: IoU=0.9589, accuracy=0.9761, precision=0.9820, F1=0.9790
[2026-07-21 11:30:54,451 INFO evaluator.py line 266 10873] Class_3-building Metrics: IoU=0.9064, accuracy=0.9625, precision=0.9397, F1=0.9509
[2026-07-21 11:30:54,451 INFO evaluator.py line 266 10873] Class_4-utility_line Metrics: IoU=0.7615, accuracy=0.8956, precision=0.8357, F1=0.8646
[2026-07-21 11:30:54,451 INFO evaluator.py line 266 10873] Class_5-pole Metrics: IoU=0.7923, accuracy=0.8482, precision=0.9232, F1=0.8841
[2026-07-21 11:30:54,451 INFO evaluator.py line 266 10873] Class_6-car Metrics: IoU=0.8629, accuracy=0.9433, precision=0.9101, F1=0.9264
[2026-07-21 11:30:54,451 INFO evaluator.py line 266 10873] Class_7-fence Metrics: IoU=0.3457, accuracy=0.5551, precision=0.4782, F1=0.5138
[2026-07-21 11:30:54,451 INFO evaluator.py line 321 10873] <<<<<<<<<<<<<<<<< End Evaluation <<<<<<<<<<<<<<<<<
[2026-07-21 11:30:54,452 INFO misc.py line 187 10873] Currently Best mIoU: 0.7851
[2026-07-21 11:30:54,452 INFO misc.py line 196 10873] Saving checkpoint to: exp/toronto3d/spunet-toronto3d/model/model_last.pth
[2026-07-21 11:31:22,817 INFO misc.py line 117 10873] Train: [94/100][1/50] Data 27.827 (27.827) Batch 28.099 (28.099) Remain 02:43:26 loss: 0.1871 Lr: 0.00008
[2026-07-21 11:31:26,535 INFO misc.py line 117 10873] Train: [94/100][2/50] Data 3.478 (3.478) Batch 3.718 (3.718) Remain 00:21:34 loss: 0.1636 Lr: 0.00008
[2026-07-21 11:31:26,781 INFO misc.py line 117 10873] Train: [94/100][3/50] Data 0.003 (0.003) Batch 0.246 (0.246) Remain 00:01:25 loss: 0.1810 Lr: 0.00008
[2026-07-21 11:31:27,055 INFO misc.py line 117 10873] Train: [94/100][4/50] Data 0.003 (0.003) Batch 0.274 (0.274) Remain 00:01:34 loss: 0.1703 Lr: 0.00008
[2026-07-21 11:31:27,322 INFO misc.py line 117 10873] Train: [94/100][5/50] Data 0.002 (0.003) Batch 0.266 (0.270) Remain 00:01:33 loss: 0.1728 Lr: 0.00008
[2026-07-21 11:31:27,575 INFO misc.py line 117 10873] Train: [94/100][6/50] Data 0.004 (0.003) Batch 0.254 (0.265) Remain 00:01:31 loss: 0.1813 Lr: 0.00008
[2026-07-21 11:31:27,823 INFO misc.py line 117 10873] Train: [94/100][7/50] Data 0.002 (0.003) Batch 0.246 (0.260) Remain 00:01:29 loss: 0.1792 Lr: 0.00008
[2026-07-21 11:31:28,053 INFO misc.py line 117 10873] Train: [94/100][8/50] Data 0.004 (0.003) Batch 0.231 (0.254) Remain 00:01:27 loss: 0.1503 Lr: 0.00008
[2026-07-21 11:31:28,320 INFO misc.py line 117 10873] Train: [94/100][9/50] Data 0.003 (0.003) Batch 0.267 (0.257) Remain 00:01:27 loss: 0.2194 Lr: 0.00008
[2026-07-21 11:31:28,573 INFO misc.py line 117 10873] Train: [94/100][10/50] Data 0.003 (0.003) Batch 0.253 (0.256) Remain 00:01:27 loss: 0.1672 Lr: 0.00008
[2026-07-21 11:31:28,802 INFO misc.py line 117 10873] Train: [94/100][11/50] Data 0.003 (0.003) Batch 0.229 (0.253) Remain 00:01:25 loss: 0.2002 Lr: 0.00008
[2026-07-21 11:31:29,088 INFO misc.py line 117 10873] Train: [94/100][12/50] Data 0.003 (0.003) Batch 0.285 (0.256) Remain 00:01:26 loss: 0.3361 Lr: 0.00008
[2026-07-21 11:31:29,330 INFO misc.py line 117 10873] Train: [94/100][13/50] Data 0.004 (0.003) Batch 0.243 (0.255) Remain 00:01:25 loss: 0.1836 Lr: 0.00007
[2026-07-21 11:31:29,585 INFO misc.py line 117 10873] Train: [94/100][14/50] Data 0.002 (0.003) Batch 0.254 (0.255) Remain 00:01:25 loss: 0.2391 Lr: 0.00007
[2026-07-21 11:31:29,832 INFO misc.py line 117 10873] Train: [94/100][15/50] Data 0.002 (0.003) Batch 0.247 (0.254) Remain 00:01:25 loss: 0.1929 Lr: 0.00007
[2026-07-21 11:31:30,118 INFO misc.py line 117 10873] Train: [94/100][16/50] Data 0.003 (0.003) Batch 0.287 (0.257) Remain 00:01:25 loss: 0.2389 Lr: 0.00007
[2026-07-21 11:31:30,362 INFO misc.py line 117 10873] Train: [94/100][17/50] Data 0.003 (0.003) Batch 0.244 (0.256) Remain 00:01:25 loss: 0.1605 Lr: 0.00007
[2026-07-21 11:31:30,603 INFO misc.py line 117 10873] Train: [94/100][18/50] Data 0.003 (0.003) Batch 0.241 (0.255) Remain 00:01:24 loss: 0.2369 Lr: 0.00007
[2026-07-21 11:31:30,848 INFO misc.py line 117 10873] Train: [94/100][19/50] Data 0.002 (0.003) Batch 0.245 (0.254) Remain 00:01:24 loss: 0.2018 Lr: 0.00007
[2026-07-21 11:31:31,099 INFO misc.py line 117 10873] Train: [94/100][20/50] Data 0.004 (0.003) Batch 0.252 (0.254) Remain 00:01:23 loss: 0.1906 Lr: 0.00007
[2026-07-21 11:31:31,360 INFO misc.py line 117 10873] Train: [94/100][21/50] Data 0.002 (0.003) Batch 0.260 (0.254) Remain 00:01:23 loss: 0.2270 Lr: 0.00007
[2026-07-21 11:31:31,608 INFO misc.py line 117 10873] Train: [94/100][22/50] Data 0.003 (0.003) Batch 0.248 (0.254) Remain 00:01:23 loss: 0.1728 Lr: 0.00007
[2026-07-21 11:31:31,847 INFO misc.py line 117 10873] Train: [94/100][23/50] Data 0.003 (0.003) Batch 0.240 (0.253) Remain 00:01:22 loss: 0.2217 Lr: 0.00007
[2026-07-21 11:31:32,107 INFO misc.py line 117 10873] Train: [94/100][24/50] Data 0.002 (0.003) Batch 0.260 (0.254) Remain 00:01:22 loss: 0.1848 Lr: 0.00007
[2026-07-21 11:31:32,369 INFO misc.py line 117 10873] Train: [94/100][25/50] Data 0.002 (0.003) Batch 0.262 (0.254) Remain 00:01:22 loss: 0.1988 Lr: 0.00007
[2026-07-21 11:31:32,626 INFO misc.py line 117 10873] Train: [94/100][26/50] Data 0.004 (0.003) Batch 0.257 (0.254) Remain 00:01:22 loss: 0.1916 Lr: 0.00007
[2026-07-21 11:31:32,869 INFO misc.py line 117 10873] Train: [94/100][27/50] Data 0.002 (0.003) Batch 0.243 (0.254) Remain 00:01:21 loss: 0.2138 Lr: 0.00007
[2026-07-21 11:31:33,117 INFO misc.py line 117 10873] Train: [94/100][28/50] Data 0.003 (0.003) Batch 0.247 (0.253) Remain 00:01:21 loss: 0.1501 Lr: 0.00007
[2026-07-21 11:31:50,001 INFO misc.py line 117 10873] Train: [94/100][29/50] Data 16.664 (0.644) Batch 16.885 (0.893) Remain 00:04:46 loss: 0.2947 Lr: 0.00007
[2026-07-21 11:31:50,229 INFO misc.py line 117 10873] Train: [94/100][30/50] Data 0.001 (0.620) Batch 0.228 (0.868) Remain 00:04:37 loss: 0.1539 Lr: 0.00007
[2026-07-21 11:31:50,455 INFO misc.py line 117 10873] Train: [94/100][31/50] Data 0.001 (0.598) Batch 0.226 (0.846) Remain 00:04:29 loss: 0.1445 Lr: 0.00007
[2026-07-21 11:31:50,709 INFO misc.py line 117 10873] Train: [94/100][32/50] Data 0.001 (0.577) Batch 0.254 (0.825) Remain 00:04:22 loss: 0.2029 Lr: 0.00007
[2026-07-21 11:31:50,920 INFO misc.py line 117 10873] Train: [94/100][33/50] Data 0.001 (0.558) Batch 0.211 (0.805) Remain 00:04:15 loss: 0.1936 Lr: 0.00007
[2026-07-21 11:31:51,154 INFO misc.py line 117 10873] Train: [94/100][34/50] Data 0.001 (0.540) Batch 0.233 (0.786) Remain 00:04:08 loss: 0.1543 Lr: 0.00007
[2026-07-21 11:31:51,377 INFO misc.py line 117 10873] Train: [94/100][35/50] Data 0.002 (0.523) Batch 0.224 (0.769) Remain 00:04:02 loss: 0.2045 Lr: 0.00007
[2026-07-21 11:31:51,614 INFO misc.py line 117 10873] Train: [94/100][36/50] Data 0.001 (0.507) Batch 0.238 (0.753) Remain 00:03:56 loss: 0.2098 Lr: 0.00007
[2026-07-21 11:31:51,860 INFO misc.py line 117 10873] Train: [94/100][37/50] Data 0.001 (0.493) Batch 0.245 (0.738) Remain 00:03:50 loss: 0.1989 Lr: 0.00006
[2026-07-21 11:31:52,100 INFO misc.py line 117 10873] Train: [94/100][38/50] Data 0.001 (0.479) Batch 0.241 (0.723) Remain 00:03:45 loss: 0.2273 Lr: 0.00006
[2026-07-21 11:31:52,342 INFO misc.py line 117 10873] Train: [94/100][39/50] Data 0.001 (0.465) Batch 0.242 (0.710) Remain 00:03:40 loss: 0.2206 Lr: 0.00006
[2026-07-21 11:31:52,561 INFO misc.py line 117 10873] Train: [94/100][40/50] Data 0.001 (0.453) Batch 0.218 (0.697) Remain 00:03:36 loss: 0.1246 Lr: 0.00006
[2026-07-21 11:31:52,784 INFO misc.py line 117 10873] Train: [94/100][41/50] Data 0.001 (0.441) Batch 0.223 (0.684) Remain 00:03:31 loss: 0.2419 Lr: 0.00006
[2026-07-21 11:31:53,027 INFO misc.py line 117 10873] Train: [94/100][42/50] Data 0.001 (0.430) Batch 0.243 (0.673) Remain 00:03:27 loss: 0.2074 Lr: 0.00006
[2026-07-21 11:31:53,259 INFO misc.py line 117 10873] Train: [94/100][43/50] Data 0.001 (0.419) Batch 0.232 (0.662) Remain 00:03:23 loss: 0.2627 Lr: 0.00006
[2026-07-21 11:31:53,481 INFO misc.py line 117 10873] Train: [94/100][44/50] Data 0.001 (0.409) Batch 0.221 (0.651) Remain 00:03:19 loss: 0.1738 Lr: 0.00006
[2026-07-21 11:31:53,695 INFO misc.py line 117 10873] Train: [94/100][45/50] Data 0.001 (0.399) Batch 0.215 (0.641) Remain 00:03:15 loss: 0.1956 Lr: 0.00006
[2026-07-21 11:31:53,916 INFO misc.py line 117 10873] Train: [94/100][46/50] Data 0.001 (0.390) Batch 0.221 (0.631) Remain 00:03:11 loss: 0.1730 Lr: 0.00006
[2026-07-21 11:31:54,140 INFO misc.py line 117 10873] Train: [94/100][47/50] Data 0.001 (0.381) Batch 0.223 (0.622) Remain 00:03:08 loss: 0.1912 Lr: 0.00006
[2026-07-21 11:31:54,360 INFO misc.py line 117 10873] Train: [94/100][48/50] Data 0.001 (0.372) Batch 0.220 (0.613) Remain 00:03:05 loss: 0.1918 Lr: 0.00006
[2026-07-21 11:31:54,603 INFO misc.py line 117 10873] Train: [94/100][49/50] Data 0.001 (0.364) Batch 0.243 (0.605) Remain 00:03:02 loss: 0.2391 Lr: 0.00006
[2026-07-21 11:31:54,856 INFO misc.py line 117 10873] Train: [94/100][50/50] Data 0.001 (0.357) Batch 0.253 (0.597) Remain 00:02:59 loss: 0.1670 Lr: 0.00006
[2026-07-21 11:31:54,856 INFO misc.py line 147 10873] Train result: loss: 0.1977 
[2026-07-21 11:31:54,857 INFO evaluator.py line 169 10873] >>>>>>>>>>>>>>>> Start Evaluation (Segmentation) >>>>>>>>>>>>>>>>
[2026-07-21 11:32:03,699 INFO evaluator.py line 228 10873] Test: [1/1] Loss 0.3775 
[2026-07-21 11:32:03,963 INFO evaluator.py line 257 10873] Val result: mIoU/macroF1/mAcc/mPrecision/allAcc 0.7753/0.8576/0.8655/0.8512/0.9652.
[2026-07-21 11:32:03,963 INFO evaluator.py line 266 10873] Class_0-road Metrics: IoU=0.9605, accuracy=0.9753, precision=0.9845, F1=0.9799
[2026-07-21 11:32:03,963 INFO evaluator.py line 266 10873] Class_1-road_marking Metrics: IoU=0.6069, accuracy=0.7677, precision=0.7434, F1=0.7554
[2026-07-21 11:32:03,963 INFO evaluator.py line 266 10873] Class_2-natural Metrics: IoU=0.9598, accuracy=0.9781, precision=0.9809, F1=0.9795
[2026-07-21 11:32:03,963 INFO evaluator.py line 266 10873] Class_3-building Metrics: IoU=0.9077, accuracy=0.9622, precision=0.9413, F1=0.9516
[2026-07-21 11:32:03,963 INFO evaluator.py line 266 10873] Class_4-utility_line Metrics: IoU=0.7616, accuracy=0.8968, precision=0.8348, F1=0.8647
[2026-07-21 11:32:03,964 INFO evaluator.py line 266 10873] Class_5-pole Metrics: IoU=0.7912, accuracy=0.8459, precision=0.9245, F1=0.8834
[2026-07-21 11:32:03,964 INFO evaluator.py line 266 10873] Class_6-car Metrics: IoU=0.8645, accuracy=0.9399, precision=0.9151, F1=0.9273
[2026-07-21 11:32:03,964 INFO evaluator.py line 266 10873] Class_7-fence Metrics: IoU=0.3504, accuracy=0.5578, precision=0.4851, F1=0.5189
[2026-07-21 11:32:03,964 INFO evaluator.py line 321 10873] <<<<<<<<<<<<<<<<< End Evaluation <<<<<<<<<<<<<<<<<
[2026-07-21 11:32:03,965 INFO misc.py line 187 10873] Currently Best mIoU: 0.7851
[2026-07-21 11:32:03,965 INFO misc.py line 196 10873] Saving checkpoint to: exp/toronto3d/spunet-toronto3d/model/model_last.pth
[2026-07-21 11:32:31,884 INFO misc.py line 117 10873] Train: [95/100][1/50] Data 27.392 (27.392) Batch 27.653 (27.653) Remain 02:17:48 loss: 0.1428 Lr: 0.00006
[2026-07-21 11:32:32,214 INFO misc.py line 117 10873] Train: [95/100][2/50] Data 0.068 (0.068) Batch 0.329 (0.329) Remain 00:01:37 loss: 0.1910 Lr: 0.00006
[2026-07-21 11:32:32,491 INFO misc.py line 117 10873] Train: [95/100][3/50] Data 0.006 (0.006) Batch 0.278 (0.278) Remain 00:01:22 loss: 0.1522 Lr: 0.00006
[2026-07-21 11:32:32,757 INFO misc.py line 117 10873] Train: [95/100][4/50] Data 0.004 (0.004) Batch 0.267 (0.267) Remain 00:01:18 loss: 0.1608 Lr: 0.00006
[2026-07-21 11:32:33,008 INFO misc.py line 117 10873] Train: [95/100][5/50] Data 0.004 (0.004) Batch 0.251 (0.259) Remain 00:01:16 loss: 0.1917 Lr: 0.00006
[2026-07-21 11:32:33,257 INFO misc.py line 117 10873] Train: [95/100][6/50] Data 0.005 (0.004) Batch 0.249 (0.256) Remain 00:01:15 loss: 0.1580 Lr: 0.00006
[2026-07-21 11:32:33,528 INFO misc.py line 117 10873] Train: [95/100][7/50] Data 0.002 (0.004) Batch 0.270 (0.259) Remain 00:01:15 loss: 0.2407 Lr: 0.00006
[2026-07-21 11:32:36,337 INFO misc.py line 117 10873] Train: [95/100][8/50] Data 2.552 (0.513) Batch 2.811 (0.769) Remain 00:03:44 loss: 0.1578 Lr: 0.00006
[2026-07-21 11:32:36,601 INFO misc.py line 117 10873] Train: [95/100][9/50] Data 0.003 (0.428) Batch 0.264 (0.685) Remain 00:03:19 loss: 0.1993 Lr: 0.00006
[2026-07-21 11:32:36,854 INFO misc.py line 117 10873] Train: [95/100][10/50] Data 0.003 (0.368) Batch 0.253 (0.623) Remain 00:03:00 loss: 0.2113 Lr: 0.00006
[2026-07-21 11:32:37,112 INFO misc.py line 117 10873] Train: [95/100][11/50] Data 0.003 (0.322) Batch 0.258 (0.578) Remain 00:02:46 loss: 0.2104 Lr: 0.00006
[2026-07-21 11:32:37,391 INFO misc.py line 117 10873] Train: [95/100][12/50] Data 0.003 (0.287) Batch 0.277 (0.544) Remain 00:02:36 loss: 0.2192 Lr: 0.00005
[2026-07-21 11:32:37,693 INFO misc.py line 117 10873] Train: [95/100][13/50] Data 0.004 (0.258) Batch 0.303 (0.520) Remain 00:02:29 loss: 0.2013 Lr: 0.00005
[2026-07-21 11:32:37,940 INFO misc.py line 117 10873] Train: [95/100][14/50] Data 0.003 (0.235) Batch 0.248 (0.495) Remain 00:02:21 loss: 0.1757 Lr: 0.00005
[2026-07-21 11:32:38,197 INFO misc.py line 117 10873] Train: [95/100][15/50] Data 0.003 (0.216) Batch 0.257 (0.476) Remain 00:02:15 loss: 0.2133 Lr: 0.00005
[2026-07-21 11:32:38,475 INFO misc.py line 117 10873] Train: [95/100][16/50] Data 0.002 (0.199) Batch 0.277 (0.460) Remain 00:02:10 loss: 0.2237 Lr: 0.00005
[2026-07-21 11:32:38,735 INFO misc.py line 117 10873] Train: [95/100][17/50] Data 0.002 (0.185) Batch 0.260 (0.446) Remain 00:02:06 loss: 0.3201 Lr: 0.00005
[2026-07-21 11:32:39,017 INFO misc.py line 117 10873] Train: [95/100][18/50] Data 0.003 (0.173) Batch 0.282 (0.435) Remain 00:02:02 loss: 0.1849 Lr: 0.00005
[2026-07-21 11:32:39,279 INFO misc.py line 117 10873] Train: [95/100][19/50] Data 0.003 (0.162) Batch 0.263 (0.424) Remain 00:01:59 loss: 0.1565 Lr: 0.00005
[2026-07-21 11:32:39,531 INFO misc.py line 117 10873] Train: [95/100][20/50] Data 0.003 (0.153) Batch 0.251 (0.414) Remain 00:01:55 loss: 0.1984 Lr: 0.00005
[2026-07-21 11:32:39,808 INFO misc.py line 117 10873] Train: [95/100][21/50] Data 0.003 (0.145) Batch 0.276 (0.406) Remain 00:01:53 loss: 0.2533 Lr: 0.00005
[2026-07-21 11:32:40,072 INFO misc.py line 117 10873] Train: [95/100][22/50] Data 0.005 (0.137) Batch 0.266 (0.399) Remain 00:01:50 loss: 0.2956 Lr: 0.00005
[2026-07-21 11:32:40,348 INFO misc.py line 117 10873] Train: [95/100][23/50] Data 0.003 (0.131) Batch 0.275 (0.393) Remain 00:01:48 loss: 0.1985 Lr: 0.00005
[2026-07-21 11:32:40,618 INFO misc.py line 117 10873] Train: [95/100][24/50] Data 0.003 (0.125) Batch 0.270 (0.387) Remain 00:01:46 loss: 0.1580 Lr: 0.00005
[2026-07-21 11:32:40,879 INFO misc.py line 117 10873] Train: [95/100][25/50] Data 0.004 (0.119) Batch 0.261 (0.381) Remain 00:01:44 loss: 0.1781 Lr: 0.00005
[2026-07-21 11:32:41,137 INFO misc.py line 117 10873] Train: [95/100][26/50] Data 0.002 (0.114) Batch 0.256 (0.376) Remain 00:01:42 loss: 0.2183 Lr: 0.00005
[2026-07-21 11:32:41,407 INFO misc.py line 117 10873] Train: [95/100][27/50] Data 0.006 (0.109) Batch 0.272 (0.372) Remain 00:01:41 loss: 0.2415 Lr: 0.00005
[2026-07-21 11:32:41,665 INFO misc.py line 117 10873] Train: [95/100][28/50] Data 0.013 (0.106) Batch 0.258 (0.367) Remain 00:01:39 loss: 0.1581 Lr: 0.00005
[2026-07-21 11:32:57,606 INFO misc.py line 117 10873] Train: [95/100][29/50] Data 15.698 (0.705) Batch 15.941 (0.966) Remain 00:04:21 loss: 0.2312 Lr: 0.00005
[2026-07-21 11:32:57,835 INFO misc.py line 117 10873] Train: [95/100][30/50] Data 0.002 (0.679) Batch 0.229 (0.939) Remain 00:04:13 loss: 0.1733 Lr: 0.00005
[2026-07-21 11:32:58,070 INFO misc.py line 117 10873] Train: [95/100][31/50] Data 0.002 (0.655) Batch 0.234 (0.914) Remain 00:04:05 loss: 0.1741 Lr: 0.00005
[2026-07-21 11:32:58,296 INFO misc.py line 117 10873] Train: [95/100][32/50] Data 0.002 (0.633) Batch 0.226 (0.890) Remain 00:03:58 loss: 0.1921 Lr: 0.00005
[2026-07-21 11:32:58,531 INFO misc.py line 117 10873] Train: [95/100][33/50] Data 0.002 (0.612) Batch 0.236 (0.868) Remain 00:03:51 loss: 0.1711 Lr: 0.00005
[2026-07-21 11:32:59,465 INFO misc.py line 117 10873] Train: [95/100][34/50] Data 0.716 (0.615) Batch 0.933 (0.870) Remain 00:03:51 loss: 0.1598 Lr: 0.00005
[2026-07-21 11:32:59,693 INFO misc.py line 117 10873] Train: [95/100][35/50] Data 0.002 (0.596) Batch 0.228 (0.850) Remain 00:03:45 loss: 0.1610 Lr: 0.00005
[2026-07-21 11:32:59,910 INFO misc.py line 117 10873] Train: [95/100][36/50] Data 0.002 (0.578) Batch 0.217 (0.831) Remain 00:03:39 loss: 0.1514 Lr: 0.00005
[2026-07-21 11:33:00,150 INFO misc.py line 117 10873] Train: [95/100][37/50] Data 0.002 (0.561) Batch 0.240 (0.814) Remain 00:03:33 loss: 0.2051 Lr: 0.00005
[2026-07-21 11:33:00,387 INFO misc.py line 117 10873] Train: [95/100][38/50] Data 0.002 (0.545) Batch 0.237 (0.797) Remain 00:03:28 loss: 0.1980 Lr: 0.00005
[2026-07-21 11:33:00,604 INFO misc.py line 117 10873] Train: [95/100][39/50] Data 0.001 (0.530) Batch 0.217 (0.781) Remain 00:03:23 loss: 0.1634 Lr: 0.00005
[2026-07-21 11:33:00,830 INFO misc.py line 117 10873] Train: [95/100][40/50] Data 0.002 (0.515) Batch 0.226 (0.766) Remain 00:03:19 loss: 0.1514 Lr: 0.00004
[2026-07-21 11:33:01,078 INFO misc.py line 117 10873] Train: [95/100][41/50] Data 0.001 (0.502) Batch 0.249 (0.752) Remain 00:03:14 loss: 0.2181 Lr: 0.00004
[2026-07-21 11:33:01,306 INFO misc.py line 117 10873] Train: [95/100][42/50] Data 0.001 (0.489) Batch 0.227 (0.739) Remain 00:03:10 loss: 0.1800 Lr: 0.00004
[2026-07-21 11:33:01,524 INFO misc.py line 117 10873] Train: [95/100][43/50] Data 0.001 (0.477) Batch 0.218 (0.726) Remain 00:03:06 loss: 0.1865 Lr: 0.00004
[2026-07-21 11:33:01,748 INFO misc.py line 117 10873] Train: [95/100][44/50] Data 0.001 (0.465) Batch 0.224 (0.714) Remain 00:03:02 loss: 0.2047 Lr: 0.00004
[2026-07-21 11:33:01,986 INFO misc.py line 117 10873] Train: [95/100][45/50] Data 0.001 (0.454) Batch 0.238 (0.702) Remain 00:02:59 loss: 0.1679 Lr: 0.00004
[2026-07-21 11:33:02,212 INFO misc.py line 117 10873] Train: [95/100][46/50] Data 0.001 (0.444) Batch 0.227 (0.691) Remain 00:02:55 loss: 0.1911 Lr: 0.00004
[2026-07-21 11:33:02,444 INFO misc.py line 117 10873] Train: [95/100][47/50] Data 0.001 (0.434) Batch 0.231 (0.681) Remain 00:02:52 loss: 0.1996 Lr: 0.00004
[2026-07-21 11:33:02,668 INFO misc.py line 117 10873] Train: [95/100][48/50] Data 0.001 (0.424) Batch 0.224 (0.671) Remain 00:02:48 loss: 0.2100 Lr: 0.00004
[2026-07-21 11:33:02,878 INFO misc.py line 117 10873] Train: [95/100][49/50] Data 0.001 (0.415) Batch 0.210 (0.661) Remain 00:02:45 loss: 0.1686 Lr: 0.00004
[2026-07-21 11:33:03,120 INFO misc.py line 117 10873] Train: [95/100][50/50] Data 0.001 (0.406) Batch 0.242 (0.652) Remain 00:02:42 loss: 0.1718 Lr: 0.00004
[2026-07-21 11:33:03,120 INFO misc.py line 147 10873] Train result: loss: 0.1928 
[2026-07-21 11:33:03,121 INFO evaluator.py line 169 10873] >>>>>>>>>>>>>>>> Start Evaluation (Segmentation) >>>>>>>>>>>>>>>>
[2026-07-21 11:33:11,918 INFO evaluator.py line 228 10873] Test: [1/1] Loss 0.3810 
[2026-07-21 11:33:12,177 INFO evaluator.py line 257 10873] Val result: mIoU/macroF1/mAcc/mPrecision/allAcc 0.7727/0.8557/0.8644/0.8487/0.9649.
[2026-07-21 11:33:12,177 INFO evaluator.py line 266 10873] Class_0-road Metrics: IoU=0.9606, accuracy=0.9754, precision=0.9845, F1=0.9799
[2026-07-21 11:33:12,178 INFO evaluator.py line 266 10873] Class_1-road_marking Metrics: IoU=0.6049, accuracy=0.7696, precision=0.7386, F1=0.7538
[2026-07-21 11:33:12,178 INFO evaluator.py line 266 10873] Class_2-natural Metrics: IoU=0.9595, accuracy=0.9778, precision=0.9809, F1=0.9793
[2026-07-21 11:33:12,178 INFO evaluator.py line 266 10873] Class_3-building Metrics: IoU=0.9077, accuracy=0.9626, precision=0.9408, F1=0.9516
[2026-07-21 11:33:12,178 INFO evaluator.py line 266 10873] Class_4-utility_line Metrics: IoU=0.7526, accuracy=0.8976, precision=0.8232, F1=0.8588
[2026-07-21 11:33:12,178 INFO evaluator.py line 266 10873] Class_5-pole Metrics: IoU=0.7867, accuracy=0.8391, precision=0.9265, F1=0.8806
[2026-07-21 11:33:12,178 INFO evaluator.py line 266 10873] Class_6-car Metrics: IoU=0.8629, accuracy=0.9363, precision=0.9166, F1=0.9264
[2026-07-21 11:33:12,178 INFO evaluator.py line 266 10873] Class_7-fence Metrics: IoU=0.3467, accuracy=0.5568, precision=0.4788, F1=0.5149
[2026-07-21 11:33:12,178 INFO evaluator.py line 321 10873] <<<<<<<<<<<<<<<<< End Evaluation <<<<<<<<<<<<<<<<<
[2026-07-21 11:33:12,179 INFO misc.py line 187 10873] Currently Best mIoU: 0.7851
[2026-07-21 11:33:12,179 INFO misc.py line 196 10873] Saving checkpoint to: exp/toronto3d/spunet-toronto3d/model/model_last.pth
[2026-07-21 11:33:39,988 INFO misc.py line 117 10873] Train: [96/100][1/50] Data 27.275 (27.275) Batch 27.542 (27.542) Remain 01:54:18 loss: 0.1693 Lr: 0.00004
[2026-07-21 11:33:41,526 INFO misc.py line 117 10873] Train: [96/100][2/50] Data 1.282 (1.282) Batch 1.538 (1.538) Remain 00:06:21 loss: 0.2296 Lr: 0.00004
[2026-07-21 11:33:41,795 INFO misc.py line 117 10873] Train: [96/100][3/50] Data 0.002 (0.002) Batch 0.269 (0.269) Remain 00:01:06 loss: 0.2157 Lr: 0.00004
[2026-07-21 11:33:43,680 INFO misc.py line 117 10873] Train: [96/100][4/50] Data 1.655 (1.655) Batch 1.885 (1.885) Remain 00:07:43 loss: 0.1924 Lr: 0.00004
[2026-07-21 11:33:43,911 INFO misc.py line 117 10873] Train: [96/100][5/50] Data 0.002 (0.829) Batch 0.230 (1.058) Remain 00:04:19 loss: 0.1659 Lr: 0.00004
[2026-07-21 11:33:44,187 INFO misc.py line 117 10873] Train: [96/100][6/50] Data 0.004 (0.554) Batch 0.277 (0.797) Remain 00:03:14 loss: 0.1590 Lr: 0.00004
[2026-07-21 11:33:44,448 INFO misc.py line 117 10873] Train: [96/100][7/50] Data 0.008 (0.417) Batch 0.261 (0.663) Remain 00:02:41 loss: 0.2098 Lr: 0.00004
[2026-07-21 11:33:44,695 INFO misc.py line 117 10873] Train: [96/100][8/50] Data 0.002 (0.334) Batch 0.247 (0.580) Remain 00:02:20 loss: 0.1748 Lr: 0.00004
[2026-07-21 11:33:44,940 INFO misc.py line 117 10873] Train: [96/100][9/50] Data 0.003 (0.279) Batch 0.244 (0.524) Remain 00:02:06 loss: 0.1815 Lr: 0.00004
[2026-07-21 11:33:45,182 INFO misc.py line 117 10873] Train: [96/100][10/50] Data 0.002 (0.239) Batch 0.243 (0.484) Remain 00:01:56 loss: 0.2157 Lr: 0.00004
[2026-07-21 11:33:45,410 INFO misc.py line 117 10873] Train: [96/100][11/50] Data 0.003 (0.210) Batch 0.227 (0.452) Remain 00:01:48 loss: 0.1457 Lr: 0.00004
[2026-07-21 11:33:45,684 INFO misc.py line 117 10873] Train: [96/100][12/50] Data 0.003 (0.187) Batch 0.274 (0.432) Remain 00:01:42 loss: 0.2649 Lr: 0.00004
[2026-07-21 11:33:45,924 INFO misc.py line 117 10873] Train: [96/100][13/50] Data 0.003 (0.169) Batch 0.239 (0.413) Remain 00:01:37 loss: 0.2187 Lr: 0.00004
[2026-07-21 11:33:46,182 INFO misc.py line 117 10873] Train: [96/100][14/50] Data 0.004 (0.154) Batch 0.259 (0.399) Remain 00:01:34 loss: 0.1899 Lr: 0.00004
[2026-07-21 11:33:46,421 INFO misc.py line 117 10873] Train: [96/100][15/50] Data 0.003 (0.141) Batch 0.240 (0.386) Remain 00:01:30 loss: 0.2651 Lr: 0.00004
[2026-07-21 11:33:46,663 INFO misc.py line 117 10873] Train: [96/100][16/50] Data 0.002 (0.130) Batch 0.242 (0.374) Remain 00:01:27 loss: 0.1459 Lr: 0.00004
[2026-07-21 11:33:46,915 INFO misc.py line 117 10873] Train: [96/100][17/50] Data 0.002 (0.121) Batch 0.251 (0.366) Remain 00:01:25 loss: 0.2091 Lr: 0.00004
[2026-07-21 11:33:47,189 INFO misc.py line 117 10873] Train: [96/100][18/50] Data 0.003 (0.113) Batch 0.275 (0.360) Remain 00:01:23 loss: 0.3470 Lr: 0.00004
[2026-07-21 11:33:47,441 INFO misc.py line 117 10873] Train: [96/100][19/50] Data 0.004 (0.106) Batch 0.253 (0.353) Remain 00:01:21 loss: 0.3000 Lr: 0.00004
[2026-07-21 11:33:47,733 INFO misc.py line 117 10873] Train: [96/100][20/50] Data 0.003 (0.100) Batch 0.292 (0.349) Remain 00:01:20 loss: 0.2218 Lr: 0.00004
[2026-07-21 11:33:47,962 INFO misc.py line 117 10873] Train: [96/100][21/50] Data 0.002 (0.095) Batch 0.228 (0.343) Remain 00:01:18 loss: 0.1303 Lr: 0.00003
[2026-07-21 11:33:48,224 INFO misc.py line 117 10873] Train: [96/100][22/50] Data 0.003 (0.090) Batch 0.263 (0.338) Remain 00:01:17 loss: 0.2195 Lr: 0.00003
[2026-07-21 11:33:48,455 INFO misc.py line 117 10873] Train: [96/100][23/50] Data 0.002 (0.086) Batch 0.231 (0.333) Remain 00:01:15 loss: 0.1860 Lr: 0.00003
[2026-07-21 11:33:48,738 INFO misc.py line 117 10873] Train: [96/100][24/50] Data 0.014 (0.082) Batch 0.281 (0.331) Remain 00:01:14 loss: 0.1660 Lr: 0.00003
[2026-07-21 11:33:48,983 INFO misc.py line 117 10873] Train: [96/100][25/50] Data 0.004 (0.079) Batch 0.246 (0.327) Remain 00:01:13 loss: 0.1275 Lr: 0.00003
[2026-07-21 11:33:49,229 INFO misc.py line 117 10873] Train: [96/100][26/50] Data 0.003 (0.075) Batch 0.246 (0.323) Remain 00:01:12 loss: 0.1616 Lr: 0.00003
[2026-07-21 11:33:49,475 INFO misc.py line 117 10873] Train: [96/100][27/50] Data 0.003 (0.072) Batch 0.245 (0.320) Remain 00:01:11 loss: 0.1771 Lr: 0.00003
[2026-07-21 11:33:49,717 INFO misc.py line 117 10873] Train: [96/100][28/50] Data 0.004 (0.070) Batch 0.243 (0.317) Remain 00:01:10 loss: 0.2372 Lr: 0.00003
[2026-07-21 11:34:06,285 INFO misc.py line 117 10873] Train: [96/100][29/50] Data 16.328 (0.695) Batch 16.569 (0.942) Remain 00:03:28 loss: 0.1528 Lr: 0.00003
[2026-07-21 11:34:06,516 INFO misc.py line 117 10873] Train: [96/100][30/50] Data 0.002 (0.669) Batch 0.231 (0.916) Remain 00:03:21 loss: 0.1756 Lr: 0.00003
[2026-07-21 11:34:06,742 INFO misc.py line 117 10873] Train: [96/100][31/50] Data 0.002 (0.646) Batch 0.226 (0.891) Remain 00:03:15 loss: 0.2604 Lr: 0.00003
[2026-07-21 11:34:08,932 INFO misc.py line 117 10873] Train: [96/100][32/50] Data 1.953 (0.691) Batch 2.190 (0.936) Remain 00:03:23 loss: 0.1621 Lr: 0.00003
[2026-07-21 11:34:09,172 INFO misc.py line 117 10873] Train: [96/100][33/50] Data 0.001 (0.668) Batch 0.240 (0.913) Remain 00:03:18 loss: 0.1767 Lr: 0.00003
[2026-07-21 11:34:09,382 INFO misc.py line 117 10873] Train: [96/100][34/50] Data 0.001 (0.646) Batch 0.210 (0.890) Remain 00:03:12 loss: 0.1713 Lr: 0.00003
[2026-07-21 11:34:09,609 INFO misc.py line 117 10873] Train: [96/100][35/50] Data 0.001 (0.626) Batch 0.227 (0.869) Remain 00:03:06 loss: 0.1637 Lr: 0.00003
[2026-07-21 11:34:09,825 INFO misc.py line 117 10873] Train: [96/100][36/50] Data 0.001 (0.607) Batch 0.216 (0.849) Remain 00:03:01 loss: 0.1977 Lr: 0.00003
[2026-07-21 11:34:10,052 INFO misc.py line 117 10873] Train: [96/100][37/50] Data 0.001 (0.589) Batch 0.227 (0.831) Remain 00:02:57 loss: 0.2050 Lr: 0.00003
[2026-07-21 11:34:10,269 INFO misc.py line 117 10873] Train: [96/100][38/50] Data 0.001 (0.572) Batch 0.217 (0.814) Remain 00:02:52 loss: 0.1661 Lr: 0.00003
[2026-07-21 11:34:10,500 INFO misc.py line 117 10873] Train: [96/100][39/50] Data 0.001 (0.557) Batch 0.231 (0.797) Remain 00:02:48 loss: 0.2205 Lr: 0.00003
[2026-07-21 11:34:10,741 INFO misc.py line 117 10873] Train: [96/100][40/50] Data 0.001 (0.542) Batch 0.241 (0.782) Remain 00:02:44 loss: 0.1978 Lr: 0.00003
[2026-07-21 11:34:10,960 INFO misc.py line 117 10873] Train: [96/100][41/50] Data 0.001 (0.527) Batch 0.219 (0.768) Remain 00:02:40 loss: 0.1526 Lr: 0.00003
[2026-07-21 11:34:11,193 INFO misc.py line 117 10873] Train: [96/100][42/50] Data 0.001 (0.514) Batch 0.234 (0.754) Remain 00:02:36 loss: 0.1532 Lr: 0.00003
[2026-07-21 11:34:11,412 INFO misc.py line 117 10873] Train: [96/100][43/50] Data 0.001 (0.501) Batch 0.219 (0.740) Remain 00:02:33 loss: 0.1646 Lr: 0.00003
[2026-07-21 11:34:11,657 INFO misc.py line 117 10873] Train: [96/100][44/50] Data 0.001 (0.489) Batch 0.244 (0.728) Remain 00:02:30 loss: 0.1585 Lr: 0.00003
[2026-07-21 11:34:11,883 INFO misc.py line 117 10873] Train: [96/100][45/50] Data 0.001 (0.477) Batch 0.226 (0.716) Remain 00:02:26 loss: 0.1586 Lr: 0.00003
[2026-07-21 11:34:12,115 INFO misc.py line 117 10873] Train: [96/100][46/50] Data 0.001 (0.466) Batch 0.232 (0.705) Remain 00:02:23 loss: 0.1636 Lr: 0.00003
[2026-07-21 11:34:12,333 INFO misc.py line 117 10873] Train: [96/100][47/50] Data 0.001 (0.456) Batch 0.218 (0.694) Remain 00:02:20 loss: 0.2992 Lr: 0.00003
[2026-07-21 11:34:12,564 INFO misc.py line 117 10873] Train: [96/100][48/50] Data 0.001 (0.445) Batch 0.231 (0.684) Remain 00:02:18 loss: 0.1927 Lr: 0.00003
[2026-07-21 11:34:12,788 INFO misc.py line 117 10873] Train: [96/100][49/50] Data 0.001 (0.436) Batch 0.224 (0.674) Remain 00:02:15 loss: 0.1947 Lr: 0.00003
[2026-07-21 11:34:13,014 INFO misc.py line 117 10873] Train: [96/100][50/50] Data 0.001 (0.427) Batch 0.226 (0.664) Remain 00:02:12 loss: 0.2302 Lr: 0.00003
[2026-07-21 11:34:13,014 INFO misc.py line 147 10873] Train result: loss: 0.1949 
[2026-07-21 11:34:13,015 INFO evaluator.py line 169 10873] >>>>>>>>>>>>>>>> Start Evaluation (Segmentation) >>>>>>>>>>>>>>>>
[2026-07-21 11:34:21,837 INFO evaluator.py line 228 10873] Test: [1/1] Loss 0.3826 
[2026-07-21 11:34:22,096 INFO evaluator.py line 257 10873] Val result: mIoU/macroF1/mAcc/mPrecision/allAcc 0.7718/0.8552/0.8635/0.8487/0.9648.
[2026-07-21 11:34:22,096 INFO evaluator.py line 266 10873] Class_0-road Metrics: IoU=0.9610, accuracy=0.9760, precision=0.9843, F1=0.9801
[2026-07-21 11:34:22,096 INFO evaluator.py line 266 10873] Class_1-road_marking Metrics: IoU=0.6066, accuracy=0.7659, precision=0.7447, F1=0.7551
[2026-07-21 11:34:22,096 INFO evaluator.py line 266 10873] Class_2-natural Metrics: IoU=0.9588, accuracy=0.9769, precision=0.9810, F1=0.9790
[2026-07-21 11:34:22,096 INFO evaluator.py line 266 10873] Class_3-building Metrics: IoU=0.9068, accuracy=0.9629, precision=0.9397, F1=0.9511
[2026-07-21 11:34:22,097 INFO evaluator.py line 266 10873] Class_4-utility_line Metrics: IoU=0.7457, accuracy=0.8953, precision=0.8170, F1=0.8544
[2026-07-21 11:34:22,097 INFO evaluator.py line 266 10873] Class_5-pole Metrics: IoU=0.7848, accuracy=0.8379, precision=0.9252, F1=0.8794
[2026-07-21 11:34:22,097 INFO evaluator.py line 266 10873] Class_6-car Metrics: IoU=0.8618, accuracy=0.9351, precision=0.9166, F1=0.9258
[2026-07-21 11:34:22,097 INFO evaluator.py line 266 10873] Class_7-fence Metrics: IoU=0.3485, accuracy=0.5582, precision=0.4814, F1=0.5169
[2026-07-21 11:34:22,097 INFO evaluator.py line 321 10873] <<<<<<<<<<<<<<<<< End Evaluation <<<<<<<<<<<<<<<<<
[2026-07-21 11:34:22,098 INFO misc.py line 187 10873] Currently Best mIoU: 0.7851
[2026-07-21 11:34:22,098 INFO misc.py line 196 10873] Saving checkpoint to: exp/toronto3d/spunet-toronto3d/model/model_last.pth
[2026-07-21 11:34:49,397 INFO misc.py line 117 10873] Train: [97/100][1/50] Data 26.657 (26.657) Batch 27.032 (27.032) Remain 01:29:39 loss: 0.1771 Lr: 0.00003
[2026-07-21 11:34:50,217 INFO misc.py line 117 10873] Train: [97/100][2/50] Data 0.578 (0.578) Batch 0.821 (0.821) Remain 00:02:42 loss: 0.1889 Lr: 0.00003
[2026-07-21 11:34:50,464 INFO misc.py line 117 10873] Train: [97/100][3/50] Data 0.002 (0.002) Batch 0.247 (0.247) Remain 00:00:48 loss: 0.1904 Lr: 0.00003
[2026-07-21 11:34:51,498 INFO misc.py line 117 10873] Train: [97/100][4/50] Data 0.779 (0.779) Batch 1.034 (1.034) Remain 00:03:22 loss: 0.1539 Lr: 0.00003
[2026-07-21 11:34:52,723 INFO misc.py line 117 10873] Train: [97/100][5/50] Data 0.956 (0.867) Batch 1.225 (1.130) Remain 00:03:40 loss: 0.1936 Lr: 0.00003
[2026-07-21 11:34:52,974 INFO misc.py line 117 10873] Train: [97/100][6/50] Data 0.002 (0.579) Batch 0.251 (0.837) Remain 00:02:42 loss: 0.2553 Lr: 0.00003
[2026-07-21 11:34:53,219 INFO misc.py line 117 10873] Train: [97/100][7/50] Data 0.002 (0.435) Batch 0.244 (0.688) Remain 00:02:12 loss: 0.1831 Lr: 0.00003
[2026-07-21 11:34:53,467 INFO misc.py line 117 10873] Train: [97/100][8/50] Data 0.004 (0.349) Batch 0.249 (0.601) Remain 00:01:55 loss: 0.1401 Lr: 0.00002
[2026-07-21 11:34:53,718 INFO misc.py line 117 10873] Train: [97/100][9/50] Data 0.003 (0.291) Batch 0.251 (0.542) Remain 00:01:43 loss: 0.2136 Lr: 0.00002
[2026-07-21 11:34:53,979 INFO misc.py line 117 10873] Train: [97/100][10/50] Data 0.002 (0.250) Batch 0.260 (0.502) Remain 00:01:35 loss: 0.2598 Lr: 0.00002
[2026-07-21 11:34:54,309 INFO misc.py line 117 10873] Train: [97/100][11/50] Data 0.020 (0.221) Batch 0.319 (0.479) Remain 00:01:30 loss: 0.2001 Lr: 0.00002
[2026-07-21 11:34:54,593 INFO misc.py line 117 10873] Train: [97/100][12/50] Data 0.014 (0.198) Batch 0.296 (0.459) Remain 00:01:26 loss: 0.1708 Lr: 0.00002
[2026-07-21 11:34:54,846 INFO misc.py line 117 10873] Train: [97/100][13/50] Data 0.002 (0.178) Batch 0.253 (0.438) Remain 00:01:21 loss: 0.1854 Lr: 0.00002
[2026-07-21 11:34:55,095 INFO misc.py line 117 10873] Train: [97/100][14/50] Data 0.003 (0.162) Batch 0.249 (0.421) Remain 00:01:18 loss: 0.1792 Lr: 0.00002
[2026-07-21 11:34:55,356 INFO misc.py line 117 10873] Train: [97/100][15/50] Data 0.002 (0.149) Batch 0.262 (0.408) Remain 00:01:15 loss: 0.1633 Lr: 0.00002
[2026-07-21 11:34:55,610 INFO misc.py line 117 10873] Train: [97/100][16/50] Data 0.003 (0.138) Batch 0.253 (0.396) Remain 00:01:12 loss: 0.1762 Lr: 0.00002
[2026-07-21 11:34:55,853 INFO misc.py line 117 10873] Train: [97/100][17/50] Data 0.002 (0.128) Batch 0.243 (0.385) Remain 00:01:10 loss: 0.2147 Lr: 0.00002
[2026-07-21 11:34:56,089 INFO misc.py line 117 10873] Train: [97/100][18/50] Data 0.002 (0.120) Batch 0.236 (0.375) Remain 00:01:08 loss: 0.1636 Lr: 0.00002
[2026-07-21 11:34:56,320 INFO misc.py line 117 10873] Train: [97/100][19/50] Data 0.002 (0.112) Batch 0.232 (0.366) Remain 00:01:06 loss: 0.1767 Lr: 0.00002
[2026-07-21 11:34:56,600 INFO misc.py line 117 10873] Train: [97/100][20/50] Data 0.002 (0.106) Batch 0.280 (0.361) Remain 00:01:04 loss: 0.2083 Lr: 0.00002
[2026-07-21 11:34:56,855 INFO misc.py line 117 10873] Train: [97/100][21/50] Data 0.003 (0.100) Batch 0.255 (0.355) Remain 00:01:03 loss: 0.1897 Lr: 0.00002
[2026-07-21 11:34:57,094 INFO misc.py line 117 10873] Train: [97/100][22/50] Data 0.003 (0.095) Batch 0.239 (0.349) Remain 00:01:02 loss: 0.1528 Lr: 0.00002
[2026-07-21 11:34:57,344 INFO misc.py line 117 10873] Train: [97/100][23/50] Data 0.002 (0.090) Batch 0.249 (0.344) Remain 00:01:00 loss: 0.1903 Lr: 0.00002
[2026-07-21 11:34:57,579 INFO misc.py line 117 10873] Train: [97/100][24/50] Data 0.003 (0.086) Batch 0.236 (0.339) Remain 00:00:59 loss: 0.2209 Lr: 0.00002
[2026-07-21 11:34:57,847 INFO misc.py line 117 10873] Train: [97/100][25/50] Data 0.003 (0.082) Batch 0.268 (0.336) Remain 00:00:58 loss: 0.2009 Lr: 0.00002
[2026-07-21 11:34:58,099 INFO misc.py line 117 10873] Train: [97/100][26/50] Data 0.002 (0.079) Batch 0.252 (0.332) Remain 00:00:57 loss: 0.1792 Lr: 0.00002
[2026-07-21 11:34:58,364 INFO misc.py line 117 10873] Train: [97/100][27/50] Data 0.003 (0.076) Batch 0.264 (0.329) Remain 00:00:56 loss: 0.2140 Lr: 0.00002
[2026-07-21 11:34:58,636 INFO misc.py line 117 10873] Train: [97/100][28/50] Data 0.002 (0.073) Batch 0.271 (0.327) Remain 00:00:56 loss: 0.1878 Lr: 0.00002
[2026-07-21 11:35:13,174 INFO misc.py line 117 10873] Train: [97/100][29/50] Data 14.277 (0.619) Batch 14.539 (0.873) Remain 00:02:29 loss: 0.1685 Lr: 0.00002
[2026-07-21 11:35:18,366 INFO misc.py line 117 10873] Train: [97/100][30/50] Data 4.968 (0.780) Batch 5.193 (1.033) Remain 00:02:55 loss: 0.2060 Lr: 0.00002
[2026-07-21 11:35:18,598 INFO misc.py line 117 10873] Train: [97/100][31/50] Data 0.002 (0.752) Batch 0.232 (1.005) Remain 00:02:49 loss: 0.2902 Lr: 0.00002
[2026-07-21 11:35:18,838 INFO misc.py line 117 10873] Train: [97/100][32/50] Data 0.002 (0.727) Batch 0.240 (0.978) Remain 00:02:44 loss: 0.1785 Lr: 0.00002
[2026-07-21 11:35:19,071 INFO misc.py line 117 10873] Train: [97/100][33/50] Data 0.014 (0.703) Batch 0.233 (0.954) Remain 00:02:39 loss: 0.2210 Lr: 0.00002
[2026-07-21 11:35:19,287 INFO misc.py line 117 10873] Train: [97/100][34/50] Data 0.001 (0.680) Batch 0.216 (0.930) Remain 00:02:34 loss: 0.2107 Lr: 0.00002
[2026-07-21 11:35:19,543 INFO misc.py line 117 10873] Train: [97/100][35/50] Data 0.002 (0.659) Batch 0.256 (0.909) Remain 00:02:29 loss: 0.2336 Lr: 0.00002
[2026-07-21 11:35:19,775 INFO misc.py line 117 10873] Train: [97/100][36/50] Data 0.002 (0.639) Batch 0.232 (0.888) Remain 00:02:25 loss: 0.1953 Lr: 0.00002
[2026-07-21 11:35:19,991 INFO misc.py line 117 10873] Train: [97/100][37/50] Data 0.001 (0.620) Batch 0.216 (0.868) Remain 00:02:21 loss: 0.1921 Lr: 0.00002
[2026-07-21 11:35:20,219 INFO misc.py line 117 10873] Train: [97/100][38/50] Data 0.001 (0.603) Batch 0.228 (0.850) Remain 00:02:17 loss: 0.1483 Lr: 0.00002
[2026-07-21 11:35:20,438 INFO misc.py line 117 10873] Train: [97/100][39/50] Data 0.002 (0.586) Batch 0.219 (0.833) Remain 00:02:14 loss: 0.1561 Lr: 0.00002
[2026-07-21 11:35:20,666 INFO misc.py line 117 10873] Train: [97/100][40/50] Data 0.002 (0.570) Batch 0.228 (0.816) Remain 00:02:10 loss: 0.1636 Lr: 0.00002
[2026-07-21 11:35:20,885 INFO misc.py line 117 10873] Train: [97/100][41/50] Data 0.001 (0.555) Batch 0.218 (0.801) Remain 00:02:07 loss: 0.2333 Lr: 0.00002
[2026-07-21 11:35:21,131 INFO misc.py line 117 10873] Train: [97/100][42/50] Data 0.001 (0.541) Batch 0.246 (0.786) Remain 00:02:04 loss: 0.1589 Lr: 0.00002
[2026-07-21 11:35:21,362 INFO misc.py line 117 10873] Train: [97/100][43/50] Data 0.002 (0.528) Batch 0.231 (0.772) Remain 00:02:01 loss: 0.1703 Lr: 0.00002
[2026-07-21 11:35:21,593 INFO misc.py line 117 10873] Train: [97/100][44/50] Data 0.001 (0.515) Batch 0.231 (0.759) Remain 00:01:58 loss: 0.1796 Lr: 0.00002
[2026-07-21 11:35:21,822 INFO misc.py line 117 10873] Train: [97/100][45/50] Data 0.002 (0.502) Batch 0.229 (0.747) Remain 00:01:55 loss: 0.1654 Lr: 0.00002
[2026-07-21 11:35:22,058 INFO misc.py line 117 10873] Train: [97/100][46/50] Data 0.001 (0.491) Batch 0.236 (0.735) Remain 00:01:53 loss: 0.1987 Lr: 0.00002
[2026-07-21 11:35:22,275 INFO misc.py line 117 10873] Train: [97/100][47/50] Data 0.001 (0.480) Batch 0.217 (0.723) Remain 00:01:50 loss: 0.2628 Lr: 0.00002
[2026-07-21 11:35:22,517 INFO misc.py line 117 10873] Train: [97/100][48/50] Data 0.001 (0.469) Batch 0.241 (0.712) Remain 00:01:48 loss: 0.1913 Lr: 0.00002
[2026-07-21 11:35:22,753 INFO misc.py line 117 10873] Train: [97/100][49/50] Data 0.001 (0.459) Batch 0.236 (0.702) Remain 00:01:45 loss: 0.2218 Lr: 0.00002
[2026-07-21 11:35:22,999 INFO misc.py line 117 10873] Train: [97/100][50/50] Data 0.001 (0.449) Batch 0.246 (0.692) Remain 00:01:43 loss: 0.1990 Lr: 0.00002
[2026-07-21 11:35:23,000 INFO misc.py line 147 10873] Train result: loss: 0.1935 
[2026-07-21 11:35:23,000 INFO evaluator.py line 169 10873] >>>>>>>>>>>>>>>> Start Evaluation (Segmentation) >>>>>>>>>>>>>>>>
[2026-07-21 11:35:31,816 INFO evaluator.py line 228 10873] Test: [1/1] Loss 0.3835 
[2026-07-21 11:35:32,094 INFO evaluator.py line 257 10873] Val result: mIoU/macroF1/mAcc/mPrecision/allAcc 0.7712/0.8548/0.8631/0.8484/0.9646.
[2026-07-21 11:35:32,095 INFO evaluator.py line 266 10873] Class_0-road Metrics: IoU=0.9611, accuracy=0.9762, precision=0.9841, F1=0.9802
[2026-07-21 11:35:32,095 INFO evaluator.py line 266 10873] Class_1-road_marking Metrics: IoU=0.6081, accuracy=0.7622, precision=0.7506, F1=0.7563
[2026-07-21 11:35:32,095 INFO evaluator.py line 266 10873] Class_2-natural Metrics: IoU=0.9582, accuracy=0.9763, precision=0.9810, F1=0.9787
[2026-07-21 11:35:32,095 INFO evaluator.py line 266 10873] Class_3-building Metrics: IoU=0.9069, accuracy=0.9626, precision=0.9400, F1=0.9512
[2026-07-21 11:35:32,095 INFO evaluator.py line 266 10873] Class_4-utility_line Metrics: IoU=0.7447, accuracy=0.8959, precision=0.8152, F1=0.8537
[2026-07-21 11:35:32,095 INFO evaluator.py line 266 10873] Class_5-pole Metrics: IoU=0.7839, accuracy=0.8367, precision=0.9256, F1=0.8789
[2026-07-21 11:35:32,095 INFO evaluator.py line 266 10873] Class_6-car Metrics: IoU=0.8603, accuracy=0.9367, precision=0.9134, F1=0.9249
[2026-07-21 11:35:32,095 INFO evaluator.py line 266 10873] Class_7-fence Metrics: IoU=0.3464, accuracy=0.5584, precision=0.4771, F1=0.5145
[2026-07-21 11:35:32,096 INFO evaluator.py line 321 10873] <<<<<<<<<<<<<<<<< End Evaluation <<<<<<<<<<<<<<<<<
[2026-07-21 11:35:32,096 INFO misc.py line 187 10873] Currently Best mIoU: 0.7851
[2026-07-21 11:35:32,097 INFO misc.py line 196 10873] Saving checkpoint to: exp/toronto3d/spunet-toronto3d/model/model_last.pth
[2026-07-21 11:36:00,644 INFO misc.py line 117 10873] Train: [98/100][1/50] Data 28.027 (28.027) Batch 28.283 (28.283) Remain 01:10:14 loss: 0.1734 Lr: 0.00002
[2026-07-21 11:36:00,990 INFO misc.py line 117 10873] Train: [98/100][2/50] Data 0.012 (0.012) Batch 0.343 (0.343) Remain 00:00:50 loss: 0.1586 Lr: 0.00001
[2026-07-21 11:36:01,281 INFO misc.py line 117 10873] Train: [98/100][3/50] Data 0.005 (0.005) Batch 0.293 (0.293) Remain 00:00:43 loss: 0.2380 Lr: 0.00001
[2026-07-21 11:36:02,076 INFO misc.py line 117 10873] Train: [98/100][4/50] Data 0.552 (0.552) Batch 0.795 (0.795) Remain 00:01:56 loss: 0.1721 Lr: 0.00001
[2026-07-21 11:36:02,340 INFO misc.py line 117 10873] Train: [98/100][5/50] Data 0.003 (0.277) Batch 0.264 (0.530) Remain 00:01:16 loss: 0.2375 Lr: 0.00001
[2026-07-21 11:36:02,587 INFO misc.py line 117 10873] Train: [98/100][6/50] Data 0.003 (0.186) Batch 0.247 (0.435) Remain 00:01:02 loss: 0.2084 Lr: 0.00001
[2026-07-21 11:36:02,856 INFO misc.py line 117 10873] Train: [98/100][7/50] Data 0.003 (0.140) Batch 0.269 (0.394) Remain 00:00:56 loss: 0.2074 Lr: 0.00001
[2026-07-21 11:36:03,093 INFO misc.py line 117 10873] Train: [98/100][8/50] Data 0.002 (0.112) Batch 0.237 (0.362) Remain 00:00:51 loss: 0.1866 Lr: 0.00001
[2026-07-21 11:36:03,326 INFO misc.py line 117 10873] Train: [98/100][9/50] Data 0.003 (0.094) Batch 0.233 (0.341) Remain 00:00:48 loss: 0.1956 Lr: 0.00001
[2026-07-21 11:36:03,564 INFO misc.py line 117 10873] Train: [98/100][10/50] Data 0.003 (0.081) Batch 0.238 (0.326) Remain 00:00:45 loss: 0.1768 Lr: 0.00001
[2026-07-21 11:36:03,851 INFO misc.py line 117 10873] Train: [98/100][11/50] Data 0.003 (0.071) Batch 0.287 (0.321) Remain 00:00:44 loss: 0.1715 Lr: 0.00001
[2026-07-21 11:36:04,123 INFO misc.py line 117 10873] Train: [98/100][12/50] Data 0.004 (0.064) Batch 0.273 (0.316) Remain 00:00:43 loss: 0.2056 Lr: 0.00001
[2026-07-21 11:36:04,369 INFO misc.py line 117 10873] Train: [98/100][13/50] Data 0.002 (0.058) Batch 0.245 (0.309) Remain 00:00:42 loss: 0.2345 Lr: 0.00001
[2026-07-21 11:36:05,072 INFO misc.py line 117 10873] Train: [98/100][14/50] Data 0.464 (0.095) Batch 0.703 (0.345) Remain 00:00:46 loss: 0.2389 Lr: 0.00001
[2026-07-21 11:36:05,339 INFO misc.py line 117 10873] Train: [98/100][15/50] Data 0.004 (0.087) Batch 0.267 (0.338) Remain 00:00:45 loss: 0.2079 Lr: 0.00001
[2026-07-21 11:36:05,617 INFO misc.py line 117 10873] Train: [98/100][16/50] Data 0.003 (0.081) Batch 0.279 (0.334) Remain 00:00:44 loss: 0.1572 Lr: 0.00001
[2026-07-21 11:36:05,913 INFO misc.py line 117 10873] Train: [98/100][17/50] Data 0.012 (0.076) Batch 0.295 (0.331) Remain 00:00:43 loss: 0.2003 Lr: 0.00001
[2026-07-21 11:36:06,188 INFO misc.py line 117 10873] Train: [98/100][18/50] Data 0.005 (0.071) Batch 0.276 (0.327) Remain 00:00:43 loss: 0.1869 Lr: 0.00001
[2026-07-21 11:36:06,427 INFO misc.py line 117 10873] Train: [98/100][19/50] Data 0.003 (0.067) Batch 0.238 (0.322) Remain 00:00:42 loss: 0.1872 Lr: 0.00001
[2026-07-21 11:36:06,691 INFO misc.py line 117 10873] Train: [98/100][20/50] Data 0.004 (0.063) Batch 0.264 (0.318) Remain 00:00:41 loss: 0.3300 Lr: 0.00001
[2026-07-21 11:36:06,928 INFO misc.py line 117 10873] Train: [98/100][21/50] Data 0.003 (0.060) Batch 0.236 (0.314) Remain 00:00:40 loss: 0.1735 Lr: 0.00001
[2026-07-21 11:36:07,181 INFO misc.py line 117 10873] Train: [98/100][22/50] Data 0.005 (0.057) Batch 0.254 (0.310) Remain 00:00:39 loss: 0.1800 Lr: 0.00001
[2026-07-21 11:36:07,425 INFO misc.py line 117 10873] Train: [98/100][23/50] Data 0.003 (0.054) Batch 0.245 (0.307) Remain 00:00:39 loss: 0.1563 Lr: 0.00001
[2026-07-21 11:36:07,674 INFO misc.py line 117 10873] Train: [98/100][24/50] Data 0.002 (0.052) Batch 0.249 (0.304) Remain 00:00:38 loss: 0.2068 Lr: 0.00001
[2026-07-21 11:36:07,934 INFO misc.py line 117 10873] Train: [98/100][25/50] Data 0.002 (0.049) Batch 0.259 (0.302) Remain 00:00:37 loss: 0.2978 Lr: 0.00001
[2026-07-21 11:36:08,176 INFO misc.py line 117 10873] Train: [98/100][26/50] Data 0.003 (0.047) Batch 0.243 (0.300) Remain 00:00:37 loss: 0.1918 Lr: 0.00001
[2026-07-21 11:36:08,431 INFO misc.py line 117 10873] Train: [98/100][27/50] Data 0.002 (0.045) Batch 0.253 (0.298) Remain 00:00:36 loss: 0.1767 Lr: 0.00001
[2026-07-21 11:36:08,668 INFO misc.py line 117 10873] Train: [98/100][28/50] Data 0.005 (0.044) Batch 0.238 (0.295) Remain 00:00:36 loss: 0.1548 Lr: 0.00001
[2026-07-21 11:36:25,292 INFO misc.py line 117 10873] Train: [98/100][29/50] Data 16.397 (0.673) Batch 16.625 (0.924) Remain 00:01:51 loss: 0.1814 Lr: 0.00001
[2026-07-21 11:36:25,610 INFO misc.py line 117 10873] Train: [98/100][30/50] Data 0.077 (0.651) Batch 0.317 (0.901) Remain 00:01:48 loss: 0.1892 Lr: 0.00001
[2026-07-21 11:36:26,709 INFO misc.py line 117 10873] Train: [98/100][31/50] Data 0.888 (0.659) Batch 1.100 (0.908) Remain 00:01:48 loss: 0.1386 Lr: 0.00001
[2026-07-21 11:36:26,951 INFO misc.py line 117 10873] Train: [98/100][32/50] Data 0.001 (0.637) Batch 0.242 (0.885) Remain 00:01:44 loss: 0.2631 Lr: 0.00001
[2026-07-21 11:36:27,180 INFO misc.py line 117 10873] Train: [98/100][33/50] Data 0.001 (0.615) Batch 0.229 (0.863) Remain 00:01:41 loss: 0.2039 Lr: 0.00001
[2026-07-21 11:36:27,406 INFO misc.py line 117 10873] Train: [98/100][34/50] Data 0.001 (0.596) Batch 0.226 (0.843) Remain 00:01:37 loss: 0.1786 Lr: 0.00001
[2026-07-21 11:36:27,628 INFO misc.py line 117 10873] Train: [98/100][35/50] Data 0.001 (0.577) Batch 0.222 (0.823) Remain 00:01:34 loss: 0.1610 Lr: 0.00001
[2026-07-21 11:36:27,876 INFO misc.py line 117 10873] Train: [98/100][36/50] Data 0.001 (0.560) Batch 0.247 (0.806) Remain 00:01:31 loss: 0.1896 Lr: 0.00001
[2026-07-21 11:36:28,098 INFO misc.py line 117 10873] Train: [98/100][37/50] Data 0.002 (0.543) Batch 0.222 (0.789) Remain 00:01:29 loss: 0.1593 Lr: 0.00001
[2026-07-21 11:36:28,308 INFO misc.py line 117 10873] Train: [98/100][38/50] Data 0.001 (0.528) Batch 0.210 (0.772) Remain 00:01:26 loss: 0.2428 Lr: 0.00001
[2026-07-21 11:36:28,531 INFO misc.py line 117 10873] Train: [98/100][39/50] Data 0.001 (0.513) Batch 0.223 (0.757) Remain 00:01:24 loss: 0.2029 Lr: 0.00001
[2026-07-21 11:36:28,776 INFO misc.py line 117 10873] Train: [98/100][40/50] Data 0.001 (0.499) Batch 0.245 (0.743) Remain 00:01:21 loss: 0.2096 Lr: 0.00001
[2026-07-21 11:36:29,032 INFO misc.py line 117 10873] Train: [98/100][41/50] Data 0.001 (0.486) Batch 0.256 (0.730) Remain 00:01:19 loss: 0.1781 Lr: 0.00001
[2026-07-21 11:36:29,260 INFO misc.py line 117 10873] Train: [98/100][42/50] Data 0.001 (0.474) Batch 0.228 (0.717) Remain 00:01:17 loss: 0.1741 Lr: 0.00001
[2026-07-21 11:36:29,501 INFO misc.py line 117 10873] Train: [98/100][43/50] Data 0.001 (0.462) Batch 0.241 (0.706) Remain 00:01:15 loss: 0.1912 Lr: 0.00001
[2026-07-21 11:36:29,728 INFO misc.py line 117 10873] Train: [98/100][44/50] Data 0.001 (0.451) Batch 0.228 (0.694) Remain 00:01:13 loss: 0.1969 Lr: 0.00001
[2026-07-21 11:36:29,954 INFO misc.py line 117 10873] Train: [98/100][45/50] Data 0.001 (0.440) Batch 0.225 (0.683) Remain 00:01:11 loss: 0.1955 Lr: 0.00001
[2026-07-21 11:36:30,199 INFO misc.py line 117 10873] Train: [98/100][46/50] Data 0.001 (0.430) Batch 0.246 (0.673) Remain 00:01:09 loss: 0.2358 Lr: 0.00001
[2026-07-21 11:36:30,423 INFO misc.py line 117 10873] Train: [98/100][47/50] Data 0.001 (0.420) Batch 0.223 (0.662) Remain 00:01:08 loss: 0.1817 Lr: 0.00001
[2026-07-21 11:36:30,640 INFO misc.py line 117 10873] Train: [98/100][48/50] Data 0.001 (0.411) Batch 0.218 (0.652) Remain 00:01:06 loss: 0.2158 Lr: 0.00001
[2026-07-21 11:36:30,856 INFO misc.py line 117 10873] Train: [98/100][49/50] Data 0.001 (0.402) Batch 0.216 (0.643) Remain 00:01:04 loss: 0.1655 Lr: 0.00001
[2026-07-21 11:36:31,088 INFO misc.py line 117 10873] Train: [98/100][50/50] Data 0.001 (0.393) Batch 0.231 (0.634) Remain 00:01:03 loss: 0.2155 Lr: 0.00001
[2026-07-21 11:36:31,088 INFO misc.py line 147 10873] Train result: loss: 0.1976 
[2026-07-21 11:36:31,088 INFO evaluator.py line 169 10873] >>>>>>>>>>>>>>>> Start Evaluation (Segmentation) >>>>>>>>>>>>>>>>
[2026-07-21 11:36:39,889 INFO evaluator.py line 228 10873] Test: [1/1] Loss 0.3851 
[2026-07-21 11:36:40,160 INFO evaluator.py line 257 10873] Val result: mIoU/macroF1/mAcc/mPrecision/allAcc 0.7704/0.8541/0.8640/0.8465/0.9645.
[2026-07-21 11:36:40,161 INFO evaluator.py line 266 10873] Class_0-road Metrics: IoU=0.9610, accuracy=0.9760, precision=0.9842, F1=0.9801
[2026-07-21 11:36:40,161 INFO evaluator.py line 266 10873] Class_1-road_marking Metrics: IoU=0.6081, accuracy=0.7661, precision=0.7467, F1=0.7563
[2026-07-21 11:36:40,161 INFO evaluator.py line 266 10873] Class_2-natural Metrics: IoU=0.9579, accuracy=0.9765, precision=0.9806, F1=0.9785
[2026-07-21 11:36:40,161 INFO evaluator.py line 266 10873] Class_3-building Metrics: IoU=0.9076, accuracy=0.9616, precision=0.9418, F1=0.9516
[2026-07-21 11:36:40,161 INFO evaluator.py line 266 10873] Class_4-utility_line Metrics: IoU=0.7411, accuracy=0.8975, precision=0.8096, F1=0.8513
[2026-07-21 11:36:40,161 INFO evaluator.py line 266 10873] Class_5-pole Metrics: IoU=0.7840, accuracy=0.8357, precision=0.9268, F1=0.8789
[2026-07-21 11:36:40,161 INFO evaluator.py line 266 10873] Class_6-car Metrics: IoU=0.8593, accuracy=0.9362, precision=0.9128, F1=0.9243
[2026-07-21 11:36:40,161 INFO evaluator.py line 266 10873] Class_7-fence Metrics: IoU=0.3442, accuracy=0.5627, precision=0.4699, F1=0.5121
[2026-07-21 11:36:40,161 INFO evaluator.py line 321 10873] <<<<<<<<<<<<<<<<< End Evaluation <<<<<<<<<<<<<<<<<
[2026-07-21 11:36:40,162 INFO misc.py line 187 10873] Currently Best mIoU: 0.7851
[2026-07-21 11:36:40,162 INFO misc.py line 196 10873] Saving checkpoint to: exp/toronto3d/spunet-toronto3d/model/model_last.pth
[2026-07-21 11:37:05,807 INFO misc.py line 117 10873] Train: [99/100][1/50] Data 25.088 (25.088) Batch 25.375 (25.375) Remain 00:41:52 loss: 0.1744 Lr: 0.00001
[2026-07-21 11:37:09,677 INFO misc.py line 117 10873] Train: [99/100][2/50] Data 3.604 (3.604) Batch 3.862 (3.862) Remain 00:06:18 loss: 0.1959 Lr: 0.00001
[2026-07-21 11:37:09,979 INFO misc.py line 117 10873] Train: [99/100][3/50] Data 0.010 (0.010) Batch 0.310 (0.310) Remain 00:00:30 loss: 0.1447 Lr: 0.00001
[2026-07-21 11:37:10,254 INFO misc.py line 117 10873] Train: [99/100][4/50] Data 0.003 (0.003) Batch 0.275 (0.275) Remain 00:00:26 loss: 0.1894 Lr: 0.00001
[2026-07-21 11:37:10,593 INFO misc.py line 117 10873] Train: [99/100][5/50] Data 0.003 (0.003) Batch 0.339 (0.307) Remain 00:00:29 loss: 0.1575 Lr: 0.00001
[2026-07-21 11:37:10,871 INFO misc.py line 117 10873] Train: [99/100][6/50] Data 0.007 (0.005) Batch 0.278 (0.297) Remain 00:00:27 loss: 0.2378 Lr: 0.00001
[2026-07-21 11:37:11,101 INFO misc.py line 117 10873] Train: [99/100][7/50] Data 0.002 (0.004) Batch 0.229 (0.280) Remain 00:00:26 loss: 0.1608 Lr: 0.00001
[2026-07-21 11:37:11,357 INFO misc.py line 117 10873] Train: [99/100][8/50] Data 0.005 (0.004) Batch 0.257 (0.276) Remain 00:00:25 loss: 0.2105 Lr: 0.00001
[2026-07-21 11:37:11,590 INFO misc.py line 117 10873] Train: [99/100][9/50] Data 0.002 (0.004) Batch 0.233 (0.269) Remain 00:00:24 loss: 0.1725 Lr: 0.00001
[2026-07-21 11:37:11,894 INFO misc.py line 117 10873] Train: [99/100][10/50] Data 0.003 (0.004) Batch 0.304 (0.274) Remain 00:00:24 loss: 0.2026 Lr: 0.00001
[2026-07-21 11:37:12,142 INFO misc.py line 117 10873] Train: [99/100][11/50] Data 0.003 (0.004) Batch 0.247 (0.270) Remain 00:00:24 loss: 0.1822 Lr: 0.00001
[2026-07-21 11:37:12,374 INFO misc.py line 117 10873] Train: [99/100][12/50] Data 0.004 (0.004) Batch 0.233 (0.266) Remain 00:00:23 loss: 0.1728 Lr: 0.00001
[2026-07-21 11:37:12,612 INFO misc.py line 117 10873] Train: [99/100][13/50] Data 0.002 (0.004) Batch 0.238 (0.263) Remain 00:00:22 loss: 0.1786 Lr: 0.00001
[2026-07-21 11:37:12,879 INFO misc.py line 117 10873] Train: [99/100][14/50] Data 0.003 (0.004) Batch 0.267 (0.264) Remain 00:00:22 loss: 0.2161 Lr: 0.00001
[2026-07-21 11:37:13,119 INFO misc.py line 117 10873] Train: [99/100][15/50] Data 0.002 (0.003) Batch 0.240 (0.262) Remain 00:00:22 loss: 0.1447 Lr: 0.00001
[2026-07-21 11:37:13,353 INFO misc.py line 117 10873] Train: [99/100][16/50] Data 0.003 (0.003) Batch 0.234 (0.260) Remain 00:00:21 loss: 0.1842 Lr: 0.00001
[2026-07-21 11:37:13,597 INFO misc.py line 117 10873] Train: [99/100][17/50] Data 0.002 (0.003) Batch 0.244 (0.258) Remain 00:00:21 loss: 0.1802 Lr: 0.00001
[2026-07-21 11:37:13,831 INFO misc.py line 117 10873] Train: [99/100][18/50] Data 0.003 (0.003) Batch 0.234 (0.257) Remain 00:00:21 loss: 0.1537 Lr: 0.00001
[2026-07-21 11:37:14,066 INFO misc.py line 117 10873] Train: [99/100][19/50] Data 0.002 (0.003) Batch 0.235 (0.255) Remain 00:00:20 loss: 0.2122 Lr: 0.00001
[2026-07-21 11:37:14,336 INFO misc.py line 117 10873] Train: [99/100][20/50] Data 0.002 (0.003) Batch 0.269 (0.256) Remain 00:00:20 loss: 0.2100 Lr: 0.00000
[2026-07-21 11:37:14,604 INFO misc.py line 117 10873] Train: [99/100][21/50] Data 0.003 (0.003) Batch 0.269 (0.257) Remain 00:00:20 loss: 0.1722 Lr: 0.00000
[2026-07-21 11:37:14,851 INFO misc.py line 117 10873] Train: [99/100][22/50] Data 0.003 (0.003) Batch 0.247 (0.256) Remain 00:00:20 loss: 0.2128 Lr: 0.00000
[2026-07-21 11:37:15,116 INFO misc.py line 117 10873] Train: [99/100][23/50] Data 0.002 (0.003) Batch 0.265 (0.257) Remain 00:00:19 loss: 0.1699 Lr: 0.00000
[2026-07-21 11:37:15,357 INFO misc.py line 117 10873] Train: [99/100][24/50] Data 0.003 (0.003) Batch 0.240 (0.256) Remain 00:00:19 loss: 0.1661 Lr: 0.00000
[2026-07-21 11:37:15,606 INFO misc.py line 117 10873] Train: [99/100][25/50] Data 0.004 (0.003) Batch 0.250 (0.256) Remain 00:00:19 loss: 0.1463 Lr: 0.00000
[2026-07-21 11:37:15,857 INFO misc.py line 117 10873] Train: [99/100][26/50] Data 0.003 (0.003) Batch 0.251 (0.256) Remain 00:00:18 loss: 0.1570 Lr: 0.00000
[2026-07-21 11:37:16,115 INFO misc.py line 117 10873] Train: [99/100][27/50] Data 0.002 (0.003) Batch 0.258 (0.256) Remain 00:00:18 loss: 0.1306 Lr: 0.00000
[2026-07-21 11:37:16,369 INFO misc.py line 117 10873] Train: [99/100][28/50] Data 0.015 (0.004) Batch 0.254 (0.256) Remain 00:00:18 loss: 0.1693 Lr: 0.00000
[2026-07-21 11:37:30,720 INFO misc.py line 117 10873] Train: [99/100][29/50] Data 14.106 (0.546) Batch 14.351 (0.798) Remain 00:00:56 loss: 0.1826 Lr: 0.00000
[2026-07-21 11:37:35,773 INFO misc.py line 117 10873] Train: [99/100][30/50] Data 4.809 (0.704) Batch 5.053 (0.955) Remain 00:01:06 loss: 0.2907 Lr: 0.00000
[2026-07-21 11:37:36,007 INFO misc.py line 117 10873] Train: [99/100][31/50] Data 0.002 (0.679) Batch 0.234 (0.930) Remain 00:01:04 loss: 0.2114 Lr: 0.00000
[2026-07-21 11:37:36,252 INFO misc.py line 117 10873] Train: [99/100][32/50] Data 0.002 (0.655) Batch 0.245 (0.906) Remain 00:01:01 loss: 0.2013 Lr: 0.00000
[2026-07-21 11:37:36,492 INFO misc.py line 117 10873] Train: [99/100][33/50] Data 0.002 (0.634) Batch 0.240 (0.884) Remain 00:00:59 loss: 0.2108 Lr: 0.00000
[2026-07-21 11:37:36,720 INFO misc.py line 117 10873] Train: [99/100][34/50] Data 0.002 (0.613) Batch 0.228 (0.863) Remain 00:00:56 loss: 0.2071 Lr: 0.00000
[2026-07-21 11:37:36,946 INFO misc.py line 117 10873] Train: [99/100][35/50] Data 0.002 (0.594) Batch 0.226 (0.843) Remain 00:00:54 loss: 0.1675 Lr: 0.00000
[2026-07-21 11:37:37,163 INFO misc.py line 117 10873] Train: [99/100][36/50] Data 0.002 (0.576) Batch 0.217 (0.824) Remain 00:00:52 loss: 0.1537 Lr: 0.00000
[2026-07-21 11:37:37,391 INFO misc.py line 117 10873] Train: [99/100][37/50] Data 0.002 (0.559) Batch 0.228 (0.806) Remain 00:00:50 loss: 0.1856 Lr: 0.00000
[2026-07-21 11:37:37,614 INFO misc.py line 117 10873] Train: [99/100][38/50] Data 0.002 (0.543) Batch 0.223 (0.790) Remain 00:00:48 loss: 0.2558 Lr: 0.00000
[2026-07-21 11:37:37,863 INFO misc.py line 117 10873] Train: [99/100][39/50] Data 0.001 (0.528) Batch 0.249 (0.775) Remain 00:00:47 loss: 0.1921 Lr: 0.00000
[2026-07-21 11:37:38,104 INFO misc.py line 117 10873] Train: [99/100][40/50] Data 0.001 (0.514) Batch 0.241 (0.760) Remain 00:00:45 loss: 0.2111 Lr: 0.00000
[2026-07-21 11:37:38,328 INFO misc.py line 117 10873] Train: [99/100][41/50] Data 0.001 (0.501) Batch 0.224 (0.746) Remain 00:00:44 loss: 0.1933 Lr: 0.00000
[2026-07-21 11:37:38,540 INFO misc.py line 117 10873] Train: [99/100][42/50] Data 0.001 (0.488) Batch 0.212 (0.732) Remain 00:00:42 loss: 0.1843 Lr: 0.00000
[2026-07-21 11:37:38,761 INFO misc.py line 117 10873] Train: [99/100][43/50] Data 0.001 (0.476) Batch 0.221 (0.720) Remain 00:00:41 loss: 0.1435 Lr: 0.00000
[2026-07-21 11:37:38,984 INFO misc.py line 117 10873] Train: [99/100][44/50] Data 0.001 (0.464) Batch 0.222 (0.707) Remain 00:00:39 loss: 0.2189 Lr: 0.00000
[2026-07-21 11:37:39,233 INFO misc.py line 117 10873] Train: [99/100][45/50] Data 0.001 (0.453) Batch 0.250 (0.697) Remain 00:00:38 loss: 0.2149 Lr: 0.00000
[2026-07-21 11:37:39,488 INFO misc.py line 117 10873] Train: [99/100][46/50] Data 0.001 (0.443) Batch 0.254 (0.686) Remain 00:00:37 loss: 0.3129 Lr: 0.00000
[2026-07-21 11:37:39,714 INFO misc.py line 117 10873] Train: [99/100][47/50] Data 0.001 (0.432) Batch 0.227 (0.676) Remain 00:00:35 loss: 0.1633 Lr: 0.00000
[2026-07-21 11:37:39,937 INFO misc.py line 117 10873] Train: [99/100][48/50] Data 0.001 (0.423) Batch 0.222 (0.666) Remain 00:00:34 loss: 0.1411 Lr: 0.00000
[2026-07-21 11:37:40,179 INFO misc.py line 117 10873] Train: [99/100][49/50] Data 0.002 (0.414) Batch 0.243 (0.657) Remain 00:00:33 loss: 0.2323 Lr: 0.00000
[2026-07-21 11:37:40,397 INFO misc.py line 117 10873] Train: [99/100][50/50] Data 0.001 (0.405) Batch 0.218 (0.647) Remain 00:00:32 loss: 0.2503 Lr: 0.00000
[2026-07-21 11:37:40,398 INFO misc.py line 147 10873] Train result: loss: 0.1906 
[2026-07-21 11:37:40,398 INFO evaluator.py line 169 10873] >>>>>>>>>>>>>>>> Start Evaluation (Segmentation) >>>>>>>>>>>>>>>>
[2026-07-21 11:37:49,187 INFO evaluator.py line 228 10873] Test: [1/1] Loss 0.3855 
[2026-07-21 11:37:49,452 INFO evaluator.py line 257 10873] Val result: mIoU/macroF1/mAcc/mPrecision/allAcc 0.7701/0.8539/0.8638/0.8462/0.9645.
[2026-07-21 11:37:49,452 INFO evaluator.py line 266 10873] Class_0-road Metrics: IoU=0.9610, accuracy=0.9761, precision=0.9842, F1=0.9801
[2026-07-21 11:37:49,452 INFO evaluator.py line 266 10873] Class_1-road_marking Metrics: IoU=0.6087, accuracy=0.7659, precision=0.7478, F1=0.7567
[2026-07-21 11:37:49,452 INFO evaluator.py line 266 10873] Class_2-natural Metrics: IoU=0.9579, accuracy=0.9763, precision=0.9807, F1=0.9785
[2026-07-21 11:37:49,452 INFO evaluator.py line 266 10873] Class_3-building Metrics: IoU=0.9074, accuracy=0.9619, precision=0.9412, F1=0.9514
[2026-07-21 11:37:49,452 INFO evaluator.py line 266 10873] Class_4-utility_line Metrics: IoU=0.7411, accuracy=0.8976, precision=0.8096, F1=0.8513
[2026-07-21 11:37:49,452 INFO evaluator.py line 266 10873] Class_5-pole Metrics: IoU=0.7834, accuracy=0.8360, precision=0.9256, F1=0.8786
[2026-07-21 11:37:49,452 INFO evaluator.py line 266 10873] Class_6-car Metrics: IoU=0.8593, accuracy=0.9355, precision=0.9134, F1=0.9243
[2026-07-21 11:37:49,452 INFO evaluator.py line 266 10873] Class_7-fence Metrics: IoU=0.3422, accuracy=0.5610, precision=0.4673, F1=0.5099
[2026-07-21 11:37:49,453 INFO evaluator.py line 321 10873] <<<<<<<<<<<<<<<<< End Evaluation <<<<<<<<<<<<<<<<<
[2026-07-21 11:37:49,454 INFO misc.py line 187 10873] Currently Best mIoU: 0.7851
[2026-07-21 11:37:49,454 INFO misc.py line 196 10873] Saving checkpoint to: exp/toronto3d/spunet-toronto3d/model/model_last.pth
[2026-07-21 11:38:16,388 INFO misc.py line 117 10873] Train: [100/100][1/50] Data 25.838 (25.838) Batch 26.668 (26.668) Remain 00:21:46 loss: 0.1551 Lr: 0.00000
[2026-07-21 11:38:19,730 INFO misc.py line 117 10873] Train: [100/100][2/50] Data 3.063 (3.063) Batch 3.342 (3.342) Remain 00:02:40 loss: 0.2183 Lr: 0.00000
[2026-07-21 11:38:19,997 INFO misc.py line 117 10873] Train: [100/100][3/50] Data 0.003 (0.003) Batch 0.267 (0.267) Remain 00:00:12 loss: 0.1498 Lr: 0.00000
[2026-07-21 11:38:20,257 INFO misc.py line 117 10873] Train: [100/100][4/50] Data 0.008 (0.008) Batch 0.260 (0.260) Remain 00:00:11 loss: 0.1354 Lr: 0.00000
[2026-07-21 11:38:20,493 INFO misc.py line 117 10873] Train: [100/100][5/50] Data 0.002 (0.005) Batch 0.236 (0.248) Remain 00:00:11 loss: 0.1671 Lr: 0.00000
[2026-07-21 11:38:20,747 INFO misc.py line 117 10873] Train: [100/100][6/50] Data 0.006 (0.005) Batch 0.254 (0.250) Remain 00:00:11 loss: 0.1696 Lr: 0.00000
[2026-07-21 11:38:21,002 INFO misc.py line 117 10873] Train: [100/100][7/50] Data 0.013 (0.007) Batch 0.255 (0.251) Remain 00:00:10 loss: 0.1610 Lr: 0.00000
[2026-07-21 11:38:21,256 INFO misc.py line 117 10873] Train: [100/100][8/50] Data 0.002 (0.006) Batch 0.254 (0.252) Remain 00:00:10 loss: 0.2220 Lr: 0.00000
[2026-07-21 11:38:21,519 INFO misc.py line 117 10873] Train: [100/100][9/50] Data 0.002 (0.006) Batch 0.254 (0.252) Remain 00:00:10 loss: 0.2303 Lr: 0.00000
[2026-07-21 11:38:21,800 INFO misc.py line 117 10873] Train: [100/100][10/50] Data 0.018 (0.007) Batch 0.290 (0.258) Remain 00:00:10 loss: 0.1954 Lr: 0.00000
[2026-07-21 11:38:22,031 INFO misc.py line 117 10873] Train: [100/100][11/50] Data 0.002 (0.007) Batch 0.232 (0.254) Remain 00:00:09 loss: 0.1701 Lr: 0.00000
[2026-07-21 11:38:22,273 INFO misc.py line 117 10873] Train: [100/100][12/50] Data 0.003 (0.006) Batch 0.242 (0.253) Remain 00:00:09 loss: 0.2040 Lr: 0.00000
[2026-07-21 11:38:22,510 INFO misc.py line 117 10873] Train: [100/100][13/50] Data 0.002 (0.006) Batch 0.235 (0.251) Remain 00:00:09 loss: 0.2364 Lr: 0.00000
[2026-07-21 11:38:22,759 INFO misc.py line 117 10873] Train: [100/100][14/50] Data 0.004 (0.006) Batch 0.250 (0.251) Remain 00:00:09 loss: 0.2017 Lr: 0.00000
[2026-07-21 11:38:22,999 INFO misc.py line 117 10873] Train: [100/100][15/50] Data 0.002 (0.005) Batch 0.240 (0.250) Remain 00:00:08 loss: 0.1886 Lr: 0.00000
[2026-07-21 11:38:23,270 INFO misc.py line 117 10873] Train: [100/100][16/50] Data 0.003 (0.005) Batch 0.271 (0.252) Remain 00:00:08 loss: 0.1902 Lr: 0.00000
[2026-07-21 11:38:23,535 INFO misc.py line 117 10873] Train: [100/100][17/50] Data 0.003 (0.005) Batch 0.264 (0.253) Remain 00:00:08 loss: 0.1968 Lr: 0.00000
[2026-07-21 11:38:23,767 INFO misc.py line 117 10873] Train: [100/100][18/50] Data 0.003 (0.005) Batch 0.233 (0.251) Remain 00:00:08 loss: 0.2499 Lr: 0.00000
[2026-07-21 11:38:23,993 INFO misc.py line 117 10873] Train: [100/100][19/50] Data 0.003 (0.005) Batch 0.226 (0.250) Remain 00:00:07 loss: 0.1547 Lr: 0.00000
[2026-07-21 11:38:24,225 INFO misc.py line 117 10873] Train: [100/100][20/50] Data 0.003 (0.005) Batch 0.232 (0.249) Remain 00:00:07 loss: 0.1925 Lr: 0.00000
[2026-07-21 11:38:24,459 INFO misc.py line 117 10873] Train: [100/100][21/50] Data 0.002 (0.005) Batch 0.233 (0.248) Remain 00:00:07 loss: 0.1854 Lr: 0.00000
[2026-07-21 11:38:24,699 INFO misc.py line 117 10873] Train: [100/100][22/50] Data 0.003 (0.004) Batch 0.241 (0.247) Remain 00:00:06 loss: 0.1677 Lr: 0.00000
[2026-07-21 11:38:24,928 INFO misc.py line 117 10873] Train: [100/100][23/50] Data 0.002 (0.004) Batch 0.228 (0.247) Remain 00:00:06 loss: 0.2213 Lr: 0.00000
[2026-07-21 11:38:25,170 INFO misc.py line 117 10873] Train: [100/100][24/50] Data 0.003 (0.004) Batch 0.243 (0.246) Remain 00:00:06 loss: 0.1903 Lr: 0.00000
[2026-07-21 11:38:25,408 INFO misc.py line 117 10873] Train: [100/100][25/50] Data 0.003 (0.004) Batch 0.239 (0.246) Remain 00:00:06 loss: 0.2245 Lr: 0.00000
[2026-07-21 11:38:25,672 INFO misc.py line 117 10873] Train: [100/100][26/50] Data 0.003 (0.004) Batch 0.263 (0.247) Remain 00:00:05 loss: 0.2117 Lr: 0.00000
[2026-07-21 11:38:25,904 INFO misc.py line 117 10873] Train: [100/100][27/50] Data 0.004 (0.004) Batch 0.233 (0.246) Remain 00:00:05 loss: 0.1610 Lr: 0.00000
[2026-07-21 11:38:26,149 INFO misc.py line 117 10873] Train: [100/100][28/50] Data 0.002 (0.004) Batch 0.244 (0.246) Remain 00:00:05 loss: 0.1878 Lr: 0.00000
[2026-07-21 11:38:42,413 INFO misc.py line 117 10873] Train: [100/100][29/50] Data 16.020 (0.620) Batch 16.265 (0.862) Remain 00:00:18 loss: 0.1766 Lr: 0.00000
[2026-07-21 11:38:44,788 INFO misc.py line 117 10873] Train: [100/100][30/50] Data 2.137 (0.676) Batch 2.374 (0.918) Remain 00:00:18 loss: 0.1708 Lr: 0.00000
[2026-07-21 11:38:45,029 INFO misc.py line 117 10873] Train: [100/100][31/50] Data 0.002 (0.652) Batch 0.242 (0.894) Remain 00:00:16 loss: 0.1893 Lr: 0.00000
[2026-07-21 11:38:45,482 INFO misc.py line 117 10873] Train: [100/100][32/50] Data 0.229 (0.638) Batch 0.453 (0.879) Remain 00:00:15 loss: 0.1666 Lr: 0.00000
[2026-07-21 11:38:46,423 INFO misc.py line 117 10873] Train: [100/100][33/50] Data 0.716 (0.640) Batch 0.941 (0.881) Remain 00:00:14 loss: 0.1705 Lr: 0.00000
[2026-07-21 11:38:46,653 INFO misc.py line 117 10873] Train: [100/100][34/50] Data 0.002 (0.620) Batch 0.230 (0.860) Remain 00:00:13 loss: 0.1598 Lr: 0.00000
[2026-07-21 11:38:46,888 INFO misc.py line 117 10873] Train: [100/100][35/50] Data 0.002 (0.600) Batch 0.236 (0.840) Remain 00:00:12 loss: 0.2588 Lr: 0.00000
[2026-07-21 11:38:47,114 INFO misc.py line 117 10873] Train: [100/100][36/50] Data 0.001 (0.582) Batch 0.226 (0.822) Remain 00:00:11 loss: 0.2986 Lr: 0.00000
[2026-07-21 11:38:47,329 INFO misc.py line 117 10873] Train: [100/100][37/50] Data 0.001 (0.565) Batch 0.214 (0.804) Remain 00:00:10 loss: 0.1924 Lr: 0.00000
[2026-07-21 11:38:47,557 INFO misc.py line 117 10873] Train: [100/100][38/50] Data 0.001 (0.549) Batch 0.229 (0.787) Remain 00:00:09 loss: 0.1918 Lr: 0.00000
[2026-07-21 11:38:47,782 INFO misc.py line 117 10873] Train: [100/100][39/50] Data 0.001 (0.534) Batch 0.224 (0.772) Remain 00:00:08 loss: 0.1746 Lr: 0.00000
[2026-07-21 11:38:48,024 INFO misc.py line 117 10873] Train: [100/100][40/50] Data 0.002 (0.519) Batch 0.242 (0.757) Remain 00:00:07 loss: 0.1635 Lr: 0.00000
[2026-07-21 11:38:48,250 INFO misc.py line 117 10873] Train: [100/100][41/50] Data 0.001 (0.506) Batch 0.226 (0.744) Remain 00:00:06 loss: 0.2069 Lr: 0.00000
[2026-07-21 11:38:48,508 INFO misc.py line 117 10873] Train: [100/100][42/50] Data 0.001 (0.493) Batch 0.259 (0.731) Remain 00:00:05 loss: 0.2240 Lr: 0.00000
[2026-07-21 11:38:48,750 INFO misc.py line 117 10873] Train: [100/100][43/50] Data 0.001 (0.480) Batch 0.242 (0.719) Remain 00:00:05 loss: 0.1921 Lr: 0.00000
[2026-07-21 11:38:48,976 INFO misc.py line 117 10873] Train: [100/100][44/50] Data 0.001 (0.469) Batch 0.226 (0.707) Remain 00:00:04 loss: 0.2199 Lr: 0.00000
[2026-07-21 11:38:49,195 INFO misc.py line 117 10873] Train: [100/100][45/50] Data 0.001 (0.458) Batch 0.219 (0.695) Remain 00:00:03 loss: 0.1780 Lr: 0.00000
[2026-07-21 11:38:49,418 INFO misc.py line 117 10873] Train: [100/100][46/50] Data 0.001 (0.447) Batch 0.223 (0.684) Remain 00:00:02 loss: 0.2277 Lr: 0.00000
[2026-07-21 11:38:49,652 INFO misc.py line 117 10873] Train: [100/100][47/50] Data 0.001 (0.437) Batch 0.234 (0.674) Remain 00:00:02 loss: 0.1725 Lr: 0.00000
[2026-07-21 11:38:49,880 INFO misc.py line 117 10873] Train: [100/100][48/50] Data 0.001 (0.427) Batch 0.228 (0.664) Remain 00:00:01 loss: 0.2351 Lr: 0.00000
[2026-07-21 11:38:50,088 INFO misc.py line 117 10873] Train: [100/100][49/50] Data 0.001 (0.418) Batch 0.208 (0.654) Remain 00:00:00 loss: 0.1419 Lr: 0.00000
[2026-07-21 11:38:50,345 INFO misc.py line 117 10873] Train: [100/100][50/50] Data 0.001 (0.409) Batch 0.257 (0.646) Remain 00:00:00 loss: 0.2589 Lr: 0.00000
[2026-07-21 11:38:50,345 INFO misc.py line 147 10873] Train result: loss: 0.1942 
[2026-07-21 11:38:50,346 INFO evaluator.py line 169 10873] >>>>>>>>>>>>>>>> Start Evaluation (Segmentation) >>>>>>>>>>>>>>>>
[2026-07-21 11:38:58,832 INFO evaluator.py line 228 10873] Test: [1/1] Loss 0.3845 
[2026-07-21 11:38:59,107 INFO evaluator.py line 257 10873] Val result: mIoU/macroF1/mAcc/mPrecision/allAcc 0.7707/0.8543/0.8638/0.8470/0.9647.
[2026-07-21 11:38:59,107 INFO evaluator.py line 266 10873] Class_0-road Metrics: IoU=0.9610, accuracy=0.9760, precision=0.9842, F1=0.9801
[2026-07-21 11:38:59,107 INFO evaluator.py line 266 10873] Class_1-road_marking Metrics: IoU=0.6089, accuracy=0.7670, precision=0.7471, F1=0.7569
[2026-07-21 11:38:59,107 INFO evaluator.py line 266 10873] Class_2-natural Metrics: IoU=0.9585, accuracy=0.9772, precision=0.9805, F1=0.9788
[2026-07-21 11:38:59,108 INFO evaluator.py line 266 10873] Class_3-building Metrics: IoU=0.9077, accuracy=0.9617, precision=0.9418, F1=0.9516
[2026-07-21 11:38:59,108 INFO evaluator.py line 266 10873] Class_4-utility_line Metrics: IoU=0.7438, accuracy=0.8977, precision=0.8127, F1=0.8531
[2026-07-21 11:38:59,108 INFO evaluator.py line 266 10873] Class_5-pole Metrics: IoU=0.7834, accuracy=0.8361, precision=0.9255, F1=0.8785
[2026-07-21 11:38:59,108 INFO evaluator.py line 266 10873] Class_6-car Metrics: IoU=0.8599, accuracy=0.9337, precision=0.9158, F1=0.9247
[2026-07-21 11:38:59,108 INFO evaluator.py line 266 10873] Class_7-fence Metrics: IoU=0.3427, accuracy=0.5609, precision=0.4685, F1=0.5105
[2026-07-21 11:38:59,108 INFO evaluator.py line 321 10873] <<<<<<<<<<<<<<<<< End Evaluation <<<<<<<<<<<<<<<<<
[2026-07-21 11:38:59,109 INFO misc.py line 187 10873] Currently Best mIoU: 0.7851
[2026-07-21 11:38:59,109 INFO misc.py line 196 10873] Saving checkpoint to: exp/toronto3d/spunet-toronto3d/model/model_last.pth
[2026-07-21 11:38:59,366 INFO evaluator.py line 326 10873] Best mIoU: 0.7851
[2026-07-21 11:38:59,433 INFO misc.py line 285 10873] >>>>>>>>>>>>>>>> Start Precise Evaluation >>>>>>>>>>>>>>>>
[2026-07-21 11:38:59,707 INFO test.py line 47 10873] => Loading config ...
[2026-07-21 11:38:59,707 INFO test.py line 60 10873] => Building test dataset & dataloader ...
[2026-07-21 11:38:59,708 INFO defaults.py line 77 10873] Totally 1 x 1 samples in toronto3d test set.
[2026-07-21 11:38:59,708 INFO misc.py line 295 10873] => Testing on model_best ...
[2026-07-21 11:38:59,867 INFO test.py line 126 10873] >>>>>>>>>>>>>>>> Start Evaluation >>>>>>>>>>>>>>>>
[2026-07-21 11:40:50,725 INFO test.py line 206 10873] Test: 1/1-L002, Batch: 0/20
[2026-07-21 11:40:51,435 INFO test.py line 206 10873] Test: 1/1-L002, Batch: 1/20
[2026-07-21 11:40:52,179 INFO test.py line 206 10873] Test: 1/1-L002, Batch: 2/20
[2026-07-21 11:40:52,923 INFO test.py line 206 10873] Test: 1/1-L002, Batch: 3/20
[2026-07-21 11:40:53,693 INFO test.py line 206 10873] Test: 1/1-L002, Batch: 4/20
[2026-07-21 11:40:54,466 INFO test.py line 206 10873] Test: 1/1-L002, Batch: 5/20
[2026-07-21 11:40:55,272 INFO test.py line 206 10873] Test: 1/1-L002, Batch: 6/20
[2026-07-21 11:40:56,079 INFO test.py line 206 10873] Test: 1/1-L002, Batch: 7/20
[2026-07-21 11:40:56,921 INFO test.py line 206 10873] Test: 1/1-L002, Batch: 8/20
[2026-07-21 11:40:57,760 INFO test.py line 206 10873] Test: 1/1-L002, Batch: 9/20
[2026-07-21 11:40:58,480 INFO test.py line 206 10873] Test: 1/1-L002, Batch: 10/20
[2026-07-21 11:40:59,200 INFO test.py line 206 10873] Test: 1/1-L002, Batch: 11/20
[2026-07-21 11:40:59,946 INFO test.py line 206 10873] Test: 1/1-L002, Batch: 12/20
[2026-07-21 11:41:00,687 INFO test.py line 206 10873] Test: 1/1-L002, Batch: 13/20
[2026-07-21 11:41:01,466 INFO test.py line 206 10873] Test: 1/1-L002, Batch: 14/20
[2026-07-21 11:41:02,244 INFO test.py line 206 10873] Test: 1/1-L002, Batch: 15/20
[2026-07-21 11:41:03,050 INFO test.py line 206 10873] Test: 1/1-L002, Batch: 16/20
[2026-07-21 11:41:03,864 INFO test.py line 206 10873] Test: 1/1-L002, Batch: 17/20
[2026-07-21 11:41:04,710 INFO test.py line 206 10873] Test: 1/1-L002, Batch: 18/20
[2026-07-21 11:41:05,558 INFO test.py line 206 10873] Test: 1/1-L002, Batch: 19/20
[2026-07-21 11:41:05,651 INFO test.py line 294 10873] Test: L002 [1/1]-2687765 Batch 15.677 (15.677) Accuracy 0.9708 (0.8570) mIoU 0.7986 (0.7986)
[2026-07-21 11:41:06,045 INFO test.py line 311 10873] Syncing ...
[2026-07-21 11:41:06,045 INFO test.py line 339 10873] Val result: mIoU/mAcc/allAcc 0.7986/0.8570/0.9708
[2026-07-21 11:41:06,045 INFO test.py line 345 10873] Class_0 - road Result: iou/accuracy 0.9658/0.9854
[2026-07-21 11:41:06,045 INFO test.py line 345 10873] Class_1 - road_marking Result: iou/accuracy 0.5997/0.6815
[2026-07-21 11:41:06,045 INFO test.py line 345 10873] Class_2 - natural Result: iou/accuracy 0.9674/0.9852
[2026-07-21 11:41:06,045 INFO test.py line 345 10873] Class_3 - building Result: iou/accuracy 0.9163/0.9557
[2026-07-21 11:41:06,045 INFO test.py line 345 10873] Class_4 - utility_line Result: iou/accuracy 0.8388/0.8611
[2026-07-21 11:41:06,046 INFO test.py line 345 10873] Class_5 - pole Result: iou/accuracy 0.8069/0.8754
[2026-07-21 11:41:06,046 INFO test.py line 345 10873] Class_6 - car Result: iou/accuracy 0.9003/0.9579
[2026-07-21 11:41:06,046 INFO test.py line 345 10873] Class_7 - fence Result: iou/accuracy 0.3937/0.5534
[2026-07-21 11:41:06,046 INFO test.py line 353 10873] <<<<<<<<<<<<<<<<< End Evaluation <<<<<<<<<<<<<<<<<
